Analysis & Synthesis report for riscvpc
Wed Nov 26 17:50:19 2025
Quartus Prime Version 24.1std.0 Build 1077 03/04/2025 SC Lite Edition


---------------------
; Table of Contents ;
---------------------
  1. Legal Notice
  2. Analysis & Synthesis Summary
  3. Analysis & Synthesis Settings
  4. Parallel Compilation
  5. Analysis & Synthesis Source Files Read
  6. Analysis & Synthesis Resource Usage Summary
  7. Analysis & Synthesis Resource Utilization by Entity
  8. Analysis & Synthesis RAM Summary
  9. User-Specified and Inferred Latches
 10. Registers Removed During Synthesis
 11. General Register Statistics
 12. Registers Packed Into Inferred Megafunctions
 13. Multiplexer Restructuring Statistics (Restructuring Performed)
 14. Source assignments for vga_monitor:vga_monitor|font_renderer:font_inst|font_rom:rom_inst|altsyncram:mem_rtl_0|altsyncram_4ad1:auto_generated
 15. Parameter Settings for User Entity Instance: vga_monitor:vga_monitor|clock1280x800:vgaclock|vgaClock:clk|vgaClock_video_pll_0:video_pll_0|vgaClock_video_pll_0_video_pll:video_pll|altera_pll:altera_pll_i
 16. Parameter Settings for User Entity Instance: vga_monitor:vga_monitor|vga_controller_1280x800:ctrl
 17. Parameter Settings for Inferred Entity Instance: vga_monitor:vga_monitor|font_renderer:font_inst|font_rom:rom_inst|altsyncram:mem_rtl_0
 18. Parameter Settings for Inferred Entity Instance: vga_monitor:vga_monitor|lpm_divide:Mod0
 19. Parameter Settings for Inferred Entity Instance: vga_monitor:vga_monitor|lpm_divide:Div0
 20. altsyncram Parameter Settings by Entity Instance
 21. Port Connectivity Checks: "vga_monitor:vga_monitor|clock1280x800:vgaclock|vgaClock:clk|vgaClock_video_pll_0:video_pll_0|vgaClock_video_pll_0_video_pll:video_pll|altera_pll:altera_pll_i"
 22. Port Connectivity Checks: "vga_monitor:vga_monitor|clock1280x800:vgaclock|vgaClock:clk|vgaClock_video_pll_0:video_pll_0|vgaClock_video_pll_0_video_pll:video_pll"
 23. Port Connectivity Checks: "vga_monitor:vga_monitor|clock1280x800:vgaclock|vgaClock:clk"
 24. Port Connectivity Checks: "vga_monitor:vga_monitor"
 25. Port Connectivity Checks: "mux_mem:wb_mux"
 26. Port Connectivity Checks: "control_unit:control_unit"
 27. Post-Synthesis Netlist Statistics for Top Partition
 28. Elapsed Time Per Partition
 29. Analysis & Synthesis Messages
 30. Analysis & Synthesis Suppressed Messages



----------------
; Legal Notice ;
----------------
Copyright (C) 2025  Altera Corporation. All rights reserved.
Your use of Altera Corporation's design tools, logic functions 
and other software and tools, and any partner logic 
functions, and any output files from any of the foregoing 
(including device programming or simulation files), and any 
associated documentation or information are expressly subject 
to the terms and conditions of the Altera Program License 
Subscription Agreement, the Altera Quartus Prime License Agreement,
the Altera IP License Agreement, or other applicable license
agreement, including, without limitation, that your use is for
the sole purpose of programming logic devices manufactured by
Altera and sold by Altera or its authorized distributors.  Please
refer to the Altera Software License Subscription Agreements 
on the Quartus Prime software download page.



+-----------------------------------------------------------------------------------+
; Analysis & Synthesis Summary                                                      ;
+---------------------------------+-------------------------------------------------+
; Analysis & Synthesis Status     ; Successful - Wed Nov 26 17:50:18 2025           ;
; Quartus Prime Version           ; 24.1std.0 Build 1077 03/04/2025 SC Lite Edition ;
; Revision Name                   ; riscvpc                                         ;
; Top-level Entity Name           ; cpu_top                                         ;
; Family                          ; Cyclone V                                       ;
; Logic utilization (in ALMs)     ; N/A                                             ;
; Total registers                 ; 6752                                            ;
; Total pins                      ; 73                                              ;
; Total virtual pins              ; 0                                               ;
; Total block memory bits         ; 16,384                                          ;
; Total DSP Blocks                ; 0                                               ;
; Total HSSI RX PCSs              ; 0                                               ;
; Total HSSI PMA RX Deserializers ; 0                                               ;
; Total HSSI TX PCSs              ; 0                                               ;
; Total HSSI PMA TX Serializers   ; 0                                               ;
; Total PLLs                      ; 1                                               ;
; Total DLLs                      ; 0                                               ;
+---------------------------------+-------------------------------------------------+


+---------------------------------------------------------------------------------------------------------------------------+
; Analysis & Synthesis Settings                                                                                             ;
+---------------------------------------------------------------------------------+--------------------+--------------------+
; Option                                                                          ; Setting            ; Default Value      ;
+---------------------------------------------------------------------------------+--------------------+--------------------+
; Device                                                                          ; 5CSEMA5F31C6       ;                    ;
; Top-level entity name                                                           ; cpu_top            ; riscvpc            ;
; Family name                                                                     ; Cyclone V          ; Cyclone V          ;
; Use smart compilation                                                           ; Off                ; Off                ;
; Enable parallel Assembler and Timing Analyzer during compilation                ; On                 ; On                 ;
; Enable compact report table                                                     ; Off                ; Off                ;
; Restructure Multiplexers                                                        ; Auto               ; Auto               ;
; MLAB Add Timing Constraints For Mixed-Port Feed-Through Mode Setting Don't Care ; Off                ; Off                ;
; Create Debugging Nodes for IP Cores                                             ; Off                ; Off                ;
; Preserve fewer node names                                                       ; On                 ; On                 ;
; Intel FPGA IP Evaluation Mode                                                   ; Enable             ; Enable             ;
; Verilog Version                                                                 ; Verilog_2001       ; Verilog_2001       ;
; VHDL Version                                                                    ; VHDL_1993          ; VHDL_1993          ;
; State Machine Processing                                                        ; Auto               ; Auto               ;
; Safe State Machine                                                              ; Off                ; Off                ;
; Extract Verilog State Machines                                                  ; On                 ; On                 ;
; Extract VHDL State Machines                                                     ; On                 ; On                 ;
; Ignore Verilog initial constructs                                               ; Off                ; Off                ;
; Iteration limit for constant Verilog loops                                      ; 5000               ; 5000               ;
; Iteration limit for non-constant Verilog loops                                  ; 250                ; 250                ;
; Add Pass-Through Logic to Inferred RAMs                                         ; On                 ; On                 ;
; Infer RAMs from Raw Logic                                                       ; On                 ; On                 ;
; Parallel Synthesis                                                              ; On                 ; On                 ;
; DSP Block Balancing                                                             ; Auto               ; Auto               ;
; NOT Gate Push-Back                                                              ; On                 ; On                 ;
; Power-Up Don't Care                                                             ; On                 ; On                 ;
; Remove Redundant Logic Cells                                                    ; Off                ; Off                ;
; Remove Duplicate Registers                                                      ; On                 ; On                 ;
; Ignore CARRY Buffers                                                            ; Off                ; Off                ;
; Ignore CASCADE Buffers                                                          ; Off                ; Off                ;
; Ignore GLOBAL Buffers                                                           ; Off                ; Off                ;
; Ignore ROW GLOBAL Buffers                                                       ; Off                ; Off                ;
; Ignore LCELL Buffers                                                            ; Off                ; Off                ;
; Ignore SOFT Buffers                                                             ; On                 ; On                 ;
; Limit AHDL Integers to 32 Bits                                                  ; Off                ; Off                ;
; Optimization Technique                                                          ; Balanced           ; Balanced           ;
; Carry Chain Length                                                              ; 70                 ; 70                 ;
; Auto Carry Chains                                                               ; On                 ; On                 ;
; Auto Open-Drain Pins                                                            ; On                 ; On                 ;
; Perform WYSIWYG Primitive Resynthesis                                           ; Off                ; Off                ;
; Auto ROM Replacement                                                            ; On                 ; On                 ;
; Auto RAM Replacement                                                            ; On                 ; On                 ;
; Auto DSP Block Replacement                                                      ; On                 ; On                 ;
; Auto Shift Register Replacement                                                 ; Auto               ; Auto               ;
; Allow Shift Register Merging across Hierarchies                                 ; Auto               ; Auto               ;
; Auto Clock Enable Replacement                                                   ; On                 ; On                 ;
; Strict RAM Replacement                                                          ; Off                ; Off                ;
; Allow Synchronous Control Signals                                               ; On                 ; On                 ;
; Force Use of Synchronous Clear Signals                                          ; Off                ; Off                ;
; Auto Resource Sharing                                                           ; Off                ; Off                ;
; Allow Any RAM Size For Recognition                                              ; Off                ; Off                ;
; Allow Any ROM Size For Recognition                                              ; Off                ; Off                ;
; Allow Any Shift Register Size For Recognition                                   ; Off                ; Off                ;
; Use LogicLock Constraints during Resource Balancing                             ; On                 ; On                 ;
; Ignore translate_off and synthesis_off directives                               ; Off                ; Off                ;
; Timing-Driven Synthesis                                                         ; On                 ; On                 ;
; Report Parameter Settings                                                       ; On                 ; On                 ;
; Report Source Assignments                                                       ; On                 ; On                 ;
; Report Connectivity Checks                                                      ; On                 ; On                 ;
; Ignore Maximum Fan-Out Assignments                                              ; Off                ; Off                ;
; Synchronization Register Chain Length                                           ; 3                  ; 3                  ;
; Power Optimization During Synthesis                                             ; Normal compilation ; Normal compilation ;
; HDL message level                                                               ; Level2             ; Level2             ;
; Suppress Register Optimization Related Messages                                 ; Off                ; Off                ;
; Number of Removed Registers Reported in Synthesis Report                        ; 5000               ; 5000               ;
; Number of Swept Nodes Reported in Synthesis Report                              ; 5000               ; 5000               ;
; Number of Inverted Registers Reported in Synthesis Report                       ; 100                ; 100                ;
; Clock MUX Protection                                                            ; On                 ; On                 ;
; Auto Gated Clock Conversion                                                     ; Off                ; Off                ;
; Block Design Naming                                                             ; Auto               ; Auto               ;
; SDC constraint protection                                                       ; Off                ; Off                ;
; Synthesis Effort                                                                ; Auto               ; Auto               ;
; Shift Register Replacement - Allow Asynchronous Clear Signal                    ; On                 ; On                 ;
; Pre-Mapping Resynthesis Optimization                                            ; Off                ; Off                ;
; Analysis & Synthesis Message Level                                              ; Medium             ; Medium             ;
; Disable Register Merging Across Hierarchies                                     ; Auto               ; Auto               ;
; Resource Aware Inference For Block RAM                                          ; On                 ; On                 ;
; Automatic Parallel Synthesis                                                    ; On                 ; On                 ;
; Partial Reconfiguration Bitstream ID                                            ; Off                ; Off                ;
+---------------------------------------------------------------------------------+--------------------+--------------------+


+------------------------------------------+
; Parallel Compilation                     ;
+----------------------------+-------------+
; Processors                 ; Number      ;
+----------------------------+-------------+
; Number detected on machine ; 16          ;
; Maximum allowed            ; 16          ;
;                            ;             ;
; Average used               ; 5.79        ;
; Maximum used               ; 16          ;
;                            ;             ;
; Usage by Processor         ; % Time Used ;
;     Processor 1            ; 100.0%      ;
;     Processor 2            ;  41.6%      ;
;     Processor 3            ;  36.2%      ;
;     Processor 4            ;  36.2%      ;
;     Processor 5            ;  31.1%      ;
;     Processor 6            ;  31.1%      ;
;     Processor 7            ;  31.1%      ;
;     Processor 8            ;  31.0%      ;
;     Processor 9            ;  31.0%      ;
;     Processor 10           ;  31.0%      ;
;     Processor 11           ;  31.0%      ;
;     Processor 12           ;  31.0%      ;
;     Processor 13           ;  29.9%      ;
;     Processor 14           ;  29.9%      ;
;     Processor 15           ;  29.3%      ;
;     Processor 16           ;  28.0%      ;
+----------------------------+-------------+


+----------------------------------------------------------------------------------------------------------------------------------------------------------------------------------------------------------------------------------------------------------------------------------------------------------------+
; Analysis & Synthesis Source Files Read                                                                                                                                                                                                                                                                         ;
+---------------------------------------------------------------------------+-----------------+-------------------------------------------------------+------------------------------------------------------------------------------------------------------------------------------------------------+---------+
; File Name with User-Entered Path                                          ; Used in Netlist ; File Type                                             ; File Name with Absolute Path                                                                                                                   ; Library ;
+---------------------------------------------------------------------------+-----------------+-------------------------------------------------------+------------------------------------------------------------------------------------------------------------------------------------------------+---------+
; control_unit.sv                                                           ; yes             ; User SystemVerilog HDL File                           ; C:/Users/jucac/Desktop/Universidad/Arquitectura/Processor1/Processor/control_unit.sv                                                           ;         ;
; program_memory.sv                                                         ; yes             ; User SystemVerilog HDL File                           ; C:/Users/jucac/Desktop/Universidad/Arquitectura/Processor1/Processor/program_memory.sv                                                         ;         ;
; cpu_top.sv                                                                ; yes             ; User SystemVerilog HDL File                           ; C:/Users/jucac/Desktop/Universidad/Arquitectura/Processor1/Processor/cpu_top.sv                                                                ;         ;
; vgaClock/synthesis/submodules/vgaClock_video_pll_0_video_pll.v            ; yes             ; User Verilog HDL File                                 ; C:/Users/jucac/Desktop/Universidad/Arquitectura/Processor1/Processor/vgaClock/synthesis/submodules/vgaClock_video_pll_0_video_pll.v            ;         ;
; vgaClock/synthesis/submodules/vgaClock_video_pll_0.v                      ; yes             ; User Verilog HDL File                                 ; C:/Users/jucac/Desktop/Universidad/Arquitectura/Processor1/Processor/vgaClock/synthesis/submodules/vgaClock_video_pll_0.v                      ;         ;
; vgaClock/synthesis/submodules/altera_up_avalon_reset_from_locked_signal.v ; yes             ; User Verilog HDL File                                 ; C:/Users/jucac/Desktop/Universidad/Arquitectura/Processor1/Processor/vgaClock/synthesis/submodules/altera_up_avalon_reset_from_locked_signal.v ;         ;
; vgaClock/synthesis/vgaClock.v                                             ; yes             ; User Verilog HDL File                                 ; C:/Users/jucac/Desktop/Universidad/Arquitectura/Processor1/Processor/vgaClock/synthesis/vgaClock.v                                             ;         ;
; pc.sv                                                                     ; yes             ; User SystemVerilog HDL File                           ; C:/Users/jucac/Desktop/Universidad/Arquitectura/Processor1/Processor/pc.sv                                                                     ;         ;
; hex7seg.sv                                                                ; yes             ; User SystemVerilog HDL File                           ; C:/Users/jucac/Desktop/Universidad/Arquitectura/Processor1/Processor/hex7seg.sv                                                                ;         ;
; register_unit.sv                                                          ; yes             ; User SystemVerilog HDL File                           ; C:/Users/jucac/Desktop/Universidad/Arquitectura/Processor1/Processor/register_unit.sv                                                          ;         ;
; alu.sv                                                                    ; yes             ; User SystemVerilog HDL File                           ; C:/Users/jucac/Desktop/Universidad/Arquitectura/Processor1/Processor/alu.sv                                                                    ;         ;
; instruction_memory.sv                                                     ; yes             ; User SystemVerilog HDL File                           ; C:/Users/jucac/Desktop/Universidad/Arquitectura/Processor1/Processor/instruction_memory.sv                                                     ;         ;
; imm_generator.sv                                                          ; yes             ; User SystemVerilog HDL File                           ; C:/Users/jucac/Desktop/Universidad/Arquitectura/Processor1/Processor/imm_generator.sv                                                          ;         ;
; mux2_1.sv                                                                 ; yes             ; User SystemVerilog HDL File                           ; C:/Users/jucac/Desktop/Universidad/Arquitectura/Processor1/Processor/mux2_1.sv                                                                 ;         ;
; mux_mem.sv                                                                ; yes             ; User SystemVerilog HDL File                           ; C:/Users/jucac/Desktop/Universidad/Arquitectura/Processor1/Processor/mux_mem.sv                                                                ;         ;
; font_rom.sv                                                               ; yes             ; User SystemVerilog HDL File                           ; C:/Users/jucac/Desktop/Universidad/Arquitectura/Processor1/Processor/font_rom.sv                                                               ;         ;
; color.sv                                                                  ; yes             ; User SystemVerilog HDL File                           ; C:/Users/jucac/Desktop/Universidad/Arquitectura/Processor1/Processor/color.sv                                                                  ;         ;
; font_renderer.sv                                                          ; yes             ; User SystemVerilog HDL File                           ; C:/Users/jucac/Desktop/Universidad/Arquitectura/Processor1/Processor/font_renderer.sv                                                          ;         ;
; branch_unit.sv                                                            ; yes             ; User SystemVerilog HDL File                           ; C:/Users/jucac/Desktop/Universidad/Arquitectura/Processor1/Processor/branch_unit.sv                                                            ;         ;
; program.bin                                                               ; yes             ; Auto-Found Unspecified File                           ; C:/Users/jucac/Desktop/Universidad/Arquitectura/Processor1/Processor/program.bin                                                               ;         ;
; memory.hex                                                                ; yes             ; Auto-Found Hexadecimal (Intel-Format) File            ; C:/Users/jucac/Desktop/Universidad/Arquitectura/Processor1/Processor/memory.hex                                                                ;         ;
; altera_pll.v                                                              ; yes             ; Megafunction                                          ; c:/intelfpga_lite/24.1std/quartus/libraries/megafunctions/altera_pll.v                                                                         ;         ;
; altsyncram.tdf                                                            ; yes             ; Megafunction                                          ; c:/intelfpga_lite/24.1std/quartus/libraries/megafunctions/altsyncram.tdf                                                                       ;         ;
; stratix_ram_block.inc                                                     ; yes             ; Megafunction                                          ; c:/intelfpga_lite/24.1std/quartus/libraries/megafunctions/stratix_ram_block.inc                                                                ;         ;
; lpm_mux.inc                                                               ; yes             ; Megafunction                                          ; c:/intelfpga_lite/24.1std/quartus/libraries/megafunctions/lpm_mux.inc                                                                          ;         ;
; lpm_decode.inc                                                            ; yes             ; Megafunction                                          ; c:/intelfpga_lite/24.1std/quartus/libraries/megafunctions/lpm_decode.inc                                                                       ;         ;
; aglobal241.inc                                                            ; yes             ; Megafunction                                          ; c:/intelfpga_lite/24.1std/quartus/libraries/megafunctions/aglobal241.inc                                                                       ;         ;
; a_rdenreg.inc                                                             ; yes             ; Megafunction                                          ; c:/intelfpga_lite/24.1std/quartus/libraries/megafunctions/a_rdenreg.inc                                                                        ;         ;
; altrom.inc                                                                ; yes             ; Megafunction                                          ; c:/intelfpga_lite/24.1std/quartus/libraries/megafunctions/altrom.inc                                                                           ;         ;
; altram.inc                                                                ; yes             ; Megafunction                                          ; c:/intelfpga_lite/24.1std/quartus/libraries/megafunctions/altram.inc                                                                           ;         ;
; altdpram.inc                                                              ; yes             ; Megafunction                                          ; c:/intelfpga_lite/24.1std/quartus/libraries/megafunctions/altdpram.inc                                                                         ;         ;
; db/altsyncram_4ad1.tdf                                                    ; yes             ; Auto-Generated Megafunction                           ; C:/Users/jucac/Desktop/Universidad/Arquitectura/Processor1/Processor/db/altsyncram_4ad1.tdf                                                    ;         ;
; db/riscvpc.ram0_font_rom_e26a0106.hdl.mif                                 ; yes             ; Auto-Generated Auto-Found Memory Initialization File  ; C:/Users/jucac/Desktop/Universidad/Arquitectura/Processor1/Processor/db/riscvpc.ram0_font_rom_e26a0106.hdl.mif                                 ;         ;
; lpm_divide.tdf                                                            ; yes             ; Megafunction                                          ; c:/intelfpga_lite/24.1std/quartus/libraries/megafunctions/lpm_divide.tdf                                                                       ;         ;
; abs_divider.inc                                                           ; yes             ; Megafunction                                          ; c:/intelfpga_lite/24.1std/quartus/libraries/megafunctions/abs_divider.inc                                                                      ;         ;
; sign_div_unsign.inc                                                       ; yes             ; Megafunction                                          ; c:/intelfpga_lite/24.1std/quartus/libraries/megafunctions/sign_div_unsign.inc                                                                  ;         ;
; db/lpm_divide_m3m.tdf                                                     ; yes             ; Auto-Generated Megafunction                           ; C:/Users/jucac/Desktop/Universidad/Arquitectura/Processor1/Processor/db/lpm_divide_m3m.tdf                                                     ;         ;
; db/sign_div_unsign_plh.tdf                                                ; yes             ; Auto-Generated Megafunction                           ; C:/Users/jucac/Desktop/Universidad/Arquitectura/Processor1/Processor/db/sign_div_unsign_plh.tdf                                                ;         ;
; db/alt_u_div_ove.tdf                                                      ; yes             ; Auto-Generated Megafunction                           ; C:/Users/jucac/Desktop/Universidad/Arquitectura/Processor1/Processor/db/alt_u_div_ove.tdf                                                      ;         ;
; db/lpm_divide_jbm.tdf                                                     ; yes             ; Auto-Generated Megafunction                           ; C:/Users/jucac/Desktop/Universidad/Arquitectura/Processor1/Processor/db/lpm_divide_jbm.tdf                                                     ;         ;
+---------------------------------------------------------------------------+-----------------+-------------------------------------------------------+------------------------------------------------------------------------------------------------------------------------------------------------+---------+


+----------------------------------------------------------------------------------------------------------------------------------------------------------------------------------------------------------------------------+
; Analysis & Synthesis Resource Usage Summary                                                                                                                                                                                ;
+---------------------------------------------+------------------------------------------------------------------------------------------------------------------------------------------------------------------------------+
; Resource                                    ; Usage                                                                                                                                                                        ;
+---------------------------------------------+------------------------------------------------------------------------------------------------------------------------------------------------------------------------------+
; Estimate of Logic utilization (ALMs needed) ; 8320                                                                                                                                                                         ;
;                                             ;                                                                                                                                                                              ;
; Combinational ALUT usage for logic          ; 11275                                                                                                                                                                        ;
;     -- 7 input functions                    ; 345                                                                                                                                                                          ;
;     -- 6 input functions                    ; 4722                                                                                                                                                                         ;
;     -- 5 input functions                    ; 1030                                                                                                                                                                         ;
;     -- 4 input functions                    ; 1690                                                                                                                                                                         ;
;     -- <=3 input functions                  ; 3488                                                                                                                                                                         ;
;                                             ;                                                                                                                                                                              ;
; Dedicated logic registers                   ; 6752                                                                                                                                                                         ;
;                                             ;                                                                                                                                                                              ;
; I/O pins                                    ; 73                                                                                                                                                                           ;
; Total MLAB memory bits                      ; 0                                                                                                                                                                            ;
; Total block memory bits                     ; 16384                                                                                                                                                                        ;
;                                             ;                                                                                                                                                                              ;
; Total DSP Blocks                            ; 0                                                                                                                                                                            ;
;                                             ;                                                                                                                                                                              ;
; Total PLLs                                  ; 2                                                                                                                                                                            ;
;     -- PLLs                                 ; 2                                                                                                                                                                            ;
;                                             ;                                                                                                                                                                              ;
; Maximum fan-out node                        ; vga_monitor:vga_monitor|clock1280x800:vgaclock|vgaClock:clk|vgaClock_video_pll_0:video_pll_0|vgaClock_video_pll_0_video_pll:video_pll|altera_pll:altera_pll_i|outclk_wire[1] ;
; Maximum fan-out                             ; 4683                                                                                                                                                                         ;
; Total fan-out                               ; 69054                                                                                                                                                                        ;
; Average fan-out                             ; 3.80                                                                                                                                                                         ;
+---------------------------------------------+------------------------------------------------------------------------------------------------------------------------------------------------------------------------------+


+---------------------------------------------------------------------------------------------------------------------------------------------------------------------------------------------------------------------------------------------------------------------------------------------------------------------------------------------------------------------------------------------+
; Analysis & Synthesis Resource Utilization by Entity                                                                                                                                                                                                                                                                                                                                         ;
+-----------------------------------------------------------+---------------------+---------------------------+-------------------+------------+------+--------------+------------------------------------------------------------------------------------------------------------------------------------------------------------------------+--------------------------------+--------------+
; Compilation Hierarchy Node                                ; Combinational ALUTs ; Dedicated Logic Registers ; Block Memory Bits ; DSP Blocks ; Pins ; Virtual Pins ; Full Hierarchy Name                                                                                                                                                    ; Entity Name                    ; Library Name ;
+-----------------------------------------------------------+---------------------+---------------------------+-------------------+------------+------+--------------+------------------------------------------------------------------------------------------------------------------------------------------------------------------------+--------------------------------+--------------+
; |cpu_top                                                  ; 11275 (35)          ; 6752 (0)                  ; 16384             ; 0          ; 73   ; 0            ; |cpu_top                                                                                                                                                               ; cpu_top                        ; work         ;
;    |alu:alu_unit|                                         ; 402 (402)           ; 0 (0)                     ; 0                 ; 0          ; 0    ; 0            ; |cpu_top|alu:alu_unit                                                                                                                                                  ; alu                            ; work         ;
;    |control_unit:control_unit|                            ; 46 (46)             ; 0 (0)                     ; 0                 ; 0          ; 0    ; 0            ; |cpu_top|control_unit:control_unit                                                                                                                                     ; control_unit                   ; work         ;
;    |data_memory:data_mem|                                 ; 3795 (3795)         ; 1024 (1024)               ; 0                 ; 0          ; 0    ; 0            ; |cpu_top|data_memory:data_mem                                                                                                                                          ; data_memory                    ; work         ;
;    |hex7seg:seg_display0|                                 ; 7 (7)               ; 0 (0)                     ; 0                 ; 0          ; 0    ; 0            ; |cpu_top|hex7seg:seg_display0                                                                                                                                          ; hex7seg                        ; work         ;
;    |hex7seg:seg_display1|                                 ; 7 (7)               ; 0 (0)                     ; 0                 ; 0          ; 0    ; 0            ; |cpu_top|hex7seg:seg_display1                                                                                                                                          ; hex7seg                        ; work         ;
;    |hex7seg:seg_display2|                                 ; 7 (7)               ; 0 (0)                     ; 0                 ; 0          ; 0    ; 0            ; |cpu_top|hex7seg:seg_display2                                                                                                                                          ; hex7seg                        ; work         ;
;    |hex7seg:seg_display3|                                 ; 7 (7)               ; 0 (0)                     ; 0                 ; 0          ; 0    ; 0            ; |cpu_top|hex7seg:seg_display3                                                                                                                                          ; hex7seg                        ; work         ;
;    |immediate_generator:imm_gen|                          ; 43 (43)             ; 0 (0)                     ; 0                 ; 0          ; 0    ; 0            ; |cpu_top|immediate_generator:imm_gen                                                                                                                                   ; immediate_generator            ; work         ;
;    |instruction_memory:instr_mem|                         ; 83 (83)             ; 0 (0)                     ; 0                 ; 0          ; 0    ; 0            ; |cpu_top|instruction_memory:instr_mem                                                                                                                                  ; instruction_memory             ; work         ;
;    |mux2_1:A_Mux|                                         ; 359 (359)           ; 0 (0)                     ; 0                 ; 0          ; 0    ; 0            ; |cpu_top|mux2_1:A_Mux                                                                                                                                                  ; mux2_1                         ; work         ;
;    |mux2_1:B_mux|                                         ; 60 (60)             ; 0 (0)                     ; 0                 ; 0          ; 0    ; 0            ; |cpu_top|mux2_1:B_mux                                                                                                                                                  ; mux2_1                         ; work         ;
;    |mux_mem:wb_mux|                                       ; 63 (63)             ; 0 (0)                     ; 0                 ; 0          ; 0    ; 0            ; |cpu_top|mux_mem:wb_mux                                                                                                                                                ; mux_mem                        ; work         ;
;    |pc:pc_unit|                                           ; 30 (30)             ; 30 (30)                   ; 0                 ; 0          ; 0    ; 0            ; |cpu_top|pc:pc_unit                                                                                                                                                    ; pc                             ; work         ;
;    |register_unit:reg_file|                               ; 397 (397)           ; 1024 (1024)               ; 0                 ; 0          ; 0    ; 0            ; |cpu_top|register_unit:reg_file                                                                                                                                        ; register_unit                  ; work         ;
;    |vga_monitor:vga_monitor|                              ; 5934 (5651)         ; 4674 (4653)               ; 16384             ; 0          ; 0    ; 0            ; |cpu_top|vga_monitor:vga_monitor                                                                                                                                       ; vga_monitor                    ; work         ;
;       |clock1280x800:vgaclock|                            ; 0 (0)               ; 0 (0)                     ; 0                 ; 0          ; 0    ; 0            ; |cpu_top|vga_monitor:vga_monitor|clock1280x800:vgaclock                                                                                                                ; clock1280x800                  ; work         ;
;          |vgaClock:clk|                                   ; 0 (0)               ; 0 (0)                     ; 0                 ; 0          ; 0    ; 0            ; |cpu_top|vga_monitor:vga_monitor|clock1280x800:vgaclock|vgaClock:clk                                                                                                   ; vgaClock                       ; work         ;
;             |vgaClock_video_pll_0:video_pll_0|            ; 0 (0)               ; 0 (0)                     ; 0                 ; 0          ; 0    ; 0            ; |cpu_top|vga_monitor:vga_monitor|clock1280x800:vgaclock|vgaClock:clk|vgaClock_video_pll_0:video_pll_0                                                                  ; vgaClock_video_pll_0           ; work         ;
;                |vgaClock_video_pll_0_video_pll:video_pll| ; 0 (0)               ; 0 (0)                     ; 0                 ; 0          ; 0    ; 0            ; |cpu_top|vga_monitor:vga_monitor|clock1280x800:vgaclock|vgaClock:clk|vgaClock_video_pll_0:video_pll_0|vgaClock_video_pll_0_video_pll:video_pll                         ; vgaClock_video_pll_0_video_pll ; work         ;
;                   |altera_pll:altera_pll_i|               ; 0 (0)               ; 0 (0)                     ; 0                 ; 0          ; 0    ; 0            ; |cpu_top|vga_monitor:vga_monitor|clock1280x800:vgaclock|vgaClock:clk|vgaClock_video_pll_0:video_pll_0|vgaClock_video_pll_0_video_pll:video_pll|altera_pll:altera_pll_i ; altera_pll                     ; work         ;
;       |font_renderer:font_inst|                           ; 2 (2)               ; 0 (0)                     ; 16384             ; 0          ; 0    ; 0            ; |cpu_top|vga_monitor:vga_monitor|font_renderer:font_inst                                                                                                               ; font_renderer                  ; work         ;
;          |font_rom:rom_inst|                              ; 0 (0)               ; 0 (0)                     ; 16384             ; 0          ; 0    ; 0            ; |cpu_top|vga_monitor:vga_monitor|font_renderer:font_inst|font_rom:rom_inst                                                                                             ; font_rom                       ; work         ;
;             |altsyncram:mem_rtl_0|                        ; 0 (0)               ; 0 (0)                     ; 16384             ; 0          ; 0    ; 0            ; |cpu_top|vga_monitor:vga_monitor|font_renderer:font_inst|font_rom:rom_inst|altsyncram:mem_rtl_0                                                                        ; altsyncram                     ; work         ;
;                |altsyncram_4ad1:auto_generated|           ; 0 (0)               ; 0 (0)                     ; 16384             ; 0          ; 0    ; 0            ; |cpu_top|vga_monitor:vga_monitor|font_renderer:font_inst|font_rom:rom_inst|altsyncram:mem_rtl_0|altsyncram_4ad1:auto_generated                                         ; altsyncram_4ad1                ; work         ;
;       |lpm_divide:Div0|                                   ; 125 (0)             ; 0 (0)                     ; 0                 ; 0          ; 0    ; 0            ; |cpu_top|vga_monitor:vga_monitor|lpm_divide:Div0                                                                                                                       ; lpm_divide                     ; work         ;
;          |lpm_divide_jbm:auto_generated|                  ; 125 (0)             ; 0 (0)                     ; 0                 ; 0          ; 0    ; 0            ; |cpu_top|vga_monitor:vga_monitor|lpm_divide:Div0|lpm_divide_jbm:auto_generated                                                                                         ; lpm_divide_jbm                 ; work         ;
;             |sign_div_unsign_plh:divider|                 ; 125 (0)             ; 0 (0)                     ; 0                 ; 0          ; 0    ; 0            ; |cpu_top|vga_monitor:vga_monitor|lpm_divide:Div0|lpm_divide_jbm:auto_generated|sign_div_unsign_plh:divider                                                             ; sign_div_unsign_plh            ; work         ;
;                |alt_u_div_ove:divider|                    ; 125 (125)           ; 0 (0)                     ; 0                 ; 0          ; 0    ; 0            ; |cpu_top|vga_monitor:vga_monitor|lpm_divide:Div0|lpm_divide_jbm:auto_generated|sign_div_unsign_plh:divider|alt_u_div_ove:divider                                       ; alt_u_div_ove                  ; work         ;
;       |lpm_divide:Mod0|                                   ; 126 (0)             ; 0 (0)                     ; 0                 ; 0          ; 0    ; 0            ; |cpu_top|vga_monitor:vga_monitor|lpm_divide:Mod0                                                                                                                       ; lpm_divide                     ; work         ;
;          |lpm_divide_m3m:auto_generated|                  ; 126 (0)             ; 0 (0)                     ; 0                 ; 0          ; 0    ; 0            ; |cpu_top|vga_monitor:vga_monitor|lpm_divide:Mod0|lpm_divide_m3m:auto_generated                                                                                         ; lpm_divide_m3m                 ; work         ;
;             |sign_div_unsign_plh:divider|                 ; 126 (0)             ; 0 (0)                     ; 0                 ; 0          ; 0    ; 0            ; |cpu_top|vga_monitor:vga_monitor|lpm_divide:Mod0|lpm_divide_m3m:auto_generated|sign_div_unsign_plh:divider                                                             ; sign_div_unsign_plh            ; work         ;
;                |alt_u_div_ove:divider|                    ; 126 (126)           ; 0 (0)                     ; 0                 ; 0          ; 0    ; 0            ; |cpu_top|vga_monitor:vga_monitor|lpm_divide:Mod0|lpm_divide_m3m:auto_generated|sign_div_unsign_plh:divider|alt_u_div_ove:divider                                       ; alt_u_div_ove                  ; work         ;
;       |vga_controller_1280x800:ctrl|                      ; 30 (30)             ; 21 (21)                   ; 0                 ; 0          ; 0    ; 0            ; |cpu_top|vga_monitor:vga_monitor|vga_controller_1280x800:ctrl                                                                                                          ; vga_controller_1280x800        ; work         ;
+-----------------------------------------------------------+---------------------+---------------------------+-------------------+------------+------+--------------+------------------------------------------------------------------------------------------------------------------------------------------------------------------------+--------------------------------+--------------+
Note: For table entries with two numbers listed, the numbers in parentheses indicate the number of resources of the given type used by the specific entity alone. The numbers listed outside of parentheses indicate the total resources of the given type used by the specific entity and all of its sub-entities in the hierarchy.


+----------------------------------------------------------------------------------------------------------------------------------------------------------------------------------------------------------------------------------------------------------------+
; Analysis & Synthesis RAM Summary                                                                                                                                                                                                                               ;
+----------------------------------------------------------------------------------------------------------------------------------+------+------+--------------+--------------+--------------+--------------+-------+-------------------------------------------+
; Name                                                                                                                             ; Type ; Mode ; Port A Depth ; Port A Width ; Port B Depth ; Port B Width ; Size  ; MIF                                       ;
+----------------------------------------------------------------------------------------------------------------------------------+------+------+--------------+--------------+--------------+--------------+-------+-------------------------------------------+
; vga_monitor:vga_monitor|font_renderer:font_inst|font_rom:rom_inst|altsyncram:mem_rtl_0|altsyncram_4ad1:auto_generated|ALTSYNCRAM ; AUTO ; ROM  ; 2048         ; 8            ; --           ; --           ; 16384 ; db/riscvpc.ram0_font_rom_e26a0106.hdl.mif ;
+----------------------------------------------------------------------------------------------------------------------------------+------+------+--------------+--------------+--------------+--------------+-------+-------------------------------------------+


+----------------------------------------------------------------------------------------------------+
; User-Specified and Inferred Latches                                                                ;
+-----------------------------------------------------+---------------------+------------------------+
; Latch Name                                          ; Latch Enable Signal ; Free of Timing Hazards ;
+-----------------------------------------------------+---------------------+------------------------+
; alu:alu_unit|AluResult[14]                          ; alu:alu_unit|Mux32  ; yes                    ;
; alu:alu_unit|AluResult[15]                          ; alu:alu_unit|Mux32  ; yes                    ;
; alu:alu_unit|AluResult[16]                          ; alu:alu_unit|Mux32  ; yes                    ;
; alu:alu_unit|AluResult[17]                          ; alu:alu_unit|Mux32  ; yes                    ;
; alu:alu_unit|AluResult[18]                          ; alu:alu_unit|Mux32  ; yes                    ;
; alu:alu_unit|AluResult[19]                          ; alu:alu_unit|Mux32  ; yes                    ;
; alu:alu_unit|AluResult[20]                          ; alu:alu_unit|Mux32  ; yes                    ;
; alu:alu_unit|AluResult[21]                          ; alu:alu_unit|Mux32  ; yes                    ;
; alu:alu_unit|AluResult[22]                          ; alu:alu_unit|Mux32  ; yes                    ;
; alu:alu_unit|AluResult[23]                          ; alu:alu_unit|Mux32  ; yes                    ;
; alu:alu_unit|AluResult[24]                          ; alu:alu_unit|Mux32  ; yes                    ;
; alu:alu_unit|AluResult[25]                          ; alu:alu_unit|Mux32  ; yes                    ;
; alu:alu_unit|AluResult[26]                          ; alu:alu_unit|Mux32  ; yes                    ;
; alu:alu_unit|AluResult[27]                          ; alu:alu_unit|Mux32  ; yes                    ;
; alu:alu_unit|AluResult[28]                          ; alu:alu_unit|Mux32  ; yes                    ;
; alu:alu_unit|AluResult[29]                          ; alu:alu_unit|Mux32  ; yes                    ;
; alu:alu_unit|AluResult[30]                          ; alu:alu_unit|Mux32  ; yes                    ;
; alu:alu_unit|AluResult[31]                          ; alu:alu_unit|Mux32  ; yes                    ;
; alu:alu_unit|AluResult[0]                           ; alu:alu_unit|Mux32  ; yes                    ;
; alu:alu_unit|AluResult[1]                           ; alu:alu_unit|Mux32  ; yes                    ;
; alu:alu_unit|AluResult[2]                           ; alu:alu_unit|Mux32  ; yes                    ;
; alu:alu_unit|AluResult[3]                           ; alu:alu_unit|Mux32  ; yes                    ;
; alu:alu_unit|AluResult[4]                           ; alu:alu_unit|Mux32  ; yes                    ;
; alu:alu_unit|AluResult[5]                           ; alu:alu_unit|Mux32  ; yes                    ;
; alu:alu_unit|AluResult[6]                           ; alu:alu_unit|Mux32  ; yes                    ;
; alu:alu_unit|AluResult[7]                           ; alu:alu_unit|Mux32  ; yes                    ;
; alu:alu_unit|AluResult[8]                           ; alu:alu_unit|Mux32  ; yes                    ;
; alu:alu_unit|AluResult[9]                           ; alu:alu_unit|Mux32  ; yes                    ;
; alu:alu_unit|AluResult[10]                          ; alu:alu_unit|Mux32  ; yes                    ;
; alu:alu_unit|AluResult[11]                          ; alu:alu_unit|Mux32  ; yes                    ;
; alu:alu_unit|AluResult[12]                          ; alu:alu_unit|Mux32  ; yes                    ;
; alu:alu_unit|AluResult[13]                          ; alu:alu_unit|Mux32  ; yes                    ;
; Number of user-specified and inferred latches = 32  ;                     ;                        ;
+-----------------------------------------------------+---------------------+------------------------+
Note: All latches listed above may not be present at the end of synthesis due to various synthesis optimizations.


+------------------------------------------------------------------------------------------------+
; Registers Removed During Synthesis                                                             ;
+------------------------------------------+-----------------------------------------------------+
; Register name                            ; Reason for Removal                                  ;
+------------------------------------------+-----------------------------------------------------+
; vga_monitor:vga_monitor|text4[32][0][6]  ; Stuck at GND due to stuck port data_in              ;
; vga_monitor:vga_monitor|text4[32][0][5]  ; Stuck at VCC due to stuck port data_in              ;
; vga_monitor:vga_monitor|text4[32][0][4]  ; Stuck at VCC due to stuck port data_in              ;
; vga_monitor:vga_monitor|text4[32][0][3]  ; Stuck at GND due to stuck port data_in              ;
; vga_monitor:vga_monitor|text4[32][0][2]  ; Stuck at GND due to stuck port data_in              ;
; vga_monitor:vga_monitor|text4[32][0][1]  ; Stuck at GND due to stuck port data_in              ;
; vga_monitor:vga_monitor|text4[32][0][0]  ; Stuck at GND due to stuck port data_in              ;
; vga_monitor:vga_monitor|text4[32][1][6]  ; Stuck at VCC due to stuck port data_in              ;
; vga_monitor:vga_monitor|text4[32][1][5]  ; Stuck at VCC due to stuck port data_in              ;
; vga_monitor:vga_monitor|text4[32][1][4]  ; Stuck at VCC due to stuck port data_in              ;
; vga_monitor:vga_monitor|text4[32][1][3]  ; Stuck at VCC due to stuck port data_in              ;
; vga_monitor:vga_monitor|text4[32][1][2]  ; Stuck at GND due to stuck port data_in              ;
; vga_monitor:vga_monitor|text4[32][1][1]  ; Stuck at GND due to stuck port data_in              ;
; vga_monitor:vga_monitor|text4[32][1][0]  ; Stuck at GND due to stuck port data_in              ;
; vga_monitor:vga_monitor|text4[32][2][6]  ; Stuck at GND due to stuck port data_in              ;
; vga_monitor:vga_monitor|text4[32][2][5]  ; Stuck at VCC due to stuck port data_in              ;
; vga_monitor:vga_monitor|text4[32][2][4]  ; Stuck at VCC due to stuck port data_in              ;
; vga_monitor:vga_monitor|text4[32][2][3]  ; Stuck at GND due to stuck port data_in              ;
; vga_monitor:vga_monitor|text4[32][4][6]  ; Stuck at GND due to stuck port data_in              ;
; vga_monitor:vga_monitor|text4[32][4][5]  ; Stuck at VCC due to stuck port data_in              ;
; vga_monitor:vga_monitor|text4[32][4][4]  ; Stuck at VCC due to stuck port data_in              ;
; vga_monitor:vga_monitor|text4[32][4][3]  ; Stuck at VCC due to stuck port data_in              ;
; vga_monitor:vga_monitor|text4[32][4][2]  ; Stuck at GND due to stuck port data_in              ;
; vga_monitor:vga_monitor|text4[32][4][1]  ; Stuck at VCC due to stuck port data_in              ;
; vga_monitor:vga_monitor|text4[32][4][0]  ; Stuck at GND due to stuck port data_in              ;
; vga_monitor:vga_monitor|text4[32][5][6]  ; Stuck at GND due to stuck port data_in              ;
; vga_monitor:vga_monitor|text4[32][5][5]  ; Stuck at VCC due to stuck port data_in              ;
; vga_monitor:vga_monitor|text4[32][5][4]  ; Stuck at GND due to stuck port data_in              ;
; vga_monitor:vga_monitor|text4[32][5][3]  ; Stuck at GND due to stuck port data_in              ;
; vga_monitor:vga_monitor|text4[32][5][2]  ; Stuck at GND due to stuck port data_in              ;
; vga_monitor:vga_monitor|text4[32][5][1]  ; Stuck at GND due to stuck port data_in              ;
; vga_monitor:vga_monitor|text4[32][5][0]  ; Stuck at GND due to stuck port data_in              ;
; vga_monitor:vga_monitor|text4[32][10][6] ; Stuck at VCC due to stuck port data_in              ;
; vga_monitor:vga_monitor|text4[32][10][5] ; Stuck at GND due to stuck port data_in              ;
; vga_monitor:vga_monitor|text4[32][10][4] ; Stuck at VCC due to stuck port data_in              ;
; vga_monitor:vga_monitor|text4[32][10][3] ; Stuck at VCC due to stuck port data_in              ;
; vga_monitor:vga_monitor|text4[32][10][2] ; Stuck at VCC due to stuck port data_in              ;
; vga_monitor:vga_monitor|text4[32][10][1] ; Stuck at VCC due to stuck port data_in              ;
; vga_monitor:vga_monitor|text4[32][10][0] ; Stuck at VCC due to stuck port data_in              ;
; vga_monitor:vga_monitor|text4[31][10][0] ; Stuck at VCC due to stuck port data_in              ;
; vga_monitor:vga_monitor|text4[31][10][1] ; Stuck at VCC due to stuck port data_in              ;
; vga_monitor:vga_monitor|text4[31][10][2] ; Stuck at VCC due to stuck port data_in              ;
; vga_monitor:vga_monitor|text4[31][10][3] ; Stuck at VCC due to stuck port data_in              ;
; vga_monitor:vga_monitor|text4[31][10][4] ; Stuck at VCC due to stuck port data_in              ;
; vga_monitor:vga_monitor|text4[31][10][5] ; Stuck at GND due to stuck port data_in              ;
; vga_monitor:vga_monitor|text4[31][10][6] ; Stuck at VCC due to stuck port data_in              ;
; vga_monitor:vga_monitor|text4[31][5][0]  ; Stuck at GND due to stuck port data_in              ;
; vga_monitor:vga_monitor|text4[31][5][1]  ; Stuck at GND due to stuck port data_in              ;
; vga_monitor:vga_monitor|text4[31][5][2]  ; Stuck at GND due to stuck port data_in              ;
; vga_monitor:vga_monitor|text4[31][5][3]  ; Stuck at GND due to stuck port data_in              ;
; vga_monitor:vga_monitor|text4[31][5][4]  ; Stuck at GND due to stuck port data_in              ;
; vga_monitor:vga_monitor|text4[31][5][5]  ; Stuck at VCC due to stuck port data_in              ;
; vga_monitor:vga_monitor|text4[31][5][6]  ; Stuck at GND due to stuck port data_in              ;
; vga_monitor:vga_monitor|text4[31][4][0]  ; Stuck at GND due to stuck port data_in              ;
; vga_monitor:vga_monitor|text4[31][4][1]  ; Stuck at VCC due to stuck port data_in              ;
; vga_monitor:vga_monitor|text4[31][4][2]  ; Stuck at GND due to stuck port data_in              ;
; vga_monitor:vga_monitor|text4[31][4][3]  ; Stuck at VCC due to stuck port data_in              ;
; vga_monitor:vga_monitor|text4[31][4][4]  ; Stuck at VCC due to stuck port data_in              ;
; vga_monitor:vga_monitor|text4[31][4][5]  ; Stuck at VCC due to stuck port data_in              ;
; vga_monitor:vga_monitor|text4[31][4][6]  ; Stuck at GND due to stuck port data_in              ;
; vga_monitor:vga_monitor|text4[31][2][3]  ; Stuck at GND due to stuck port data_in              ;
; vga_monitor:vga_monitor|text4[31][2][4]  ; Stuck at VCC due to stuck port data_in              ;
; vga_monitor:vga_monitor|text4[31][2][5]  ; Stuck at VCC due to stuck port data_in              ;
; vga_monitor:vga_monitor|text4[31][2][6]  ; Stuck at GND due to stuck port data_in              ;
; vga_monitor:vga_monitor|text4[31][1][0]  ; Stuck at GND due to stuck port data_in              ;
; vga_monitor:vga_monitor|text4[31][1][1]  ; Stuck at GND due to stuck port data_in              ;
; vga_monitor:vga_monitor|text4[31][1][2]  ; Stuck at GND due to stuck port data_in              ;
; vga_monitor:vga_monitor|text4[31][1][3]  ; Stuck at VCC due to stuck port data_in              ;
; vga_monitor:vga_monitor|text4[31][1][4]  ; Stuck at VCC due to stuck port data_in              ;
; vga_monitor:vga_monitor|text4[31][1][5]  ; Stuck at VCC due to stuck port data_in              ;
; vga_monitor:vga_monitor|text4[31][1][6]  ; Stuck at VCC due to stuck port data_in              ;
; vga_monitor:vga_monitor|text4[31][0][0]  ; Stuck at GND due to stuck port data_in              ;
; vga_monitor:vga_monitor|text4[31][0][1]  ; Stuck at GND due to stuck port data_in              ;
; vga_monitor:vga_monitor|text4[31][0][2]  ; Stuck at GND due to stuck port data_in              ;
; vga_monitor:vga_monitor|text4[31][0][3]  ; Stuck at GND due to stuck port data_in              ;
; vga_monitor:vga_monitor|text4[31][0][4]  ; Stuck at VCC due to stuck port data_in              ;
; vga_monitor:vga_monitor|text4[31][0][5]  ; Stuck at VCC due to stuck port data_in              ;
; vga_monitor:vga_monitor|text4[31][0][6]  ; Stuck at GND due to stuck port data_in              ;
; vga_monitor:vga_monitor|text4[30][10][0] ; Stuck at VCC due to stuck port data_in              ;
; vga_monitor:vga_monitor|text4[30][10][1] ; Stuck at VCC due to stuck port data_in              ;
; vga_monitor:vga_monitor|text4[30][10][2] ; Stuck at VCC due to stuck port data_in              ;
; vga_monitor:vga_monitor|text4[30][10][3] ; Stuck at VCC due to stuck port data_in              ;
; vga_monitor:vga_monitor|text4[30][10][4] ; Stuck at VCC due to stuck port data_in              ;
; vga_monitor:vga_monitor|text4[30][10][5] ; Stuck at GND due to stuck port data_in              ;
; vga_monitor:vga_monitor|text4[30][10][6] ; Stuck at VCC due to stuck port data_in              ;
; vga_monitor:vga_monitor|text4[30][5][0]  ; Stuck at GND due to stuck port data_in              ;
; vga_monitor:vga_monitor|text4[30][5][1]  ; Stuck at GND due to stuck port data_in              ;
; vga_monitor:vga_monitor|text4[30][5][2]  ; Stuck at GND due to stuck port data_in              ;
; vga_monitor:vga_monitor|text4[30][5][3]  ; Stuck at GND due to stuck port data_in              ;
; vga_monitor:vga_monitor|text4[30][5][4]  ; Stuck at GND due to stuck port data_in              ;
; vga_monitor:vga_monitor|text4[30][5][5]  ; Stuck at VCC due to stuck port data_in              ;
; vga_monitor:vga_monitor|text4[30][5][6]  ; Stuck at GND due to stuck port data_in              ;
; vga_monitor:vga_monitor|text4[30][4][0]  ; Stuck at GND due to stuck port data_in              ;
; vga_monitor:vga_monitor|text4[30][4][1]  ; Stuck at VCC due to stuck port data_in              ;
; vga_monitor:vga_monitor|text4[30][4][2]  ; Stuck at GND due to stuck port data_in              ;
; vga_monitor:vga_monitor|text4[30][4][3]  ; Stuck at VCC due to stuck port data_in              ;
; vga_monitor:vga_monitor|text4[30][4][4]  ; Stuck at VCC due to stuck port data_in              ;
; vga_monitor:vga_monitor|text4[30][4][5]  ; Stuck at VCC due to stuck port data_in              ;
; vga_monitor:vga_monitor|text4[30][4][6]  ; Stuck at GND due to stuck port data_in              ;
; vga_monitor:vga_monitor|text4[30][2][3]  ; Stuck at GND due to stuck port data_in              ;
; vga_monitor:vga_monitor|text4[30][2][4]  ; Stuck at VCC due to stuck port data_in              ;
; vga_monitor:vga_monitor|text4[30][2][5]  ; Stuck at VCC due to stuck port data_in              ;
; vga_monitor:vga_monitor|text4[30][2][6]  ; Stuck at GND due to stuck port data_in              ;
; vga_monitor:vga_monitor|text4[30][1][0]  ; Stuck at GND due to stuck port data_in              ;
; vga_monitor:vga_monitor|text4[30][1][1]  ; Stuck at GND due to stuck port data_in              ;
; vga_monitor:vga_monitor|text4[30][1][2]  ; Stuck at GND due to stuck port data_in              ;
; vga_monitor:vga_monitor|text4[30][1][3]  ; Stuck at VCC due to stuck port data_in              ;
; vga_monitor:vga_monitor|text4[30][1][4]  ; Stuck at VCC due to stuck port data_in              ;
; vga_monitor:vga_monitor|text4[30][1][5]  ; Stuck at VCC due to stuck port data_in              ;
; vga_monitor:vga_monitor|text4[30][1][6]  ; Stuck at VCC due to stuck port data_in              ;
; vga_monitor:vga_monitor|text4[30][0][0]  ; Stuck at GND due to stuck port data_in              ;
; vga_monitor:vga_monitor|text4[30][0][1]  ; Stuck at GND due to stuck port data_in              ;
; vga_monitor:vga_monitor|text4[30][0][2]  ; Stuck at GND due to stuck port data_in              ;
; vga_monitor:vga_monitor|text4[30][0][3]  ; Stuck at GND due to stuck port data_in              ;
; vga_monitor:vga_monitor|text4[30][0][4]  ; Stuck at VCC due to stuck port data_in              ;
; vga_monitor:vga_monitor|text4[30][0][5]  ; Stuck at VCC due to stuck port data_in              ;
; vga_monitor:vga_monitor|text4[30][0][6]  ; Stuck at GND due to stuck port data_in              ;
; vga_monitor:vga_monitor|text4[29][10][0] ; Stuck at VCC due to stuck port data_in              ;
; vga_monitor:vga_monitor|text4[29][10][1] ; Stuck at VCC due to stuck port data_in              ;
; vga_monitor:vga_monitor|text4[29][10][2] ; Stuck at VCC due to stuck port data_in              ;
; vga_monitor:vga_monitor|text4[29][10][3] ; Stuck at VCC due to stuck port data_in              ;
; vga_monitor:vga_monitor|text4[29][10][4] ; Stuck at VCC due to stuck port data_in              ;
; vga_monitor:vga_monitor|text4[29][10][5] ; Stuck at GND due to stuck port data_in              ;
; vga_monitor:vga_monitor|text4[29][10][6] ; Stuck at VCC due to stuck port data_in              ;
; vga_monitor:vga_monitor|text4[29][5][0]  ; Stuck at GND due to stuck port data_in              ;
; vga_monitor:vga_monitor|text4[29][5][1]  ; Stuck at GND due to stuck port data_in              ;
; vga_monitor:vga_monitor|text4[29][5][2]  ; Stuck at GND due to stuck port data_in              ;
; vga_monitor:vga_monitor|text4[29][5][3]  ; Stuck at GND due to stuck port data_in              ;
; vga_monitor:vga_monitor|text4[29][5][4]  ; Stuck at GND due to stuck port data_in              ;
; vga_monitor:vga_monitor|text4[29][5][5]  ; Stuck at VCC due to stuck port data_in              ;
; vga_monitor:vga_monitor|text4[29][5][6]  ; Stuck at GND due to stuck port data_in              ;
; vga_monitor:vga_monitor|text4[29][4][0]  ; Stuck at GND due to stuck port data_in              ;
; vga_monitor:vga_monitor|text4[29][4][1]  ; Stuck at VCC due to stuck port data_in              ;
; vga_monitor:vga_monitor|text4[29][4][2]  ; Stuck at GND due to stuck port data_in              ;
; vga_monitor:vga_monitor|text4[29][4][3]  ; Stuck at VCC due to stuck port data_in              ;
; vga_monitor:vga_monitor|text4[29][4][4]  ; Stuck at VCC due to stuck port data_in              ;
; vga_monitor:vga_monitor|text4[29][4][5]  ; Stuck at VCC due to stuck port data_in              ;
; vga_monitor:vga_monitor|text4[29][4][6]  ; Stuck at GND due to stuck port data_in              ;
; vga_monitor:vga_monitor|text4[29][2][3]  ; Stuck at GND due to stuck port data_in              ;
; vga_monitor:vga_monitor|text4[29][2][4]  ; Stuck at VCC due to stuck port data_in              ;
; vga_monitor:vga_monitor|text4[29][2][5]  ; Stuck at VCC due to stuck port data_in              ;
; vga_monitor:vga_monitor|text4[29][2][6]  ; Stuck at GND due to stuck port data_in              ;
; vga_monitor:vga_monitor|text4[29][1][0]  ; Stuck at GND due to stuck port data_in              ;
; vga_monitor:vga_monitor|text4[29][1][1]  ; Stuck at GND due to stuck port data_in              ;
; vga_monitor:vga_monitor|text4[29][1][2]  ; Stuck at GND due to stuck port data_in              ;
; vga_monitor:vga_monitor|text4[29][1][3]  ; Stuck at VCC due to stuck port data_in              ;
; vga_monitor:vga_monitor|text4[29][1][4]  ; Stuck at VCC due to stuck port data_in              ;
; vga_monitor:vga_monitor|text4[29][1][5]  ; Stuck at VCC due to stuck port data_in              ;
; vga_monitor:vga_monitor|text4[29][1][6]  ; Stuck at VCC due to stuck port data_in              ;
; vga_monitor:vga_monitor|text4[29][0][0]  ; Stuck at GND due to stuck port data_in              ;
; vga_monitor:vga_monitor|text4[29][0][1]  ; Stuck at GND due to stuck port data_in              ;
; vga_monitor:vga_monitor|text4[29][0][2]  ; Stuck at GND due to stuck port data_in              ;
; vga_monitor:vga_monitor|text4[29][0][3]  ; Stuck at GND due to stuck port data_in              ;
; vga_monitor:vga_monitor|text4[29][0][4]  ; Stuck at VCC due to stuck port data_in              ;
; vga_monitor:vga_monitor|text4[29][0][5]  ; Stuck at VCC due to stuck port data_in              ;
; vga_monitor:vga_monitor|text4[29][0][6]  ; Stuck at GND due to stuck port data_in              ;
; vga_monitor:vga_monitor|text4[28][10][0] ; Stuck at VCC due to stuck port data_in              ;
; vga_monitor:vga_monitor|text4[28][10][1] ; Stuck at VCC due to stuck port data_in              ;
; vga_monitor:vga_monitor|text4[28][10][2] ; Stuck at VCC due to stuck port data_in              ;
; vga_monitor:vga_monitor|text4[28][10][3] ; Stuck at VCC due to stuck port data_in              ;
; vga_monitor:vga_monitor|text4[28][10][4] ; Stuck at VCC due to stuck port data_in              ;
; vga_monitor:vga_monitor|text4[28][10][5] ; Stuck at GND due to stuck port data_in              ;
; vga_monitor:vga_monitor|text4[28][10][6] ; Stuck at VCC due to stuck port data_in              ;
; vga_monitor:vga_monitor|text4[28][5][0]  ; Stuck at GND due to stuck port data_in              ;
; vga_monitor:vga_monitor|text4[28][5][1]  ; Stuck at GND due to stuck port data_in              ;
; vga_monitor:vga_monitor|text4[28][5][2]  ; Stuck at GND due to stuck port data_in              ;
; vga_monitor:vga_monitor|text4[28][5][3]  ; Stuck at GND due to stuck port data_in              ;
; vga_monitor:vga_monitor|text4[28][5][4]  ; Stuck at GND due to stuck port data_in              ;
; vga_monitor:vga_monitor|text4[28][5][5]  ; Stuck at VCC due to stuck port data_in              ;
; vga_monitor:vga_monitor|text4[28][5][6]  ; Stuck at GND due to stuck port data_in              ;
; vga_monitor:vga_monitor|text4[28][4][0]  ; Stuck at GND due to stuck port data_in              ;
; vga_monitor:vga_monitor|text4[28][4][1]  ; Stuck at VCC due to stuck port data_in              ;
; vga_monitor:vga_monitor|text4[28][4][2]  ; Stuck at GND due to stuck port data_in              ;
; vga_monitor:vga_monitor|text4[28][4][3]  ; Stuck at VCC due to stuck port data_in              ;
; vga_monitor:vga_monitor|text4[28][4][4]  ; Stuck at VCC due to stuck port data_in              ;
; vga_monitor:vga_monitor|text4[28][4][5]  ; Stuck at VCC due to stuck port data_in              ;
; vga_monitor:vga_monitor|text4[28][4][6]  ; Stuck at GND due to stuck port data_in              ;
; vga_monitor:vga_monitor|text4[28][2][3]  ; Stuck at GND due to stuck port data_in              ;
; vga_monitor:vga_monitor|text4[28][2][4]  ; Stuck at VCC due to stuck port data_in              ;
; vga_monitor:vga_monitor|text4[28][2][5]  ; Stuck at VCC due to stuck port data_in              ;
; vga_monitor:vga_monitor|text4[28][2][6]  ; Stuck at GND due to stuck port data_in              ;
; vga_monitor:vga_monitor|text4[28][1][0]  ; Stuck at GND due to stuck port data_in              ;
; vga_monitor:vga_monitor|text4[28][1][1]  ; Stuck at GND due to stuck port data_in              ;
; vga_monitor:vga_monitor|text4[28][1][2]  ; Stuck at GND due to stuck port data_in              ;
; vga_monitor:vga_monitor|text4[28][1][3]  ; Stuck at VCC due to stuck port data_in              ;
; vga_monitor:vga_monitor|text4[28][1][4]  ; Stuck at VCC due to stuck port data_in              ;
; vga_monitor:vga_monitor|text4[28][1][5]  ; Stuck at VCC due to stuck port data_in              ;
; vga_monitor:vga_monitor|text4[28][1][6]  ; Stuck at VCC due to stuck port data_in              ;
; vga_monitor:vga_monitor|text4[28][0][0]  ; Stuck at GND due to stuck port data_in              ;
; vga_monitor:vga_monitor|text4[28][0][1]  ; Stuck at GND due to stuck port data_in              ;
; vga_monitor:vga_monitor|text4[28][0][2]  ; Stuck at GND due to stuck port data_in              ;
; vga_monitor:vga_monitor|text4[28][0][3]  ; Stuck at GND due to stuck port data_in              ;
; vga_monitor:vga_monitor|text4[28][0][4]  ; Stuck at VCC due to stuck port data_in              ;
; vga_monitor:vga_monitor|text4[28][0][5]  ; Stuck at VCC due to stuck port data_in              ;
; vga_monitor:vga_monitor|text4[28][0][6]  ; Stuck at GND due to stuck port data_in              ;
; vga_monitor:vga_monitor|text4[27][10][0] ; Stuck at VCC due to stuck port data_in              ;
; vga_monitor:vga_monitor|text4[27][10][1] ; Stuck at VCC due to stuck port data_in              ;
; vga_monitor:vga_monitor|text4[27][10][2] ; Stuck at VCC due to stuck port data_in              ;
; vga_monitor:vga_monitor|text4[27][10][3] ; Stuck at VCC due to stuck port data_in              ;
; vga_monitor:vga_monitor|text4[27][10][4] ; Stuck at VCC due to stuck port data_in              ;
; vga_monitor:vga_monitor|text4[27][10][5] ; Stuck at GND due to stuck port data_in              ;
; vga_monitor:vga_monitor|text4[27][10][6] ; Stuck at VCC due to stuck port data_in              ;
; vga_monitor:vga_monitor|text4[27][5][0]  ; Stuck at GND due to stuck port data_in              ;
; vga_monitor:vga_monitor|text4[27][5][1]  ; Stuck at GND due to stuck port data_in              ;
; vga_monitor:vga_monitor|text4[27][5][2]  ; Stuck at GND due to stuck port data_in              ;
; vga_monitor:vga_monitor|text4[27][5][3]  ; Stuck at GND due to stuck port data_in              ;
; vga_monitor:vga_monitor|text4[27][5][4]  ; Stuck at GND due to stuck port data_in              ;
; vga_monitor:vga_monitor|text4[27][5][5]  ; Stuck at VCC due to stuck port data_in              ;
; vga_monitor:vga_monitor|text4[27][5][6]  ; Stuck at GND due to stuck port data_in              ;
; vga_monitor:vga_monitor|text4[27][4][0]  ; Stuck at GND due to stuck port data_in              ;
; vga_monitor:vga_monitor|text4[27][4][1]  ; Stuck at VCC due to stuck port data_in              ;
; vga_monitor:vga_monitor|text4[27][4][2]  ; Stuck at GND due to stuck port data_in              ;
; vga_monitor:vga_monitor|text4[27][4][3]  ; Stuck at VCC due to stuck port data_in              ;
; vga_monitor:vga_monitor|text4[27][4][4]  ; Stuck at VCC due to stuck port data_in              ;
; vga_monitor:vga_monitor|text4[27][4][5]  ; Stuck at VCC due to stuck port data_in              ;
; vga_monitor:vga_monitor|text4[27][4][6]  ; Stuck at GND due to stuck port data_in              ;
; vga_monitor:vga_monitor|text4[27][2][3]  ; Stuck at GND due to stuck port data_in              ;
; vga_monitor:vga_monitor|text4[27][2][4]  ; Stuck at VCC due to stuck port data_in              ;
; vga_monitor:vga_monitor|text4[27][2][5]  ; Stuck at VCC due to stuck port data_in              ;
; vga_monitor:vga_monitor|text4[27][2][6]  ; Stuck at GND due to stuck port data_in              ;
; vga_monitor:vga_monitor|text4[27][1][0]  ; Stuck at GND due to stuck port data_in              ;
; vga_monitor:vga_monitor|text4[27][1][1]  ; Stuck at GND due to stuck port data_in              ;
; vga_monitor:vga_monitor|text4[27][1][2]  ; Stuck at GND due to stuck port data_in              ;
; vga_monitor:vga_monitor|text4[27][1][3]  ; Stuck at VCC due to stuck port data_in              ;
; vga_monitor:vga_monitor|text4[27][1][4]  ; Stuck at VCC due to stuck port data_in              ;
; vga_monitor:vga_monitor|text4[27][1][5]  ; Stuck at VCC due to stuck port data_in              ;
; vga_monitor:vga_monitor|text4[27][1][6]  ; Stuck at VCC due to stuck port data_in              ;
; vga_monitor:vga_monitor|text4[27][0][0]  ; Stuck at GND due to stuck port data_in              ;
; vga_monitor:vga_monitor|text4[27][0][1]  ; Stuck at GND due to stuck port data_in              ;
; vga_monitor:vga_monitor|text4[27][0][2]  ; Stuck at GND due to stuck port data_in              ;
; vga_monitor:vga_monitor|text4[27][0][3]  ; Stuck at GND due to stuck port data_in              ;
; vga_monitor:vga_monitor|text4[27][0][4]  ; Stuck at VCC due to stuck port data_in              ;
; vga_monitor:vga_monitor|text4[27][0][5]  ; Stuck at VCC due to stuck port data_in              ;
; vga_monitor:vga_monitor|text4[27][0][6]  ; Stuck at GND due to stuck port data_in              ;
; vga_monitor:vga_monitor|text4[26][10][0] ; Stuck at VCC due to stuck port data_in              ;
; vga_monitor:vga_monitor|text4[26][10][1] ; Stuck at VCC due to stuck port data_in              ;
; vga_monitor:vga_monitor|text4[26][10][2] ; Stuck at VCC due to stuck port data_in              ;
; vga_monitor:vga_monitor|text4[26][10][3] ; Stuck at VCC due to stuck port data_in              ;
; vga_monitor:vga_monitor|text4[26][10][4] ; Stuck at VCC due to stuck port data_in              ;
; vga_monitor:vga_monitor|text4[26][10][5] ; Stuck at GND due to stuck port data_in              ;
; vga_monitor:vga_monitor|text4[26][10][6] ; Stuck at VCC due to stuck port data_in              ;
; vga_monitor:vga_monitor|text4[26][5][0]  ; Stuck at GND due to stuck port data_in              ;
; vga_monitor:vga_monitor|text4[26][5][1]  ; Stuck at GND due to stuck port data_in              ;
; vga_monitor:vga_monitor|text4[26][5][2]  ; Stuck at GND due to stuck port data_in              ;
; vga_monitor:vga_monitor|text4[26][5][3]  ; Stuck at GND due to stuck port data_in              ;
; vga_monitor:vga_monitor|text4[26][5][4]  ; Stuck at GND due to stuck port data_in              ;
; vga_monitor:vga_monitor|text4[26][5][5]  ; Stuck at VCC due to stuck port data_in              ;
; vga_monitor:vga_monitor|text4[26][5][6]  ; Stuck at GND due to stuck port data_in              ;
; vga_monitor:vga_monitor|text4[26][4][0]  ; Stuck at GND due to stuck port data_in              ;
; vga_monitor:vga_monitor|text4[26][4][1]  ; Stuck at VCC due to stuck port data_in              ;
; vga_monitor:vga_monitor|text4[26][4][2]  ; Stuck at GND due to stuck port data_in              ;
; vga_monitor:vga_monitor|text4[26][4][3]  ; Stuck at VCC due to stuck port data_in              ;
; vga_monitor:vga_monitor|text4[26][4][4]  ; Stuck at VCC due to stuck port data_in              ;
; vga_monitor:vga_monitor|text4[26][4][5]  ; Stuck at VCC due to stuck port data_in              ;
; vga_monitor:vga_monitor|text4[26][4][6]  ; Stuck at GND due to stuck port data_in              ;
; vga_monitor:vga_monitor|text4[26][2][3]  ; Stuck at GND due to stuck port data_in              ;
; vga_monitor:vga_monitor|text4[26][2][4]  ; Stuck at VCC due to stuck port data_in              ;
; vga_monitor:vga_monitor|text4[26][2][5]  ; Stuck at VCC due to stuck port data_in              ;
; vga_monitor:vga_monitor|text4[26][2][6]  ; Stuck at GND due to stuck port data_in              ;
; vga_monitor:vga_monitor|text4[26][1][0]  ; Stuck at GND due to stuck port data_in              ;
; vga_monitor:vga_monitor|text4[26][1][1]  ; Stuck at GND due to stuck port data_in              ;
; vga_monitor:vga_monitor|text4[26][1][2]  ; Stuck at GND due to stuck port data_in              ;
; vga_monitor:vga_monitor|text4[26][1][3]  ; Stuck at VCC due to stuck port data_in              ;
; vga_monitor:vga_monitor|text4[26][1][4]  ; Stuck at VCC due to stuck port data_in              ;
; vga_monitor:vga_monitor|text4[26][1][5]  ; Stuck at VCC due to stuck port data_in              ;
; vga_monitor:vga_monitor|text4[26][1][6]  ; Stuck at VCC due to stuck port data_in              ;
; vga_monitor:vga_monitor|text4[26][0][0]  ; Stuck at GND due to stuck port data_in              ;
; vga_monitor:vga_monitor|text4[26][0][1]  ; Stuck at GND due to stuck port data_in              ;
; vga_monitor:vga_monitor|text4[26][0][2]  ; Stuck at GND due to stuck port data_in              ;
; vga_monitor:vga_monitor|text4[26][0][3]  ; Stuck at GND due to stuck port data_in              ;
; vga_monitor:vga_monitor|text4[26][0][4]  ; Stuck at VCC due to stuck port data_in              ;
; vga_monitor:vga_monitor|text4[26][0][5]  ; Stuck at VCC due to stuck port data_in              ;
; vga_monitor:vga_monitor|text4[26][0][6]  ; Stuck at GND due to stuck port data_in              ;
; vga_monitor:vga_monitor|text4[25][10][0] ; Stuck at VCC due to stuck port data_in              ;
; vga_monitor:vga_monitor|text4[25][10][1] ; Stuck at VCC due to stuck port data_in              ;
; vga_monitor:vga_monitor|text4[25][10][2] ; Stuck at VCC due to stuck port data_in              ;
; vga_monitor:vga_monitor|text4[25][10][3] ; Stuck at VCC due to stuck port data_in              ;
; vga_monitor:vga_monitor|text4[25][10][4] ; Stuck at VCC due to stuck port data_in              ;
; vga_monitor:vga_monitor|text4[25][10][5] ; Stuck at GND due to stuck port data_in              ;
; vga_monitor:vga_monitor|text4[25][10][6] ; Stuck at VCC due to stuck port data_in              ;
; vga_monitor:vga_monitor|text4[25][5][0]  ; Stuck at GND due to stuck port data_in              ;
; vga_monitor:vga_monitor|text4[25][5][1]  ; Stuck at GND due to stuck port data_in              ;
; vga_monitor:vga_monitor|text4[25][5][2]  ; Stuck at GND due to stuck port data_in              ;
; vga_monitor:vga_monitor|text4[25][5][3]  ; Stuck at GND due to stuck port data_in              ;
; vga_monitor:vga_monitor|text4[25][5][4]  ; Stuck at GND due to stuck port data_in              ;
; vga_monitor:vga_monitor|text4[25][5][5]  ; Stuck at VCC due to stuck port data_in              ;
; vga_monitor:vga_monitor|text4[25][5][6]  ; Stuck at GND due to stuck port data_in              ;
; vga_monitor:vga_monitor|text4[25][4][0]  ; Stuck at GND due to stuck port data_in              ;
; vga_monitor:vga_monitor|text4[25][4][1]  ; Stuck at VCC due to stuck port data_in              ;
; vga_monitor:vga_monitor|text4[25][4][2]  ; Stuck at GND due to stuck port data_in              ;
; vga_monitor:vga_monitor|text4[25][4][3]  ; Stuck at VCC due to stuck port data_in              ;
; vga_monitor:vga_monitor|text4[25][4][4]  ; Stuck at VCC due to stuck port data_in              ;
; vga_monitor:vga_monitor|text4[25][4][5]  ; Stuck at VCC due to stuck port data_in              ;
; vga_monitor:vga_monitor|text4[25][4][6]  ; Stuck at GND due to stuck port data_in              ;
; vga_monitor:vga_monitor|text4[25][2][3]  ; Stuck at GND due to stuck port data_in              ;
; vga_monitor:vga_monitor|text4[25][2][4]  ; Stuck at VCC due to stuck port data_in              ;
; vga_monitor:vga_monitor|text4[25][2][5]  ; Stuck at VCC due to stuck port data_in              ;
; vga_monitor:vga_monitor|text4[25][2][6]  ; Stuck at GND due to stuck port data_in              ;
; vga_monitor:vga_monitor|text4[25][1][0]  ; Stuck at GND due to stuck port data_in              ;
; vga_monitor:vga_monitor|text4[25][1][1]  ; Stuck at GND due to stuck port data_in              ;
; vga_monitor:vga_monitor|text4[25][1][2]  ; Stuck at GND due to stuck port data_in              ;
; vga_monitor:vga_monitor|text4[25][1][3]  ; Stuck at VCC due to stuck port data_in              ;
; vga_monitor:vga_monitor|text4[25][1][4]  ; Stuck at VCC due to stuck port data_in              ;
; vga_monitor:vga_monitor|text4[25][1][5]  ; Stuck at VCC due to stuck port data_in              ;
; vga_monitor:vga_monitor|text4[25][1][6]  ; Stuck at VCC due to stuck port data_in              ;
; vga_monitor:vga_monitor|text4[25][0][0]  ; Stuck at GND due to stuck port data_in              ;
; vga_monitor:vga_monitor|text4[25][0][1]  ; Stuck at GND due to stuck port data_in              ;
; vga_monitor:vga_monitor|text4[25][0][2]  ; Stuck at GND due to stuck port data_in              ;
; vga_monitor:vga_monitor|text4[25][0][3]  ; Stuck at GND due to stuck port data_in              ;
; vga_monitor:vga_monitor|text4[25][0][4]  ; Stuck at VCC due to stuck port data_in              ;
; vga_monitor:vga_monitor|text4[25][0][5]  ; Stuck at VCC due to stuck port data_in              ;
; vga_monitor:vga_monitor|text4[25][0][6]  ; Stuck at GND due to stuck port data_in              ;
; vga_monitor:vga_monitor|text4[24][10][0] ; Stuck at VCC due to stuck port data_in              ;
; vga_monitor:vga_monitor|text4[24][10][1] ; Stuck at VCC due to stuck port data_in              ;
; vga_monitor:vga_monitor|text4[24][10][2] ; Stuck at VCC due to stuck port data_in              ;
; vga_monitor:vga_monitor|text4[24][10][3] ; Stuck at VCC due to stuck port data_in              ;
; vga_monitor:vga_monitor|text4[24][10][4] ; Stuck at VCC due to stuck port data_in              ;
; vga_monitor:vga_monitor|text4[24][10][5] ; Stuck at GND due to stuck port data_in              ;
; vga_monitor:vga_monitor|text4[24][10][6] ; Stuck at VCC due to stuck port data_in              ;
; vga_monitor:vga_monitor|text4[24][5][0]  ; Stuck at GND due to stuck port data_in              ;
; vga_monitor:vga_monitor|text4[24][5][1]  ; Stuck at GND due to stuck port data_in              ;
; vga_monitor:vga_monitor|text4[24][5][2]  ; Stuck at GND due to stuck port data_in              ;
; vga_monitor:vga_monitor|text4[24][5][3]  ; Stuck at GND due to stuck port data_in              ;
; vga_monitor:vga_monitor|text4[24][5][4]  ; Stuck at GND due to stuck port data_in              ;
; vga_monitor:vga_monitor|text4[24][5][5]  ; Stuck at VCC due to stuck port data_in              ;
; vga_monitor:vga_monitor|text4[24][5][6]  ; Stuck at GND due to stuck port data_in              ;
; vga_monitor:vga_monitor|text4[24][4][0]  ; Stuck at GND due to stuck port data_in              ;
; vga_monitor:vga_monitor|text4[24][4][1]  ; Stuck at VCC due to stuck port data_in              ;
; vga_monitor:vga_monitor|text4[24][4][2]  ; Stuck at GND due to stuck port data_in              ;
; vga_monitor:vga_monitor|text4[24][4][3]  ; Stuck at VCC due to stuck port data_in              ;
; vga_monitor:vga_monitor|text4[24][4][4]  ; Stuck at VCC due to stuck port data_in              ;
; vga_monitor:vga_monitor|text4[24][4][5]  ; Stuck at VCC due to stuck port data_in              ;
; vga_monitor:vga_monitor|text4[24][4][6]  ; Stuck at GND due to stuck port data_in              ;
; vga_monitor:vga_monitor|text4[24][2][3]  ; Stuck at GND due to stuck port data_in              ;
; vga_monitor:vga_monitor|text4[24][2][4]  ; Stuck at VCC due to stuck port data_in              ;
; vga_monitor:vga_monitor|text4[24][2][5]  ; Stuck at VCC due to stuck port data_in              ;
; vga_monitor:vga_monitor|text4[24][2][6]  ; Stuck at GND due to stuck port data_in              ;
; vga_monitor:vga_monitor|text4[24][1][0]  ; Stuck at GND due to stuck port data_in              ;
; vga_monitor:vga_monitor|text4[24][1][1]  ; Stuck at GND due to stuck port data_in              ;
; vga_monitor:vga_monitor|text4[24][1][2]  ; Stuck at GND due to stuck port data_in              ;
; vga_monitor:vga_monitor|text4[24][1][3]  ; Stuck at VCC due to stuck port data_in              ;
; vga_monitor:vga_monitor|text4[24][1][4]  ; Stuck at VCC due to stuck port data_in              ;
; vga_monitor:vga_monitor|text4[24][1][5]  ; Stuck at VCC due to stuck port data_in              ;
; vga_monitor:vga_monitor|text4[24][1][6]  ; Stuck at VCC due to stuck port data_in              ;
; vga_monitor:vga_monitor|text4[24][0][0]  ; Stuck at GND due to stuck port data_in              ;
; vga_monitor:vga_monitor|text4[24][0][1]  ; Stuck at GND due to stuck port data_in              ;
; vga_monitor:vga_monitor|text4[24][0][2]  ; Stuck at GND due to stuck port data_in              ;
; vga_monitor:vga_monitor|text4[24][0][3]  ; Stuck at GND due to stuck port data_in              ;
; vga_monitor:vga_monitor|text4[24][0][4]  ; Stuck at VCC due to stuck port data_in              ;
; vga_monitor:vga_monitor|text4[24][0][5]  ; Stuck at VCC due to stuck port data_in              ;
; vga_monitor:vga_monitor|text4[24][0][6]  ; Stuck at GND due to stuck port data_in              ;
; vga_monitor:vga_monitor|text4[23][10][0] ; Stuck at VCC due to stuck port data_in              ;
; vga_monitor:vga_monitor|text4[23][10][1] ; Stuck at VCC due to stuck port data_in              ;
; vga_monitor:vga_monitor|text4[23][10][2] ; Stuck at VCC due to stuck port data_in              ;
; vga_monitor:vga_monitor|text4[23][10][3] ; Stuck at VCC due to stuck port data_in              ;
; vga_monitor:vga_monitor|text4[23][10][4] ; Stuck at VCC due to stuck port data_in              ;
; vga_monitor:vga_monitor|text4[23][10][5] ; Stuck at GND due to stuck port data_in              ;
; vga_monitor:vga_monitor|text4[23][10][6] ; Stuck at VCC due to stuck port data_in              ;
; vga_monitor:vga_monitor|text4[23][5][0]  ; Stuck at GND due to stuck port data_in              ;
; vga_monitor:vga_monitor|text4[23][5][1]  ; Stuck at GND due to stuck port data_in              ;
; vga_monitor:vga_monitor|text4[23][5][2]  ; Stuck at GND due to stuck port data_in              ;
; vga_monitor:vga_monitor|text4[23][5][3]  ; Stuck at GND due to stuck port data_in              ;
; vga_monitor:vga_monitor|text4[23][5][4]  ; Stuck at GND due to stuck port data_in              ;
; vga_monitor:vga_monitor|text4[23][5][5]  ; Stuck at VCC due to stuck port data_in              ;
; vga_monitor:vga_monitor|text4[23][5][6]  ; Stuck at GND due to stuck port data_in              ;
; vga_monitor:vga_monitor|text4[23][4][0]  ; Stuck at GND due to stuck port data_in              ;
; vga_monitor:vga_monitor|text4[23][4][1]  ; Stuck at VCC due to stuck port data_in              ;
; vga_monitor:vga_monitor|text4[23][4][2]  ; Stuck at GND due to stuck port data_in              ;
; vga_monitor:vga_monitor|text4[23][4][3]  ; Stuck at VCC due to stuck port data_in              ;
; vga_monitor:vga_monitor|text4[23][4][4]  ; Stuck at VCC due to stuck port data_in              ;
; vga_monitor:vga_monitor|text4[23][4][5]  ; Stuck at VCC due to stuck port data_in              ;
; vga_monitor:vga_monitor|text4[23][4][6]  ; Stuck at GND due to stuck port data_in              ;
; vga_monitor:vga_monitor|text4[23][2][3]  ; Stuck at GND due to stuck port data_in              ;
; vga_monitor:vga_monitor|text4[23][2][4]  ; Stuck at VCC due to stuck port data_in              ;
; vga_monitor:vga_monitor|text4[23][2][5]  ; Stuck at VCC due to stuck port data_in              ;
; vga_monitor:vga_monitor|text4[23][2][6]  ; Stuck at GND due to stuck port data_in              ;
; vga_monitor:vga_monitor|text4[23][1][0]  ; Stuck at GND due to stuck port data_in              ;
; vga_monitor:vga_monitor|text4[23][1][1]  ; Stuck at GND due to stuck port data_in              ;
; vga_monitor:vga_monitor|text4[23][1][2]  ; Stuck at GND due to stuck port data_in              ;
; vga_monitor:vga_monitor|text4[23][1][3]  ; Stuck at VCC due to stuck port data_in              ;
; vga_monitor:vga_monitor|text4[23][1][4]  ; Stuck at VCC due to stuck port data_in              ;
; vga_monitor:vga_monitor|text4[23][1][5]  ; Stuck at VCC due to stuck port data_in              ;
; vga_monitor:vga_monitor|text4[23][1][6]  ; Stuck at VCC due to stuck port data_in              ;
; vga_monitor:vga_monitor|text4[23][0][0]  ; Stuck at GND due to stuck port data_in              ;
; vga_monitor:vga_monitor|text4[23][0][1]  ; Stuck at GND due to stuck port data_in              ;
; vga_monitor:vga_monitor|text4[23][0][2]  ; Stuck at GND due to stuck port data_in              ;
; vga_monitor:vga_monitor|text4[23][0][3]  ; Stuck at GND due to stuck port data_in              ;
; vga_monitor:vga_monitor|text4[23][0][4]  ; Stuck at VCC due to stuck port data_in              ;
; vga_monitor:vga_monitor|text4[23][0][5]  ; Stuck at VCC due to stuck port data_in              ;
; vga_monitor:vga_monitor|text4[23][0][6]  ; Stuck at GND due to stuck port data_in              ;
; vga_monitor:vga_monitor|text4[22][10][0] ; Stuck at VCC due to stuck port data_in              ;
; vga_monitor:vga_monitor|text4[22][10][1] ; Stuck at VCC due to stuck port data_in              ;
; vga_monitor:vga_monitor|text4[22][10][2] ; Stuck at VCC due to stuck port data_in              ;
; vga_monitor:vga_monitor|text4[22][10][3] ; Stuck at VCC due to stuck port data_in              ;
; vga_monitor:vga_monitor|text4[22][10][4] ; Stuck at VCC due to stuck port data_in              ;
; vga_monitor:vga_monitor|text4[22][10][5] ; Stuck at GND due to stuck port data_in              ;
; vga_monitor:vga_monitor|text4[22][10][6] ; Stuck at VCC due to stuck port data_in              ;
; vga_monitor:vga_monitor|text4[22][5][0]  ; Stuck at GND due to stuck port data_in              ;
; vga_monitor:vga_monitor|text4[22][5][1]  ; Stuck at GND due to stuck port data_in              ;
; vga_monitor:vga_monitor|text4[22][5][2]  ; Stuck at GND due to stuck port data_in              ;
; vga_monitor:vga_monitor|text4[22][5][3]  ; Stuck at GND due to stuck port data_in              ;
; vga_monitor:vga_monitor|text4[22][5][4]  ; Stuck at GND due to stuck port data_in              ;
; vga_monitor:vga_monitor|text4[22][5][5]  ; Stuck at VCC due to stuck port data_in              ;
; vga_monitor:vga_monitor|text4[22][5][6]  ; Stuck at GND due to stuck port data_in              ;
; vga_monitor:vga_monitor|text4[22][4][0]  ; Stuck at GND due to stuck port data_in              ;
; vga_monitor:vga_monitor|text4[22][4][1]  ; Stuck at VCC due to stuck port data_in              ;
; vga_monitor:vga_monitor|text4[22][4][2]  ; Stuck at GND due to stuck port data_in              ;
; vga_monitor:vga_monitor|text4[22][4][3]  ; Stuck at VCC due to stuck port data_in              ;
; vga_monitor:vga_monitor|text4[22][4][4]  ; Stuck at VCC due to stuck port data_in              ;
; vga_monitor:vga_monitor|text4[22][4][5]  ; Stuck at VCC due to stuck port data_in              ;
; vga_monitor:vga_monitor|text4[22][4][6]  ; Stuck at GND due to stuck port data_in              ;
; vga_monitor:vga_monitor|text4[22][2][3]  ; Stuck at GND due to stuck port data_in              ;
; vga_monitor:vga_monitor|text4[22][2][4]  ; Stuck at VCC due to stuck port data_in              ;
; vga_monitor:vga_monitor|text4[22][2][5]  ; Stuck at VCC due to stuck port data_in              ;
; vga_monitor:vga_monitor|text4[22][2][6]  ; Stuck at GND due to stuck port data_in              ;
; vga_monitor:vga_monitor|text4[22][1][0]  ; Stuck at GND due to stuck port data_in              ;
; vga_monitor:vga_monitor|text4[22][1][1]  ; Stuck at GND due to stuck port data_in              ;
; vga_monitor:vga_monitor|text4[22][1][2]  ; Stuck at GND due to stuck port data_in              ;
; vga_monitor:vga_monitor|text4[22][1][3]  ; Stuck at VCC due to stuck port data_in              ;
; vga_monitor:vga_monitor|text4[22][1][4]  ; Stuck at VCC due to stuck port data_in              ;
; vga_monitor:vga_monitor|text4[22][1][5]  ; Stuck at VCC due to stuck port data_in              ;
; vga_monitor:vga_monitor|text4[22][1][6]  ; Stuck at VCC due to stuck port data_in              ;
; vga_monitor:vga_monitor|text4[22][0][0]  ; Stuck at GND due to stuck port data_in              ;
; vga_monitor:vga_monitor|text4[22][0][1]  ; Stuck at GND due to stuck port data_in              ;
; vga_monitor:vga_monitor|text4[22][0][2]  ; Stuck at GND due to stuck port data_in              ;
; vga_monitor:vga_monitor|text4[22][0][3]  ; Stuck at GND due to stuck port data_in              ;
; vga_monitor:vga_monitor|text4[22][0][4]  ; Stuck at VCC due to stuck port data_in              ;
; vga_monitor:vga_monitor|text4[22][0][5]  ; Stuck at VCC due to stuck port data_in              ;
; vga_monitor:vga_monitor|text4[22][0][6]  ; Stuck at GND due to stuck port data_in              ;
; vga_monitor:vga_monitor|text4[21][10][0] ; Stuck at VCC due to stuck port data_in              ;
; vga_monitor:vga_monitor|text4[21][10][1] ; Stuck at VCC due to stuck port data_in              ;
; vga_monitor:vga_monitor|text4[21][10][2] ; Stuck at VCC due to stuck port data_in              ;
; vga_monitor:vga_monitor|text4[21][10][3] ; Stuck at VCC due to stuck port data_in              ;
; vga_monitor:vga_monitor|text4[21][10][4] ; Stuck at VCC due to stuck port data_in              ;
; vga_monitor:vga_monitor|text4[21][10][5] ; Stuck at GND due to stuck port data_in              ;
; vga_monitor:vga_monitor|text4[21][10][6] ; Stuck at VCC due to stuck port data_in              ;
; vga_monitor:vga_monitor|text4[21][5][0]  ; Stuck at GND due to stuck port data_in              ;
; vga_monitor:vga_monitor|text4[21][5][1]  ; Stuck at GND due to stuck port data_in              ;
; vga_monitor:vga_monitor|text4[21][5][2]  ; Stuck at GND due to stuck port data_in              ;
; vga_monitor:vga_monitor|text4[21][5][3]  ; Stuck at GND due to stuck port data_in              ;
; vga_monitor:vga_monitor|text4[21][5][4]  ; Stuck at GND due to stuck port data_in              ;
; vga_monitor:vga_monitor|text4[21][5][5]  ; Stuck at VCC due to stuck port data_in              ;
; vga_monitor:vga_monitor|text4[21][5][6]  ; Stuck at GND due to stuck port data_in              ;
; vga_monitor:vga_monitor|text4[21][4][0]  ; Stuck at GND due to stuck port data_in              ;
; vga_monitor:vga_monitor|text4[21][4][1]  ; Stuck at VCC due to stuck port data_in              ;
; vga_monitor:vga_monitor|text4[21][4][2]  ; Stuck at GND due to stuck port data_in              ;
; vga_monitor:vga_monitor|text4[21][4][3]  ; Stuck at VCC due to stuck port data_in              ;
; vga_monitor:vga_monitor|text4[21][4][4]  ; Stuck at VCC due to stuck port data_in              ;
; vga_monitor:vga_monitor|text4[21][4][5]  ; Stuck at VCC due to stuck port data_in              ;
; vga_monitor:vga_monitor|text4[21][4][6]  ; Stuck at GND due to stuck port data_in              ;
; vga_monitor:vga_monitor|text4[21][2][3]  ; Stuck at GND due to stuck port data_in              ;
; vga_monitor:vga_monitor|text4[21][2][4]  ; Stuck at VCC due to stuck port data_in              ;
; vga_monitor:vga_monitor|text4[21][2][5]  ; Stuck at VCC due to stuck port data_in              ;
; vga_monitor:vga_monitor|text4[21][2][6]  ; Stuck at GND due to stuck port data_in              ;
; vga_monitor:vga_monitor|text4[21][1][0]  ; Stuck at GND due to stuck port data_in              ;
; vga_monitor:vga_monitor|text4[21][1][1]  ; Stuck at GND due to stuck port data_in              ;
; vga_monitor:vga_monitor|text4[21][1][2]  ; Stuck at GND due to stuck port data_in              ;
; vga_monitor:vga_monitor|text4[21][1][3]  ; Stuck at VCC due to stuck port data_in              ;
; vga_monitor:vga_monitor|text4[21][1][4]  ; Stuck at VCC due to stuck port data_in              ;
; vga_monitor:vga_monitor|text4[21][1][5]  ; Stuck at VCC due to stuck port data_in              ;
; vga_monitor:vga_monitor|text4[21][1][6]  ; Stuck at VCC due to stuck port data_in              ;
; vga_monitor:vga_monitor|text4[21][0][0]  ; Stuck at GND due to stuck port data_in              ;
; vga_monitor:vga_monitor|text4[21][0][1]  ; Stuck at GND due to stuck port data_in              ;
; vga_monitor:vga_monitor|text4[21][0][2]  ; Stuck at GND due to stuck port data_in              ;
; vga_monitor:vga_monitor|text4[21][0][3]  ; Stuck at GND due to stuck port data_in              ;
; vga_monitor:vga_monitor|text4[21][0][4]  ; Stuck at VCC due to stuck port data_in              ;
; vga_monitor:vga_monitor|text4[21][0][5]  ; Stuck at VCC due to stuck port data_in              ;
; vga_monitor:vga_monitor|text4[21][0][6]  ; Stuck at GND due to stuck port data_in              ;
; vga_monitor:vga_monitor|text4[20][10][0] ; Stuck at VCC due to stuck port data_in              ;
; vga_monitor:vga_monitor|text4[20][10][1] ; Stuck at VCC due to stuck port data_in              ;
; vga_monitor:vga_monitor|text4[20][10][2] ; Stuck at VCC due to stuck port data_in              ;
; vga_monitor:vga_monitor|text4[20][10][3] ; Stuck at VCC due to stuck port data_in              ;
; vga_monitor:vga_monitor|text4[20][10][4] ; Stuck at VCC due to stuck port data_in              ;
; vga_monitor:vga_monitor|text4[20][10][5] ; Stuck at GND due to stuck port data_in              ;
; vga_monitor:vga_monitor|text4[20][10][6] ; Stuck at VCC due to stuck port data_in              ;
; vga_monitor:vga_monitor|text4[20][5][0]  ; Stuck at GND due to stuck port data_in              ;
; vga_monitor:vga_monitor|text4[20][5][1]  ; Stuck at GND due to stuck port data_in              ;
; vga_monitor:vga_monitor|text4[20][5][2]  ; Stuck at GND due to stuck port data_in              ;
; vga_monitor:vga_monitor|text4[20][5][3]  ; Stuck at GND due to stuck port data_in              ;
; vga_monitor:vga_monitor|text4[20][5][4]  ; Stuck at GND due to stuck port data_in              ;
; vga_monitor:vga_monitor|text4[20][5][5]  ; Stuck at VCC due to stuck port data_in              ;
; vga_monitor:vga_monitor|text4[20][5][6]  ; Stuck at GND due to stuck port data_in              ;
; vga_monitor:vga_monitor|text4[20][4][0]  ; Stuck at GND due to stuck port data_in              ;
; vga_monitor:vga_monitor|text4[20][4][1]  ; Stuck at VCC due to stuck port data_in              ;
; vga_monitor:vga_monitor|text4[20][4][2]  ; Stuck at GND due to stuck port data_in              ;
; vga_monitor:vga_monitor|text4[20][4][3]  ; Stuck at VCC due to stuck port data_in              ;
; vga_monitor:vga_monitor|text4[20][4][4]  ; Stuck at VCC due to stuck port data_in              ;
; vga_monitor:vga_monitor|text4[20][4][5]  ; Stuck at VCC due to stuck port data_in              ;
; vga_monitor:vga_monitor|text4[20][4][6]  ; Stuck at GND due to stuck port data_in              ;
; vga_monitor:vga_monitor|text4[20][2][3]  ; Stuck at GND due to stuck port data_in              ;
; vga_monitor:vga_monitor|text4[20][2][4]  ; Stuck at VCC due to stuck port data_in              ;
; vga_monitor:vga_monitor|text4[20][2][5]  ; Stuck at VCC due to stuck port data_in              ;
; vga_monitor:vga_monitor|text4[20][2][6]  ; Stuck at GND due to stuck port data_in              ;
; vga_monitor:vga_monitor|text4[20][1][0]  ; Stuck at GND due to stuck port data_in              ;
; vga_monitor:vga_monitor|text4[20][1][1]  ; Stuck at GND due to stuck port data_in              ;
; vga_monitor:vga_monitor|text4[20][1][2]  ; Stuck at GND due to stuck port data_in              ;
; vga_monitor:vga_monitor|text4[20][1][3]  ; Stuck at VCC due to stuck port data_in              ;
; vga_monitor:vga_monitor|text4[20][1][4]  ; Stuck at VCC due to stuck port data_in              ;
; vga_monitor:vga_monitor|text4[20][1][5]  ; Stuck at VCC due to stuck port data_in              ;
; vga_monitor:vga_monitor|text4[20][1][6]  ; Stuck at VCC due to stuck port data_in              ;
; vga_monitor:vga_monitor|text4[20][0][0]  ; Stuck at GND due to stuck port data_in              ;
; vga_monitor:vga_monitor|text4[20][0][1]  ; Stuck at GND due to stuck port data_in              ;
; vga_monitor:vga_monitor|text4[20][0][2]  ; Stuck at GND due to stuck port data_in              ;
; vga_monitor:vga_monitor|text4[20][0][3]  ; Stuck at GND due to stuck port data_in              ;
; vga_monitor:vga_monitor|text4[20][0][4]  ; Stuck at VCC due to stuck port data_in              ;
; vga_monitor:vga_monitor|text4[20][0][5]  ; Stuck at VCC due to stuck port data_in              ;
; vga_monitor:vga_monitor|text4[20][0][6]  ; Stuck at GND due to stuck port data_in              ;
; vga_monitor:vga_monitor|text4[19][10][0] ; Stuck at VCC due to stuck port data_in              ;
; vga_monitor:vga_monitor|text4[19][10][1] ; Stuck at VCC due to stuck port data_in              ;
; vga_monitor:vga_monitor|text4[19][10][2] ; Stuck at VCC due to stuck port data_in              ;
; vga_monitor:vga_monitor|text4[19][10][3] ; Stuck at VCC due to stuck port data_in              ;
; vga_monitor:vga_monitor|text4[19][10][4] ; Stuck at VCC due to stuck port data_in              ;
; vga_monitor:vga_monitor|text4[19][10][5] ; Stuck at GND due to stuck port data_in              ;
; vga_monitor:vga_monitor|text4[19][10][6] ; Stuck at VCC due to stuck port data_in              ;
; vga_monitor:vga_monitor|text4[19][5][0]  ; Stuck at GND due to stuck port data_in              ;
; vga_monitor:vga_monitor|text4[19][5][1]  ; Stuck at GND due to stuck port data_in              ;
; vga_monitor:vga_monitor|text4[19][5][2]  ; Stuck at GND due to stuck port data_in              ;
; vga_monitor:vga_monitor|text4[19][5][3]  ; Stuck at GND due to stuck port data_in              ;
; vga_monitor:vga_monitor|text4[19][5][4]  ; Stuck at GND due to stuck port data_in              ;
; vga_monitor:vga_monitor|text4[19][5][5]  ; Stuck at VCC due to stuck port data_in              ;
; vga_monitor:vga_monitor|text4[19][5][6]  ; Stuck at GND due to stuck port data_in              ;
; vga_monitor:vga_monitor|text4[19][4][0]  ; Stuck at GND due to stuck port data_in              ;
; vga_monitor:vga_monitor|text4[19][4][1]  ; Stuck at VCC due to stuck port data_in              ;
; vga_monitor:vga_monitor|text4[19][4][2]  ; Stuck at GND due to stuck port data_in              ;
; vga_monitor:vga_monitor|text4[19][4][3]  ; Stuck at VCC due to stuck port data_in              ;
; vga_monitor:vga_monitor|text4[19][4][4]  ; Stuck at VCC due to stuck port data_in              ;
; vga_monitor:vga_monitor|text4[19][4][5]  ; Stuck at VCC due to stuck port data_in              ;
; vga_monitor:vga_monitor|text4[19][4][6]  ; Stuck at GND due to stuck port data_in              ;
; vga_monitor:vga_monitor|text4[19][2][3]  ; Stuck at GND due to stuck port data_in              ;
; vga_monitor:vga_monitor|text4[19][2][4]  ; Stuck at VCC due to stuck port data_in              ;
; vga_monitor:vga_monitor|text4[19][2][5]  ; Stuck at VCC due to stuck port data_in              ;
; vga_monitor:vga_monitor|text4[19][2][6]  ; Stuck at GND due to stuck port data_in              ;
; vga_monitor:vga_monitor|text4[19][1][0]  ; Stuck at GND due to stuck port data_in              ;
; vga_monitor:vga_monitor|text4[19][1][1]  ; Stuck at GND due to stuck port data_in              ;
; vga_monitor:vga_monitor|text4[19][1][2]  ; Stuck at GND due to stuck port data_in              ;
; vga_monitor:vga_monitor|text4[19][1][3]  ; Stuck at VCC due to stuck port data_in              ;
; vga_monitor:vga_monitor|text4[19][1][4]  ; Stuck at VCC due to stuck port data_in              ;
; vga_monitor:vga_monitor|text4[19][1][5]  ; Stuck at VCC due to stuck port data_in              ;
; vga_monitor:vga_monitor|text4[19][1][6]  ; Stuck at VCC due to stuck port data_in              ;
; vga_monitor:vga_monitor|text4[19][0][0]  ; Stuck at GND due to stuck port data_in              ;
; vga_monitor:vga_monitor|text4[19][0][1]  ; Stuck at GND due to stuck port data_in              ;
; vga_monitor:vga_monitor|text4[19][0][2]  ; Stuck at GND due to stuck port data_in              ;
; vga_monitor:vga_monitor|text4[19][0][3]  ; Stuck at GND due to stuck port data_in              ;
; vga_monitor:vga_monitor|text4[19][0][4]  ; Stuck at VCC due to stuck port data_in              ;
; vga_monitor:vga_monitor|text4[19][0][5]  ; Stuck at VCC due to stuck port data_in              ;
; vga_monitor:vga_monitor|text4[19][0][6]  ; Stuck at GND due to stuck port data_in              ;
; vga_monitor:vga_monitor|text4[18][10][0] ; Stuck at VCC due to stuck port data_in              ;
; vga_monitor:vga_monitor|text4[18][10][1] ; Stuck at VCC due to stuck port data_in              ;
; vga_monitor:vga_monitor|text4[18][10][2] ; Stuck at VCC due to stuck port data_in              ;
; vga_monitor:vga_monitor|text4[18][10][3] ; Stuck at VCC due to stuck port data_in              ;
; vga_monitor:vga_monitor|text4[18][10][4] ; Stuck at VCC due to stuck port data_in              ;
; vga_monitor:vga_monitor|text4[18][10][5] ; Stuck at GND due to stuck port data_in              ;
; vga_monitor:vga_monitor|text4[18][10][6] ; Stuck at VCC due to stuck port data_in              ;
; vga_monitor:vga_monitor|text4[18][5][0]  ; Stuck at GND due to stuck port data_in              ;
; vga_monitor:vga_monitor|text4[18][5][1]  ; Stuck at GND due to stuck port data_in              ;
; vga_monitor:vga_monitor|text4[18][5][2]  ; Stuck at GND due to stuck port data_in              ;
; vga_monitor:vga_monitor|text4[18][5][3]  ; Stuck at GND due to stuck port data_in              ;
; vga_monitor:vga_monitor|text4[18][5][4]  ; Stuck at GND due to stuck port data_in              ;
; vga_monitor:vga_monitor|text4[18][5][5]  ; Stuck at VCC due to stuck port data_in              ;
; vga_monitor:vga_monitor|text4[18][5][6]  ; Stuck at GND due to stuck port data_in              ;
; vga_monitor:vga_monitor|text4[18][4][0]  ; Stuck at GND due to stuck port data_in              ;
; vga_monitor:vga_monitor|text4[18][4][1]  ; Stuck at VCC due to stuck port data_in              ;
; vga_monitor:vga_monitor|text4[18][4][2]  ; Stuck at GND due to stuck port data_in              ;
; vga_monitor:vga_monitor|text4[18][4][3]  ; Stuck at VCC due to stuck port data_in              ;
; vga_monitor:vga_monitor|text4[18][4][4]  ; Stuck at VCC due to stuck port data_in              ;
; vga_monitor:vga_monitor|text4[18][4][5]  ; Stuck at VCC due to stuck port data_in              ;
; vga_monitor:vga_monitor|text4[18][4][6]  ; Stuck at GND due to stuck port data_in              ;
; vga_monitor:vga_monitor|text4[18][2][3]  ; Stuck at GND due to stuck port data_in              ;
; vga_monitor:vga_monitor|text4[18][2][4]  ; Stuck at VCC due to stuck port data_in              ;
; vga_monitor:vga_monitor|text4[18][2][5]  ; Stuck at VCC due to stuck port data_in              ;
; vga_monitor:vga_monitor|text4[18][2][6]  ; Stuck at GND due to stuck port data_in              ;
; vga_monitor:vga_monitor|text4[18][1][0]  ; Stuck at GND due to stuck port data_in              ;
; vga_monitor:vga_monitor|text4[18][1][1]  ; Stuck at GND due to stuck port data_in              ;
; vga_monitor:vga_monitor|text4[18][1][2]  ; Stuck at GND due to stuck port data_in              ;
; vga_monitor:vga_monitor|text4[18][1][3]  ; Stuck at VCC due to stuck port data_in              ;
; vga_monitor:vga_monitor|text4[18][1][4]  ; Stuck at VCC due to stuck port data_in              ;
; vga_monitor:vga_monitor|text4[18][1][5]  ; Stuck at VCC due to stuck port data_in              ;
; vga_monitor:vga_monitor|text4[18][1][6]  ; Stuck at VCC due to stuck port data_in              ;
; vga_monitor:vga_monitor|text4[18][0][0]  ; Stuck at GND due to stuck port data_in              ;
; vga_monitor:vga_monitor|text4[18][0][1]  ; Stuck at GND due to stuck port data_in              ;
; vga_monitor:vga_monitor|text4[18][0][2]  ; Stuck at GND due to stuck port data_in              ;
; vga_monitor:vga_monitor|text4[18][0][3]  ; Stuck at GND due to stuck port data_in              ;
; vga_monitor:vga_monitor|text4[18][0][4]  ; Stuck at VCC due to stuck port data_in              ;
; vga_monitor:vga_monitor|text4[18][0][5]  ; Stuck at VCC due to stuck port data_in              ;
; vga_monitor:vga_monitor|text4[18][0][6]  ; Stuck at GND due to stuck port data_in              ;
; vga_monitor:vga_monitor|text4[17][10][0] ; Stuck at VCC due to stuck port data_in              ;
; vga_monitor:vga_monitor|text4[17][10][1] ; Stuck at VCC due to stuck port data_in              ;
; vga_monitor:vga_monitor|text4[17][10][2] ; Stuck at VCC due to stuck port data_in              ;
; vga_monitor:vga_monitor|text4[17][10][3] ; Stuck at VCC due to stuck port data_in              ;
; vga_monitor:vga_monitor|text4[17][10][4] ; Stuck at VCC due to stuck port data_in              ;
; vga_monitor:vga_monitor|text4[17][10][5] ; Stuck at GND due to stuck port data_in              ;
; vga_monitor:vga_monitor|text4[17][10][6] ; Stuck at VCC due to stuck port data_in              ;
; vga_monitor:vga_monitor|text4[17][5][0]  ; Stuck at GND due to stuck port data_in              ;
; vga_monitor:vga_monitor|text4[17][5][1]  ; Stuck at GND due to stuck port data_in              ;
; vga_monitor:vga_monitor|text4[17][5][2]  ; Stuck at GND due to stuck port data_in              ;
; vga_monitor:vga_monitor|text4[17][5][3]  ; Stuck at GND due to stuck port data_in              ;
; vga_monitor:vga_monitor|text4[17][5][4]  ; Stuck at GND due to stuck port data_in              ;
; vga_monitor:vga_monitor|text4[17][5][5]  ; Stuck at VCC due to stuck port data_in              ;
; vga_monitor:vga_monitor|text4[17][5][6]  ; Stuck at GND due to stuck port data_in              ;
; vga_monitor:vga_monitor|text4[17][4][0]  ; Stuck at GND due to stuck port data_in              ;
; vga_monitor:vga_monitor|text4[17][4][1]  ; Stuck at VCC due to stuck port data_in              ;
; vga_monitor:vga_monitor|text4[17][4][2]  ; Stuck at GND due to stuck port data_in              ;
; vga_monitor:vga_monitor|text4[17][4][3]  ; Stuck at VCC due to stuck port data_in              ;
; vga_monitor:vga_monitor|text4[17][4][4]  ; Stuck at VCC due to stuck port data_in              ;
; vga_monitor:vga_monitor|text4[17][4][5]  ; Stuck at VCC due to stuck port data_in              ;
; vga_monitor:vga_monitor|text4[17][4][6]  ; Stuck at GND due to stuck port data_in              ;
; vga_monitor:vga_monitor|text4[17][2][3]  ; Stuck at GND due to stuck port data_in              ;
; vga_monitor:vga_monitor|text4[17][2][4]  ; Stuck at VCC due to stuck port data_in              ;
; vga_monitor:vga_monitor|text4[17][2][5]  ; Stuck at VCC due to stuck port data_in              ;
; vga_monitor:vga_monitor|text4[17][2][6]  ; Stuck at GND due to stuck port data_in              ;
; vga_monitor:vga_monitor|text4[17][1][0]  ; Stuck at GND due to stuck port data_in              ;
; vga_monitor:vga_monitor|text4[17][1][1]  ; Stuck at GND due to stuck port data_in              ;
; vga_monitor:vga_monitor|text4[17][1][2]  ; Stuck at GND due to stuck port data_in              ;
; vga_monitor:vga_monitor|text4[17][1][3]  ; Stuck at VCC due to stuck port data_in              ;
; vga_monitor:vga_monitor|text4[17][1][4]  ; Stuck at VCC due to stuck port data_in              ;
; vga_monitor:vga_monitor|text4[17][1][5]  ; Stuck at VCC due to stuck port data_in              ;
; vga_monitor:vga_monitor|text4[17][1][6]  ; Stuck at VCC due to stuck port data_in              ;
; vga_monitor:vga_monitor|text4[17][0][0]  ; Stuck at GND due to stuck port data_in              ;
; vga_monitor:vga_monitor|text4[17][0][1]  ; Stuck at GND due to stuck port data_in              ;
; vga_monitor:vga_monitor|text4[17][0][2]  ; Stuck at GND due to stuck port data_in              ;
; vga_monitor:vga_monitor|text4[17][0][3]  ; Stuck at GND due to stuck port data_in              ;
; vga_monitor:vga_monitor|text4[17][0][4]  ; Stuck at VCC due to stuck port data_in              ;
; vga_monitor:vga_monitor|text4[17][0][5]  ; Stuck at VCC due to stuck port data_in              ;
; vga_monitor:vga_monitor|text4[17][0][6]  ; Stuck at GND due to stuck port data_in              ;
; vga_monitor:vga_monitor|text4[16][10][0] ; Stuck at VCC due to stuck port data_in              ;
; vga_monitor:vga_monitor|text4[16][10][1] ; Stuck at VCC due to stuck port data_in              ;
; vga_monitor:vga_monitor|text4[16][10][2] ; Stuck at VCC due to stuck port data_in              ;
; vga_monitor:vga_monitor|text4[16][10][3] ; Stuck at VCC due to stuck port data_in              ;
; vga_monitor:vga_monitor|text4[16][10][4] ; Stuck at VCC due to stuck port data_in              ;
; vga_monitor:vga_monitor|text4[16][10][5] ; Stuck at GND due to stuck port data_in              ;
; vga_monitor:vga_monitor|text4[16][10][6] ; Stuck at VCC due to stuck port data_in              ;
; vga_monitor:vga_monitor|text4[16][5][0]  ; Stuck at GND due to stuck port data_in              ;
; vga_monitor:vga_monitor|text4[16][5][1]  ; Stuck at GND due to stuck port data_in              ;
; vga_monitor:vga_monitor|text4[16][5][2]  ; Stuck at GND due to stuck port data_in              ;
; vga_monitor:vga_monitor|text4[16][5][3]  ; Stuck at GND due to stuck port data_in              ;
; vga_monitor:vga_monitor|text4[16][5][4]  ; Stuck at GND due to stuck port data_in              ;
; vga_monitor:vga_monitor|text4[16][5][5]  ; Stuck at VCC due to stuck port data_in              ;
; vga_monitor:vga_monitor|text4[16][5][6]  ; Stuck at GND due to stuck port data_in              ;
; vga_monitor:vga_monitor|text4[16][4][0]  ; Stuck at GND due to stuck port data_in              ;
; vga_monitor:vga_monitor|text4[16][4][1]  ; Stuck at VCC due to stuck port data_in              ;
; vga_monitor:vga_monitor|text4[16][4][2]  ; Stuck at GND due to stuck port data_in              ;
; vga_monitor:vga_monitor|text4[16][4][3]  ; Stuck at VCC due to stuck port data_in              ;
; vga_monitor:vga_monitor|text4[16][4][4]  ; Stuck at VCC due to stuck port data_in              ;
; vga_monitor:vga_monitor|text4[16][4][5]  ; Stuck at VCC due to stuck port data_in              ;
; vga_monitor:vga_monitor|text4[16][4][6]  ; Stuck at GND due to stuck port data_in              ;
; vga_monitor:vga_monitor|text4[16][2][3]  ; Stuck at GND due to stuck port data_in              ;
; vga_monitor:vga_monitor|text4[16][2][4]  ; Stuck at VCC due to stuck port data_in              ;
; vga_monitor:vga_monitor|text4[16][2][5]  ; Stuck at VCC due to stuck port data_in              ;
; vga_monitor:vga_monitor|text4[16][2][6]  ; Stuck at GND due to stuck port data_in              ;
; vga_monitor:vga_monitor|text4[16][1][0]  ; Stuck at GND due to stuck port data_in              ;
; vga_monitor:vga_monitor|text4[16][1][1]  ; Stuck at GND due to stuck port data_in              ;
; vga_monitor:vga_monitor|text4[16][1][2]  ; Stuck at GND due to stuck port data_in              ;
; vga_monitor:vga_monitor|text4[16][1][3]  ; Stuck at VCC due to stuck port data_in              ;
; vga_monitor:vga_monitor|text4[16][1][4]  ; Stuck at VCC due to stuck port data_in              ;
; vga_monitor:vga_monitor|text4[16][1][5]  ; Stuck at VCC due to stuck port data_in              ;
; vga_monitor:vga_monitor|text4[16][1][6]  ; Stuck at VCC due to stuck port data_in              ;
; vga_monitor:vga_monitor|text4[16][0][0]  ; Stuck at GND due to stuck port data_in              ;
; vga_monitor:vga_monitor|text4[16][0][1]  ; Stuck at GND due to stuck port data_in              ;
; vga_monitor:vga_monitor|text4[16][0][2]  ; Stuck at GND due to stuck port data_in              ;
; vga_monitor:vga_monitor|text4[16][0][3]  ; Stuck at GND due to stuck port data_in              ;
; vga_monitor:vga_monitor|text4[16][0][4]  ; Stuck at VCC due to stuck port data_in              ;
; vga_monitor:vga_monitor|text4[16][0][5]  ; Stuck at VCC due to stuck port data_in              ;
; vga_monitor:vga_monitor|text4[16][0][6]  ; Stuck at GND due to stuck port data_in              ;
; vga_monitor:vga_monitor|text4[15][10][0] ; Stuck at VCC due to stuck port data_in              ;
; vga_monitor:vga_monitor|text4[15][10][1] ; Stuck at VCC due to stuck port data_in              ;
; vga_monitor:vga_monitor|text4[15][10][2] ; Stuck at VCC due to stuck port data_in              ;
; vga_monitor:vga_monitor|text4[15][10][3] ; Stuck at VCC due to stuck port data_in              ;
; vga_monitor:vga_monitor|text4[15][10][4] ; Stuck at VCC due to stuck port data_in              ;
; vga_monitor:vga_monitor|text4[15][10][5] ; Stuck at GND due to stuck port data_in              ;
; vga_monitor:vga_monitor|text4[15][10][6] ; Stuck at VCC due to stuck port data_in              ;
; vga_monitor:vga_monitor|text4[15][5][0]  ; Stuck at GND due to stuck port data_in              ;
; vga_monitor:vga_monitor|text4[15][5][1]  ; Stuck at GND due to stuck port data_in              ;
; vga_monitor:vga_monitor|text4[15][5][2]  ; Stuck at GND due to stuck port data_in              ;
; vga_monitor:vga_monitor|text4[15][5][3]  ; Stuck at GND due to stuck port data_in              ;
; vga_monitor:vga_monitor|text4[15][5][4]  ; Stuck at GND due to stuck port data_in              ;
; vga_monitor:vga_monitor|text4[15][5][5]  ; Stuck at VCC due to stuck port data_in              ;
; vga_monitor:vga_monitor|text4[15][5][6]  ; Stuck at GND due to stuck port data_in              ;
; vga_monitor:vga_monitor|text4[15][4][0]  ; Stuck at GND due to stuck port data_in              ;
; vga_monitor:vga_monitor|text4[15][4][1]  ; Stuck at VCC due to stuck port data_in              ;
; vga_monitor:vga_monitor|text4[15][4][2]  ; Stuck at GND due to stuck port data_in              ;
; vga_monitor:vga_monitor|text4[15][4][3]  ; Stuck at VCC due to stuck port data_in              ;
; vga_monitor:vga_monitor|text4[15][4][4]  ; Stuck at VCC due to stuck port data_in              ;
; vga_monitor:vga_monitor|text4[15][4][5]  ; Stuck at VCC due to stuck port data_in              ;
; vga_monitor:vga_monitor|text4[15][4][6]  ; Stuck at GND due to stuck port data_in              ;
; vga_monitor:vga_monitor|text4[15][2][3]  ; Stuck at GND due to stuck port data_in              ;
; vga_monitor:vga_monitor|text4[15][2][4]  ; Stuck at VCC due to stuck port data_in              ;
; vga_monitor:vga_monitor|text4[15][2][5]  ; Stuck at VCC due to stuck port data_in              ;
; vga_monitor:vga_monitor|text4[15][2][6]  ; Stuck at GND due to stuck port data_in              ;
; vga_monitor:vga_monitor|text4[15][1][0]  ; Stuck at GND due to stuck port data_in              ;
; vga_monitor:vga_monitor|text4[15][1][1]  ; Stuck at GND due to stuck port data_in              ;
; vga_monitor:vga_monitor|text4[15][1][2]  ; Stuck at GND due to stuck port data_in              ;
; vga_monitor:vga_monitor|text4[15][1][3]  ; Stuck at VCC due to stuck port data_in              ;
; vga_monitor:vga_monitor|text4[15][1][4]  ; Stuck at VCC due to stuck port data_in              ;
; vga_monitor:vga_monitor|text4[15][1][5]  ; Stuck at VCC due to stuck port data_in              ;
; vga_monitor:vga_monitor|text4[15][1][6]  ; Stuck at VCC due to stuck port data_in              ;
; vga_monitor:vga_monitor|text4[15][0][0]  ; Stuck at GND due to stuck port data_in              ;
; vga_monitor:vga_monitor|text4[15][0][1]  ; Stuck at GND due to stuck port data_in              ;
; vga_monitor:vga_monitor|text4[15][0][2]  ; Stuck at GND due to stuck port data_in              ;
; vga_monitor:vga_monitor|text4[15][0][3]  ; Stuck at GND due to stuck port data_in              ;
; vga_monitor:vga_monitor|text4[15][0][4]  ; Stuck at VCC due to stuck port data_in              ;
; vga_monitor:vga_monitor|text4[15][0][5]  ; Stuck at VCC due to stuck port data_in              ;
; vga_monitor:vga_monitor|text4[15][0][6]  ; Stuck at GND due to stuck port data_in              ;
; vga_monitor:vga_monitor|text4[14][10][0] ; Stuck at VCC due to stuck port data_in              ;
; vga_monitor:vga_monitor|text4[14][10][1] ; Stuck at VCC due to stuck port data_in              ;
; vga_monitor:vga_monitor|text4[14][10][2] ; Stuck at VCC due to stuck port data_in              ;
; vga_monitor:vga_monitor|text4[14][10][3] ; Stuck at VCC due to stuck port data_in              ;
; vga_monitor:vga_monitor|text4[14][10][4] ; Stuck at VCC due to stuck port data_in              ;
; vga_monitor:vga_monitor|text4[14][10][5] ; Stuck at GND due to stuck port data_in              ;
; vga_monitor:vga_monitor|text4[14][10][6] ; Stuck at VCC due to stuck port data_in              ;
; vga_monitor:vga_monitor|text4[14][5][0]  ; Stuck at GND due to stuck port data_in              ;
; vga_monitor:vga_monitor|text4[14][5][1]  ; Stuck at GND due to stuck port data_in              ;
; vga_monitor:vga_monitor|text4[14][5][2]  ; Stuck at GND due to stuck port data_in              ;
; vga_monitor:vga_monitor|text4[14][5][3]  ; Stuck at GND due to stuck port data_in              ;
; vga_monitor:vga_monitor|text4[14][5][4]  ; Stuck at GND due to stuck port data_in              ;
; vga_monitor:vga_monitor|text4[14][5][5]  ; Stuck at VCC due to stuck port data_in              ;
; vga_monitor:vga_monitor|text4[14][5][6]  ; Stuck at GND due to stuck port data_in              ;
; vga_monitor:vga_monitor|text4[14][4][0]  ; Stuck at GND due to stuck port data_in              ;
; vga_monitor:vga_monitor|text4[14][4][1]  ; Stuck at VCC due to stuck port data_in              ;
; vga_monitor:vga_monitor|text4[14][4][2]  ; Stuck at GND due to stuck port data_in              ;
; vga_monitor:vga_monitor|text4[14][4][3]  ; Stuck at VCC due to stuck port data_in              ;
; vga_monitor:vga_monitor|text4[14][4][4]  ; Stuck at VCC due to stuck port data_in              ;
; vga_monitor:vga_monitor|text4[14][4][5]  ; Stuck at VCC due to stuck port data_in              ;
; vga_monitor:vga_monitor|text4[14][4][6]  ; Stuck at GND due to stuck port data_in              ;
; vga_monitor:vga_monitor|text4[14][2][3]  ; Stuck at GND due to stuck port data_in              ;
; vga_monitor:vga_monitor|text4[14][2][4]  ; Stuck at VCC due to stuck port data_in              ;
; vga_monitor:vga_monitor|text4[14][2][5]  ; Stuck at VCC due to stuck port data_in              ;
; vga_monitor:vga_monitor|text4[14][2][6]  ; Stuck at GND due to stuck port data_in              ;
; vga_monitor:vga_monitor|text4[14][1][0]  ; Stuck at GND due to stuck port data_in              ;
; vga_monitor:vga_monitor|text4[14][1][1]  ; Stuck at GND due to stuck port data_in              ;
; vga_monitor:vga_monitor|text4[14][1][2]  ; Stuck at GND due to stuck port data_in              ;
; vga_monitor:vga_monitor|text4[14][1][3]  ; Stuck at VCC due to stuck port data_in              ;
; vga_monitor:vga_monitor|text4[14][1][4]  ; Stuck at VCC due to stuck port data_in              ;
; vga_monitor:vga_monitor|text4[14][1][5]  ; Stuck at VCC due to stuck port data_in              ;
; vga_monitor:vga_monitor|text4[14][1][6]  ; Stuck at VCC due to stuck port data_in              ;
; vga_monitor:vga_monitor|text4[14][0][0]  ; Stuck at GND due to stuck port data_in              ;
; vga_monitor:vga_monitor|text4[14][0][1]  ; Stuck at GND due to stuck port data_in              ;
; vga_monitor:vga_monitor|text4[14][0][2]  ; Stuck at GND due to stuck port data_in              ;
; vga_monitor:vga_monitor|text4[14][0][3]  ; Stuck at GND due to stuck port data_in              ;
; vga_monitor:vga_monitor|text4[14][0][4]  ; Stuck at VCC due to stuck port data_in              ;
; vga_monitor:vga_monitor|text4[14][0][5]  ; Stuck at VCC due to stuck port data_in              ;
; vga_monitor:vga_monitor|text4[14][0][6]  ; Stuck at GND due to stuck port data_in              ;
; vga_monitor:vga_monitor|text4[13][10][0] ; Stuck at VCC due to stuck port data_in              ;
; vga_monitor:vga_monitor|text4[13][10][1] ; Stuck at VCC due to stuck port data_in              ;
; vga_monitor:vga_monitor|text4[13][10][2] ; Stuck at VCC due to stuck port data_in              ;
; vga_monitor:vga_monitor|text4[13][10][3] ; Stuck at VCC due to stuck port data_in              ;
; vga_monitor:vga_monitor|text4[13][10][4] ; Stuck at VCC due to stuck port data_in              ;
; vga_monitor:vga_monitor|text4[13][10][5] ; Stuck at GND due to stuck port data_in              ;
; vga_monitor:vga_monitor|text4[13][10][6] ; Stuck at VCC due to stuck port data_in              ;
; vga_monitor:vga_monitor|text4[13][5][0]  ; Stuck at GND due to stuck port data_in              ;
; vga_monitor:vga_monitor|text4[13][5][1]  ; Stuck at GND due to stuck port data_in              ;
; vga_monitor:vga_monitor|text4[13][5][2]  ; Stuck at GND due to stuck port data_in              ;
; vga_monitor:vga_monitor|text4[13][5][3]  ; Stuck at GND due to stuck port data_in              ;
; vga_monitor:vga_monitor|text4[13][5][4]  ; Stuck at GND due to stuck port data_in              ;
; vga_monitor:vga_monitor|text4[13][5][5]  ; Stuck at VCC due to stuck port data_in              ;
; vga_monitor:vga_monitor|text4[13][5][6]  ; Stuck at GND due to stuck port data_in              ;
; vga_monitor:vga_monitor|text4[13][4][0]  ; Stuck at GND due to stuck port data_in              ;
; vga_monitor:vga_monitor|text4[13][4][1]  ; Stuck at VCC due to stuck port data_in              ;
; vga_monitor:vga_monitor|text4[13][4][2]  ; Stuck at GND due to stuck port data_in              ;
; vga_monitor:vga_monitor|text4[13][4][3]  ; Stuck at VCC due to stuck port data_in              ;
; vga_monitor:vga_monitor|text4[13][4][4]  ; Stuck at VCC due to stuck port data_in              ;
; vga_monitor:vga_monitor|text4[13][4][5]  ; Stuck at VCC due to stuck port data_in              ;
; vga_monitor:vga_monitor|text4[13][4][6]  ; Stuck at GND due to stuck port data_in              ;
; vga_monitor:vga_monitor|text4[13][2][3]  ; Stuck at GND due to stuck port data_in              ;
; vga_monitor:vga_monitor|text4[13][2][4]  ; Stuck at VCC due to stuck port data_in              ;
; vga_monitor:vga_monitor|text4[13][2][5]  ; Stuck at VCC due to stuck port data_in              ;
; vga_monitor:vga_monitor|text4[13][2][6]  ; Stuck at GND due to stuck port data_in              ;
; vga_monitor:vga_monitor|text4[13][1][0]  ; Stuck at GND due to stuck port data_in              ;
; vga_monitor:vga_monitor|text4[13][1][1]  ; Stuck at GND due to stuck port data_in              ;
; vga_monitor:vga_monitor|text4[13][1][2]  ; Stuck at GND due to stuck port data_in              ;
; vga_monitor:vga_monitor|text4[13][1][3]  ; Stuck at VCC due to stuck port data_in              ;
; vga_monitor:vga_monitor|text4[13][1][4]  ; Stuck at VCC due to stuck port data_in              ;
; vga_monitor:vga_monitor|text4[13][1][5]  ; Stuck at VCC due to stuck port data_in              ;
; vga_monitor:vga_monitor|text4[13][1][6]  ; Stuck at VCC due to stuck port data_in              ;
; vga_monitor:vga_monitor|text4[13][0][0]  ; Stuck at GND due to stuck port data_in              ;
; vga_monitor:vga_monitor|text4[13][0][1]  ; Stuck at GND due to stuck port data_in              ;
; vga_monitor:vga_monitor|text4[13][0][2]  ; Stuck at GND due to stuck port data_in              ;
; vga_monitor:vga_monitor|text4[13][0][3]  ; Stuck at GND due to stuck port data_in              ;
; vga_monitor:vga_monitor|text4[13][0][4]  ; Stuck at VCC due to stuck port data_in              ;
; vga_monitor:vga_monitor|text4[13][0][5]  ; Stuck at VCC due to stuck port data_in              ;
; vga_monitor:vga_monitor|text4[13][0][6]  ; Stuck at GND due to stuck port data_in              ;
; vga_monitor:vga_monitor|text4[12][10][0] ; Stuck at VCC due to stuck port data_in              ;
; vga_monitor:vga_monitor|text4[12][10][1] ; Stuck at VCC due to stuck port data_in              ;
; vga_monitor:vga_monitor|text4[12][10][2] ; Stuck at VCC due to stuck port data_in              ;
; vga_monitor:vga_monitor|text4[12][10][3] ; Stuck at VCC due to stuck port data_in              ;
; vga_monitor:vga_monitor|text4[12][10][4] ; Stuck at VCC due to stuck port data_in              ;
; vga_monitor:vga_monitor|text4[12][10][5] ; Stuck at GND due to stuck port data_in              ;
; vga_monitor:vga_monitor|text4[12][10][6] ; Stuck at VCC due to stuck port data_in              ;
; vga_monitor:vga_monitor|text4[12][5][0]  ; Stuck at GND due to stuck port data_in              ;
; vga_monitor:vga_monitor|text4[12][5][1]  ; Stuck at GND due to stuck port data_in              ;
; vga_monitor:vga_monitor|text4[12][5][2]  ; Stuck at GND due to stuck port data_in              ;
; vga_monitor:vga_monitor|text4[12][5][3]  ; Stuck at GND due to stuck port data_in              ;
; vga_monitor:vga_monitor|text4[12][5][4]  ; Stuck at GND due to stuck port data_in              ;
; vga_monitor:vga_monitor|text4[12][5][5]  ; Stuck at VCC due to stuck port data_in              ;
; vga_monitor:vga_monitor|text4[12][5][6]  ; Stuck at GND due to stuck port data_in              ;
; vga_monitor:vga_monitor|text4[12][4][0]  ; Stuck at GND due to stuck port data_in              ;
; vga_monitor:vga_monitor|text4[12][4][1]  ; Stuck at VCC due to stuck port data_in              ;
; vga_monitor:vga_monitor|text4[12][4][2]  ; Stuck at GND due to stuck port data_in              ;
; vga_monitor:vga_monitor|text4[12][4][3]  ; Stuck at VCC due to stuck port data_in              ;
; vga_monitor:vga_monitor|text4[12][4][4]  ; Stuck at VCC due to stuck port data_in              ;
; vga_monitor:vga_monitor|text4[12][4][5]  ; Stuck at VCC due to stuck port data_in              ;
; vga_monitor:vga_monitor|text4[12][4][6]  ; Stuck at GND due to stuck port data_in              ;
; vga_monitor:vga_monitor|text4[12][2][3]  ; Stuck at GND due to stuck port data_in              ;
; vga_monitor:vga_monitor|text4[12][2][4]  ; Stuck at VCC due to stuck port data_in              ;
; vga_monitor:vga_monitor|text4[12][2][5]  ; Stuck at VCC due to stuck port data_in              ;
; vga_monitor:vga_monitor|text4[12][2][6]  ; Stuck at GND due to stuck port data_in              ;
; vga_monitor:vga_monitor|text4[12][1][0]  ; Stuck at GND due to stuck port data_in              ;
; vga_monitor:vga_monitor|text4[12][1][1]  ; Stuck at GND due to stuck port data_in              ;
; vga_monitor:vga_monitor|text4[12][1][2]  ; Stuck at GND due to stuck port data_in              ;
; vga_monitor:vga_monitor|text4[12][1][3]  ; Stuck at VCC due to stuck port data_in              ;
; vga_monitor:vga_monitor|text4[12][1][4]  ; Stuck at VCC due to stuck port data_in              ;
; vga_monitor:vga_monitor|text4[12][1][5]  ; Stuck at VCC due to stuck port data_in              ;
; vga_monitor:vga_monitor|text4[12][1][6]  ; Stuck at VCC due to stuck port data_in              ;
; vga_monitor:vga_monitor|text4[12][0][0]  ; Stuck at GND due to stuck port data_in              ;
; vga_monitor:vga_monitor|text4[12][0][1]  ; Stuck at GND due to stuck port data_in              ;
; vga_monitor:vga_monitor|text4[12][0][2]  ; Stuck at GND due to stuck port data_in              ;
; vga_monitor:vga_monitor|text4[12][0][3]  ; Stuck at GND due to stuck port data_in              ;
; vga_monitor:vga_monitor|text4[12][0][4]  ; Stuck at VCC due to stuck port data_in              ;
; vga_monitor:vga_monitor|text4[12][0][5]  ; Stuck at VCC due to stuck port data_in              ;
; vga_monitor:vga_monitor|text4[12][0][6]  ; Stuck at GND due to stuck port data_in              ;
; vga_monitor:vga_monitor|text4[11][10][0] ; Stuck at VCC due to stuck port data_in              ;
; vga_monitor:vga_monitor|text4[11][10][1] ; Stuck at VCC due to stuck port data_in              ;
; vga_monitor:vga_monitor|text4[11][10][2] ; Stuck at VCC due to stuck port data_in              ;
; vga_monitor:vga_monitor|text4[11][10][3] ; Stuck at VCC due to stuck port data_in              ;
; vga_monitor:vga_monitor|text4[11][10][4] ; Stuck at VCC due to stuck port data_in              ;
; vga_monitor:vga_monitor|text4[11][10][5] ; Stuck at GND due to stuck port data_in              ;
; vga_monitor:vga_monitor|text4[11][10][6] ; Stuck at VCC due to stuck port data_in              ;
; vga_monitor:vga_monitor|text4[11][5][0]  ; Stuck at GND due to stuck port data_in              ;
; vga_monitor:vga_monitor|text4[11][5][1]  ; Stuck at GND due to stuck port data_in              ;
; vga_monitor:vga_monitor|text4[11][5][2]  ; Stuck at GND due to stuck port data_in              ;
; vga_monitor:vga_monitor|text4[11][5][3]  ; Stuck at GND due to stuck port data_in              ;
; vga_monitor:vga_monitor|text4[11][5][4]  ; Stuck at GND due to stuck port data_in              ;
; vga_monitor:vga_monitor|text4[11][5][5]  ; Stuck at VCC due to stuck port data_in              ;
; vga_monitor:vga_monitor|text4[11][5][6]  ; Stuck at GND due to stuck port data_in              ;
; vga_monitor:vga_monitor|text4[11][4][0]  ; Stuck at GND due to stuck port data_in              ;
; vga_monitor:vga_monitor|text4[11][4][1]  ; Stuck at VCC due to stuck port data_in              ;
; vga_monitor:vga_monitor|text4[11][4][2]  ; Stuck at GND due to stuck port data_in              ;
; vga_monitor:vga_monitor|text4[11][4][3]  ; Stuck at VCC due to stuck port data_in              ;
; vga_monitor:vga_monitor|text4[11][4][4]  ; Stuck at VCC due to stuck port data_in              ;
; vga_monitor:vga_monitor|text4[11][4][5]  ; Stuck at VCC due to stuck port data_in              ;
; vga_monitor:vga_monitor|text4[11][4][6]  ; Stuck at GND due to stuck port data_in              ;
; vga_monitor:vga_monitor|text4[11][2][3]  ; Stuck at GND due to stuck port data_in              ;
; vga_monitor:vga_monitor|text4[11][2][4]  ; Stuck at VCC due to stuck port data_in              ;
; vga_monitor:vga_monitor|text4[11][2][5]  ; Stuck at VCC due to stuck port data_in              ;
; vga_monitor:vga_monitor|text4[11][2][6]  ; Stuck at GND due to stuck port data_in              ;
; vga_monitor:vga_monitor|text4[11][1][0]  ; Stuck at GND due to stuck port data_in              ;
; vga_monitor:vga_monitor|text4[11][1][1]  ; Stuck at GND due to stuck port data_in              ;
; vga_monitor:vga_monitor|text4[11][1][2]  ; Stuck at GND due to stuck port data_in              ;
; vga_monitor:vga_monitor|text4[11][1][3]  ; Stuck at VCC due to stuck port data_in              ;
; vga_monitor:vga_monitor|text4[11][1][4]  ; Stuck at VCC due to stuck port data_in              ;
; vga_monitor:vga_monitor|text4[11][1][5]  ; Stuck at VCC due to stuck port data_in              ;
; vga_monitor:vga_monitor|text4[11][1][6]  ; Stuck at VCC due to stuck port data_in              ;
; vga_monitor:vga_monitor|text4[11][0][0]  ; Stuck at GND due to stuck port data_in              ;
; vga_monitor:vga_monitor|text4[11][0][1]  ; Stuck at GND due to stuck port data_in              ;
; vga_monitor:vga_monitor|text4[11][0][2]  ; Stuck at GND due to stuck port data_in              ;
; vga_monitor:vga_monitor|text4[11][0][3]  ; Stuck at GND due to stuck port data_in              ;
; vga_monitor:vga_monitor|text4[11][0][4]  ; Stuck at VCC due to stuck port data_in              ;
; vga_monitor:vga_monitor|text4[11][0][5]  ; Stuck at VCC due to stuck port data_in              ;
; vga_monitor:vga_monitor|text4[11][0][6]  ; Stuck at GND due to stuck port data_in              ;
; vga_monitor:vga_monitor|text4[10][10][0] ; Stuck at VCC due to stuck port data_in              ;
; vga_monitor:vga_monitor|text4[10][10][1] ; Stuck at VCC due to stuck port data_in              ;
; vga_monitor:vga_monitor|text4[10][10][2] ; Stuck at VCC due to stuck port data_in              ;
; vga_monitor:vga_monitor|text4[10][10][3] ; Stuck at VCC due to stuck port data_in              ;
; vga_monitor:vga_monitor|text4[10][10][4] ; Stuck at VCC due to stuck port data_in              ;
; vga_monitor:vga_monitor|text4[10][10][5] ; Stuck at GND due to stuck port data_in              ;
; vga_monitor:vga_monitor|text4[10][10][6] ; Stuck at VCC due to stuck port data_in              ;
; vga_monitor:vga_monitor|text4[10][5][0]  ; Stuck at GND due to stuck port data_in              ;
; vga_monitor:vga_monitor|text4[10][5][1]  ; Stuck at GND due to stuck port data_in              ;
; vga_monitor:vga_monitor|text4[10][5][2]  ; Stuck at GND due to stuck port data_in              ;
; vga_monitor:vga_monitor|text4[10][5][3]  ; Stuck at GND due to stuck port data_in              ;
; vga_monitor:vga_monitor|text4[10][5][4]  ; Stuck at GND due to stuck port data_in              ;
; vga_monitor:vga_monitor|text4[10][5][5]  ; Stuck at VCC due to stuck port data_in              ;
; vga_monitor:vga_monitor|text4[10][5][6]  ; Stuck at GND due to stuck port data_in              ;
; vga_monitor:vga_monitor|text4[10][4][0]  ; Stuck at GND due to stuck port data_in              ;
; vga_monitor:vga_monitor|text4[10][4][1]  ; Stuck at VCC due to stuck port data_in              ;
; vga_monitor:vga_monitor|text4[10][4][2]  ; Stuck at GND due to stuck port data_in              ;
; vga_monitor:vga_monitor|text4[10][4][3]  ; Stuck at VCC due to stuck port data_in              ;
; vga_monitor:vga_monitor|text4[10][4][4]  ; Stuck at VCC due to stuck port data_in              ;
; vga_monitor:vga_monitor|text4[10][4][5]  ; Stuck at VCC due to stuck port data_in              ;
; vga_monitor:vga_monitor|text4[10][4][6]  ; Stuck at GND due to stuck port data_in              ;
; vga_monitor:vga_monitor|text4[10][2][3]  ; Stuck at GND due to stuck port data_in              ;
; vga_monitor:vga_monitor|text4[10][2][4]  ; Stuck at VCC due to stuck port data_in              ;
; vga_monitor:vga_monitor|text4[10][2][5]  ; Stuck at VCC due to stuck port data_in              ;
; vga_monitor:vga_monitor|text4[10][2][6]  ; Stuck at GND due to stuck port data_in              ;
; vga_monitor:vga_monitor|text4[10][1][0]  ; Stuck at GND due to stuck port data_in              ;
; vga_monitor:vga_monitor|text4[10][1][1]  ; Stuck at GND due to stuck port data_in              ;
; vga_monitor:vga_monitor|text4[10][1][2]  ; Stuck at GND due to stuck port data_in              ;
; vga_monitor:vga_monitor|text4[10][1][3]  ; Stuck at VCC due to stuck port data_in              ;
; vga_monitor:vga_monitor|text4[10][1][4]  ; Stuck at VCC due to stuck port data_in              ;
; vga_monitor:vga_monitor|text4[10][1][5]  ; Stuck at VCC due to stuck port data_in              ;
; vga_monitor:vga_monitor|text4[10][1][6]  ; Stuck at VCC due to stuck port data_in              ;
; vga_monitor:vga_monitor|text4[10][0][0]  ; Stuck at GND due to stuck port data_in              ;
; vga_monitor:vga_monitor|text4[10][0][1]  ; Stuck at GND due to stuck port data_in              ;
; vga_monitor:vga_monitor|text4[10][0][2]  ; Stuck at GND due to stuck port data_in              ;
; vga_monitor:vga_monitor|text4[10][0][3]  ; Stuck at GND due to stuck port data_in              ;
; vga_monitor:vga_monitor|text4[10][0][4]  ; Stuck at VCC due to stuck port data_in              ;
; vga_monitor:vga_monitor|text4[10][0][5]  ; Stuck at VCC due to stuck port data_in              ;
; vga_monitor:vga_monitor|text4[10][0][6]  ; Stuck at GND due to stuck port data_in              ;
; vga_monitor:vga_monitor|text4[9][10][0]  ; Stuck at VCC due to stuck port data_in              ;
; vga_monitor:vga_monitor|text4[9][10][1]  ; Stuck at VCC due to stuck port data_in              ;
; vga_monitor:vga_monitor|text4[9][10][2]  ; Stuck at VCC due to stuck port data_in              ;
; vga_monitor:vga_monitor|text4[9][10][3]  ; Stuck at VCC due to stuck port data_in              ;
; vga_monitor:vga_monitor|text4[9][10][4]  ; Stuck at VCC due to stuck port data_in              ;
; vga_monitor:vga_monitor|text4[9][10][5]  ; Stuck at GND due to stuck port data_in              ;
; vga_monitor:vga_monitor|text4[9][10][6]  ; Stuck at VCC due to stuck port data_in              ;
; vga_monitor:vga_monitor|text4[9][5][0]   ; Stuck at GND due to stuck port data_in              ;
; vga_monitor:vga_monitor|text4[9][5][1]   ; Stuck at GND due to stuck port data_in              ;
; vga_monitor:vga_monitor|text4[9][5][2]   ; Stuck at GND due to stuck port data_in              ;
; vga_monitor:vga_monitor|text4[9][5][3]   ; Stuck at GND due to stuck port data_in              ;
; vga_monitor:vga_monitor|text4[9][5][4]   ; Stuck at GND due to stuck port data_in              ;
; vga_monitor:vga_monitor|text4[9][5][5]   ; Stuck at VCC due to stuck port data_in              ;
; vga_monitor:vga_monitor|text4[9][5][6]   ; Stuck at GND due to stuck port data_in              ;
; vga_monitor:vga_monitor|text4[9][4][0]   ; Stuck at GND due to stuck port data_in              ;
; vga_monitor:vga_monitor|text4[9][4][1]   ; Stuck at VCC due to stuck port data_in              ;
; vga_monitor:vga_monitor|text4[9][4][2]   ; Stuck at GND due to stuck port data_in              ;
; vga_monitor:vga_monitor|text4[9][4][3]   ; Stuck at VCC due to stuck port data_in              ;
; vga_monitor:vga_monitor|text4[9][4][4]   ; Stuck at VCC due to stuck port data_in              ;
; vga_monitor:vga_monitor|text4[9][4][5]   ; Stuck at VCC due to stuck port data_in              ;
; vga_monitor:vga_monitor|text4[9][4][6]   ; Stuck at GND due to stuck port data_in              ;
; vga_monitor:vga_monitor|text4[9][2][3]   ; Stuck at GND due to stuck port data_in              ;
; vga_monitor:vga_monitor|text4[9][2][4]   ; Stuck at VCC due to stuck port data_in              ;
; vga_monitor:vga_monitor|text4[9][2][5]   ; Stuck at VCC due to stuck port data_in              ;
; vga_monitor:vga_monitor|text4[9][2][6]   ; Stuck at GND due to stuck port data_in              ;
; vga_monitor:vga_monitor|text4[9][1][0]   ; Stuck at GND due to stuck port data_in              ;
; vga_monitor:vga_monitor|text4[9][1][1]   ; Stuck at GND due to stuck port data_in              ;
; vga_monitor:vga_monitor|text4[9][1][2]   ; Stuck at GND due to stuck port data_in              ;
; vga_monitor:vga_monitor|text4[9][1][3]   ; Stuck at VCC due to stuck port data_in              ;
; vga_monitor:vga_monitor|text4[9][1][4]   ; Stuck at VCC due to stuck port data_in              ;
; vga_monitor:vga_monitor|text4[9][1][5]   ; Stuck at VCC due to stuck port data_in              ;
; vga_monitor:vga_monitor|text4[9][1][6]   ; Stuck at VCC due to stuck port data_in              ;
; vga_monitor:vga_monitor|text4[9][0][0]   ; Stuck at GND due to stuck port data_in              ;
; vga_monitor:vga_monitor|text4[9][0][1]   ; Stuck at GND due to stuck port data_in              ;
; vga_monitor:vga_monitor|text4[9][0][2]   ; Stuck at GND due to stuck port data_in              ;
; vga_monitor:vga_monitor|text4[9][0][3]   ; Stuck at GND due to stuck port data_in              ;
; vga_monitor:vga_monitor|text4[9][0][4]   ; Stuck at VCC due to stuck port data_in              ;
; vga_monitor:vga_monitor|text4[9][0][5]   ; Stuck at VCC due to stuck port data_in              ;
; vga_monitor:vga_monitor|text4[9][0][6]   ; Stuck at GND due to stuck port data_in              ;
; vga_monitor:vga_monitor|text4[8][10][0]  ; Stuck at VCC due to stuck port data_in              ;
; vga_monitor:vga_monitor|text4[8][10][1]  ; Stuck at VCC due to stuck port data_in              ;
; vga_monitor:vga_monitor|text4[8][10][2]  ; Stuck at VCC due to stuck port data_in              ;
; vga_monitor:vga_monitor|text4[8][10][3]  ; Stuck at VCC due to stuck port data_in              ;
; vga_monitor:vga_monitor|text4[8][10][4]  ; Stuck at VCC due to stuck port data_in              ;
; vga_monitor:vga_monitor|text4[8][10][5]  ; Stuck at GND due to stuck port data_in              ;
; vga_monitor:vga_monitor|text4[8][10][6]  ; Stuck at VCC due to stuck port data_in              ;
; vga_monitor:vga_monitor|text4[8][5][0]   ; Stuck at GND due to stuck port data_in              ;
; vga_monitor:vga_monitor|text4[8][5][1]   ; Stuck at GND due to stuck port data_in              ;
; vga_monitor:vga_monitor|text4[8][5][2]   ; Stuck at GND due to stuck port data_in              ;
; vga_monitor:vga_monitor|text4[8][5][3]   ; Stuck at GND due to stuck port data_in              ;
; vga_monitor:vga_monitor|text4[8][5][4]   ; Stuck at GND due to stuck port data_in              ;
; vga_monitor:vga_monitor|text4[8][5][5]   ; Stuck at VCC due to stuck port data_in              ;
; vga_monitor:vga_monitor|text4[8][5][6]   ; Stuck at GND due to stuck port data_in              ;
; vga_monitor:vga_monitor|text4[8][4][0]   ; Stuck at GND due to stuck port data_in              ;
; vga_monitor:vga_monitor|text4[8][4][1]   ; Stuck at VCC due to stuck port data_in              ;
; vga_monitor:vga_monitor|text4[8][4][2]   ; Stuck at GND due to stuck port data_in              ;
; vga_monitor:vga_monitor|text4[8][4][3]   ; Stuck at VCC due to stuck port data_in              ;
; vga_monitor:vga_monitor|text4[8][4][4]   ; Stuck at VCC due to stuck port data_in              ;
; vga_monitor:vga_monitor|text4[8][4][5]   ; Stuck at VCC due to stuck port data_in              ;
; vga_monitor:vga_monitor|text4[8][4][6]   ; Stuck at GND due to stuck port data_in              ;
; vga_monitor:vga_monitor|text4[8][2][3]   ; Stuck at GND due to stuck port data_in              ;
; vga_monitor:vga_monitor|text4[8][2][4]   ; Stuck at VCC due to stuck port data_in              ;
; vga_monitor:vga_monitor|text4[8][2][5]   ; Stuck at VCC due to stuck port data_in              ;
; vga_monitor:vga_monitor|text4[8][2][6]   ; Stuck at GND due to stuck port data_in              ;
; vga_monitor:vga_monitor|text4[8][1][0]   ; Stuck at GND due to stuck port data_in              ;
; vga_monitor:vga_monitor|text4[8][1][1]   ; Stuck at GND due to stuck port data_in              ;
; vga_monitor:vga_monitor|text4[8][1][2]   ; Stuck at GND due to stuck port data_in              ;
; vga_monitor:vga_monitor|text4[8][1][3]   ; Stuck at VCC due to stuck port data_in              ;
; vga_monitor:vga_monitor|text4[8][1][4]   ; Stuck at VCC due to stuck port data_in              ;
; vga_monitor:vga_monitor|text4[8][1][5]   ; Stuck at VCC due to stuck port data_in              ;
; vga_monitor:vga_monitor|text4[8][1][6]   ; Stuck at VCC due to stuck port data_in              ;
; vga_monitor:vga_monitor|text4[8][0][0]   ; Stuck at GND due to stuck port data_in              ;
; vga_monitor:vga_monitor|text4[8][0][1]   ; Stuck at GND due to stuck port data_in              ;
; vga_monitor:vga_monitor|text4[8][0][2]   ; Stuck at GND due to stuck port data_in              ;
; vga_monitor:vga_monitor|text4[8][0][3]   ; Stuck at GND due to stuck port data_in              ;
; vga_monitor:vga_monitor|text4[8][0][4]   ; Stuck at VCC due to stuck port data_in              ;
; vga_monitor:vga_monitor|text4[8][0][5]   ; Stuck at VCC due to stuck port data_in              ;
; vga_monitor:vga_monitor|text4[8][0][6]   ; Stuck at GND due to stuck port data_in              ;
; vga_monitor:vga_monitor|text4[7][10][0]  ; Stuck at VCC due to stuck port data_in              ;
; vga_monitor:vga_monitor|text4[7][10][1]  ; Stuck at VCC due to stuck port data_in              ;
; vga_monitor:vga_monitor|text4[7][10][2]  ; Stuck at VCC due to stuck port data_in              ;
; vga_monitor:vga_monitor|text4[7][10][3]  ; Stuck at VCC due to stuck port data_in              ;
; vga_monitor:vga_monitor|text4[7][10][4]  ; Stuck at VCC due to stuck port data_in              ;
; vga_monitor:vga_monitor|text4[7][10][5]  ; Stuck at GND due to stuck port data_in              ;
; vga_monitor:vga_monitor|text4[7][10][6]  ; Stuck at VCC due to stuck port data_in              ;
; vga_monitor:vga_monitor|text4[7][5][0]   ; Stuck at GND due to stuck port data_in              ;
; vga_monitor:vga_monitor|text4[7][5][1]   ; Stuck at GND due to stuck port data_in              ;
; vga_monitor:vga_monitor|text4[7][5][2]   ; Stuck at GND due to stuck port data_in              ;
; vga_monitor:vga_monitor|text4[7][5][3]   ; Stuck at GND due to stuck port data_in              ;
; vga_monitor:vga_monitor|text4[7][5][4]   ; Stuck at GND due to stuck port data_in              ;
; vga_monitor:vga_monitor|text4[7][5][5]   ; Stuck at VCC due to stuck port data_in              ;
; vga_monitor:vga_monitor|text4[7][5][6]   ; Stuck at GND due to stuck port data_in              ;
; vga_monitor:vga_monitor|text4[7][4][0]   ; Stuck at GND due to stuck port data_in              ;
; vga_monitor:vga_monitor|text4[7][4][1]   ; Stuck at VCC due to stuck port data_in              ;
; vga_monitor:vga_monitor|text4[7][4][2]   ; Stuck at GND due to stuck port data_in              ;
; vga_monitor:vga_monitor|text4[7][4][3]   ; Stuck at VCC due to stuck port data_in              ;
; vga_monitor:vga_monitor|text4[7][4][4]   ; Stuck at VCC due to stuck port data_in              ;
; vga_monitor:vga_monitor|text4[7][4][5]   ; Stuck at VCC due to stuck port data_in              ;
; vga_monitor:vga_monitor|text4[7][4][6]   ; Stuck at GND due to stuck port data_in              ;
; vga_monitor:vga_monitor|text4[7][2][3]   ; Stuck at GND due to stuck port data_in              ;
; vga_monitor:vga_monitor|text4[7][2][4]   ; Stuck at VCC due to stuck port data_in              ;
; vga_monitor:vga_monitor|text4[7][2][5]   ; Stuck at VCC due to stuck port data_in              ;
; vga_monitor:vga_monitor|text4[7][2][6]   ; Stuck at GND due to stuck port data_in              ;
; vga_monitor:vga_monitor|text4[7][1][0]   ; Stuck at GND due to stuck port data_in              ;
; vga_monitor:vga_monitor|text4[7][1][1]   ; Stuck at GND due to stuck port data_in              ;
; vga_monitor:vga_monitor|text4[7][1][2]   ; Stuck at GND due to stuck port data_in              ;
; vga_monitor:vga_monitor|text4[7][1][3]   ; Stuck at VCC due to stuck port data_in              ;
; vga_monitor:vga_monitor|text4[7][1][4]   ; Stuck at VCC due to stuck port data_in              ;
; vga_monitor:vga_monitor|text4[7][1][5]   ; Stuck at VCC due to stuck port data_in              ;
; vga_monitor:vga_monitor|text4[7][1][6]   ; Stuck at VCC due to stuck port data_in              ;
; vga_monitor:vga_monitor|text4[7][0][0]   ; Stuck at GND due to stuck port data_in              ;
; vga_monitor:vga_monitor|text4[7][0][1]   ; Stuck at GND due to stuck port data_in              ;
; vga_monitor:vga_monitor|text4[7][0][2]   ; Stuck at GND due to stuck port data_in              ;
; vga_monitor:vga_monitor|text4[7][0][3]   ; Stuck at GND due to stuck port data_in              ;
; vga_monitor:vga_monitor|text4[7][0][4]   ; Stuck at VCC due to stuck port data_in              ;
; vga_monitor:vga_monitor|text4[7][0][5]   ; Stuck at VCC due to stuck port data_in              ;
; vga_monitor:vga_monitor|text4[7][0][6]   ; Stuck at GND due to stuck port data_in              ;
; vga_monitor:vga_monitor|text4[6][10][0]  ; Stuck at VCC due to stuck port data_in              ;
; vga_monitor:vga_monitor|text4[6][10][1]  ; Stuck at VCC due to stuck port data_in              ;
; vga_monitor:vga_monitor|text4[6][10][2]  ; Stuck at VCC due to stuck port data_in              ;
; vga_monitor:vga_monitor|text4[6][10][3]  ; Stuck at VCC due to stuck port data_in              ;
; vga_monitor:vga_monitor|text4[6][10][4]  ; Stuck at VCC due to stuck port data_in              ;
; vga_monitor:vga_monitor|text4[6][10][5]  ; Stuck at GND due to stuck port data_in              ;
; vga_monitor:vga_monitor|text4[6][10][6]  ; Stuck at VCC due to stuck port data_in              ;
; vga_monitor:vga_monitor|text4[6][5][0]   ; Stuck at GND due to stuck port data_in              ;
; vga_monitor:vga_monitor|text4[6][5][1]   ; Stuck at GND due to stuck port data_in              ;
; vga_monitor:vga_monitor|text4[6][5][2]   ; Stuck at GND due to stuck port data_in              ;
; vga_monitor:vga_monitor|text4[6][5][3]   ; Stuck at GND due to stuck port data_in              ;
; vga_monitor:vga_monitor|text4[6][5][4]   ; Stuck at GND due to stuck port data_in              ;
; vga_monitor:vga_monitor|text4[6][5][5]   ; Stuck at VCC due to stuck port data_in              ;
; vga_monitor:vga_monitor|text4[6][5][6]   ; Stuck at GND due to stuck port data_in              ;
; vga_monitor:vga_monitor|text4[6][4][0]   ; Stuck at GND due to stuck port data_in              ;
; vga_monitor:vga_monitor|text4[6][4][1]   ; Stuck at VCC due to stuck port data_in              ;
; vga_monitor:vga_monitor|text4[6][4][2]   ; Stuck at GND due to stuck port data_in              ;
; vga_monitor:vga_monitor|text4[6][4][3]   ; Stuck at VCC due to stuck port data_in              ;
; vga_monitor:vga_monitor|text4[6][4][4]   ; Stuck at VCC due to stuck port data_in              ;
; vga_monitor:vga_monitor|text4[6][4][5]   ; Stuck at VCC due to stuck port data_in              ;
; vga_monitor:vga_monitor|text4[6][4][6]   ; Stuck at GND due to stuck port data_in              ;
; vga_monitor:vga_monitor|text4[6][2][3]   ; Stuck at GND due to stuck port data_in              ;
; vga_monitor:vga_monitor|text4[6][2][4]   ; Stuck at VCC due to stuck port data_in              ;
; vga_monitor:vga_monitor|text4[6][2][5]   ; Stuck at VCC due to stuck port data_in              ;
; vga_monitor:vga_monitor|text4[6][2][6]   ; Stuck at GND due to stuck port data_in              ;
; vga_monitor:vga_monitor|text4[6][1][0]   ; Stuck at GND due to stuck port data_in              ;
; vga_monitor:vga_monitor|text4[6][1][1]   ; Stuck at GND due to stuck port data_in              ;
; vga_monitor:vga_monitor|text4[6][1][2]   ; Stuck at GND due to stuck port data_in              ;
; vga_monitor:vga_monitor|text4[6][1][3]   ; Stuck at VCC due to stuck port data_in              ;
; vga_monitor:vga_monitor|text4[6][1][4]   ; Stuck at VCC due to stuck port data_in              ;
; vga_monitor:vga_monitor|text4[6][1][5]   ; Stuck at VCC due to stuck port data_in              ;
; vga_monitor:vga_monitor|text4[6][1][6]   ; Stuck at VCC due to stuck port data_in              ;
; vga_monitor:vga_monitor|text4[6][0][0]   ; Stuck at GND due to stuck port data_in              ;
; vga_monitor:vga_monitor|text4[6][0][1]   ; Stuck at GND due to stuck port data_in              ;
; vga_monitor:vga_monitor|text4[6][0][2]   ; Stuck at GND due to stuck port data_in              ;
; vga_monitor:vga_monitor|text4[6][0][3]   ; Stuck at GND due to stuck port data_in              ;
; vga_monitor:vga_monitor|text4[6][0][4]   ; Stuck at VCC due to stuck port data_in              ;
; vga_monitor:vga_monitor|text4[6][0][5]   ; Stuck at VCC due to stuck port data_in              ;
; vga_monitor:vga_monitor|text4[6][0][6]   ; Stuck at GND due to stuck port data_in              ;
; vga_monitor:vga_monitor|text4[5][10][0]  ; Stuck at VCC due to stuck port data_in              ;
; vga_monitor:vga_monitor|text4[5][10][1]  ; Stuck at VCC due to stuck port data_in              ;
; vga_monitor:vga_monitor|text4[5][10][2]  ; Stuck at VCC due to stuck port data_in              ;
; vga_monitor:vga_monitor|text4[5][10][3]  ; Stuck at VCC due to stuck port data_in              ;
; vga_monitor:vga_monitor|text4[5][10][4]  ; Stuck at VCC due to stuck port data_in              ;
; vga_monitor:vga_monitor|text4[5][10][5]  ; Stuck at GND due to stuck port data_in              ;
; vga_monitor:vga_monitor|text4[5][10][6]  ; Stuck at VCC due to stuck port data_in              ;
; vga_monitor:vga_monitor|text4[5][5][0]   ; Stuck at GND due to stuck port data_in              ;
; vga_monitor:vga_monitor|text4[5][5][1]   ; Stuck at GND due to stuck port data_in              ;
; vga_monitor:vga_monitor|text4[5][5][2]   ; Stuck at GND due to stuck port data_in              ;
; vga_monitor:vga_monitor|text4[5][5][3]   ; Stuck at GND due to stuck port data_in              ;
; vga_monitor:vga_monitor|text4[5][5][4]   ; Stuck at GND due to stuck port data_in              ;
; vga_monitor:vga_monitor|text4[5][5][5]   ; Stuck at VCC due to stuck port data_in              ;
; vga_monitor:vga_monitor|text4[5][5][6]   ; Stuck at GND due to stuck port data_in              ;
; vga_monitor:vga_monitor|text4[5][4][0]   ; Stuck at GND due to stuck port data_in              ;
; vga_monitor:vga_monitor|text4[5][4][1]   ; Stuck at VCC due to stuck port data_in              ;
; vga_monitor:vga_monitor|text4[5][4][2]   ; Stuck at GND due to stuck port data_in              ;
; vga_monitor:vga_monitor|text4[5][4][3]   ; Stuck at VCC due to stuck port data_in              ;
; vga_monitor:vga_monitor|text4[5][4][4]   ; Stuck at VCC due to stuck port data_in              ;
; vga_monitor:vga_monitor|text4[5][4][5]   ; Stuck at VCC due to stuck port data_in              ;
; vga_monitor:vga_monitor|text4[5][4][6]   ; Stuck at GND due to stuck port data_in              ;
; vga_monitor:vga_monitor|text4[5][2][3]   ; Stuck at GND due to stuck port data_in              ;
; vga_monitor:vga_monitor|text4[5][2][4]   ; Stuck at VCC due to stuck port data_in              ;
; vga_monitor:vga_monitor|text4[5][2][5]   ; Stuck at VCC due to stuck port data_in              ;
; vga_monitor:vga_monitor|text4[5][2][6]   ; Stuck at GND due to stuck port data_in              ;
; vga_monitor:vga_monitor|text4[5][1][0]   ; Stuck at GND due to stuck port data_in              ;
; vga_monitor:vga_monitor|text4[5][1][1]   ; Stuck at GND due to stuck port data_in              ;
; vga_monitor:vga_monitor|text4[5][1][2]   ; Stuck at GND due to stuck port data_in              ;
; vga_monitor:vga_monitor|text4[5][1][3]   ; Stuck at VCC due to stuck port data_in              ;
; vga_monitor:vga_monitor|text4[5][1][4]   ; Stuck at VCC due to stuck port data_in              ;
; vga_monitor:vga_monitor|text4[5][1][5]   ; Stuck at VCC due to stuck port data_in              ;
; vga_monitor:vga_monitor|text4[5][1][6]   ; Stuck at VCC due to stuck port data_in              ;
; vga_monitor:vga_monitor|text4[5][0][0]   ; Stuck at GND due to stuck port data_in              ;
; vga_monitor:vga_monitor|text4[5][0][1]   ; Stuck at GND due to stuck port data_in              ;
; vga_monitor:vga_monitor|text4[5][0][2]   ; Stuck at GND due to stuck port data_in              ;
; vga_monitor:vga_monitor|text4[5][0][3]   ; Stuck at GND due to stuck port data_in              ;
; vga_monitor:vga_monitor|text4[5][0][4]   ; Stuck at VCC due to stuck port data_in              ;
; vga_monitor:vga_monitor|text4[5][0][5]   ; Stuck at VCC due to stuck port data_in              ;
; vga_monitor:vga_monitor|text4[5][0][6]   ; Stuck at GND due to stuck port data_in              ;
; vga_monitor:vga_monitor|text4[4][10][0]  ; Stuck at VCC due to stuck port data_in              ;
; vga_monitor:vga_monitor|text4[4][10][1]  ; Stuck at VCC due to stuck port data_in              ;
; vga_monitor:vga_monitor|text4[4][10][2]  ; Stuck at VCC due to stuck port data_in              ;
; vga_monitor:vga_monitor|text4[4][10][3]  ; Stuck at VCC due to stuck port data_in              ;
; vga_monitor:vga_monitor|text4[4][10][4]  ; Stuck at VCC due to stuck port data_in              ;
; vga_monitor:vga_monitor|text4[4][10][5]  ; Stuck at GND due to stuck port data_in              ;
; vga_monitor:vga_monitor|text4[4][10][6]  ; Stuck at VCC due to stuck port data_in              ;
; vga_monitor:vga_monitor|text4[4][5][0]   ; Stuck at GND due to stuck port data_in              ;
; vga_monitor:vga_monitor|text4[4][5][1]   ; Stuck at GND due to stuck port data_in              ;
; vga_monitor:vga_monitor|text4[4][5][2]   ; Stuck at GND due to stuck port data_in              ;
; vga_monitor:vga_monitor|text4[4][5][3]   ; Stuck at GND due to stuck port data_in              ;
; vga_monitor:vga_monitor|text4[4][5][4]   ; Stuck at GND due to stuck port data_in              ;
; vga_monitor:vga_monitor|text4[4][5][5]   ; Stuck at VCC due to stuck port data_in              ;
; vga_monitor:vga_monitor|text4[4][5][6]   ; Stuck at GND due to stuck port data_in              ;
; vga_monitor:vga_monitor|text4[4][4][0]   ; Stuck at GND due to stuck port data_in              ;
; vga_monitor:vga_monitor|text4[4][4][1]   ; Stuck at VCC due to stuck port data_in              ;
; vga_monitor:vga_monitor|text4[4][4][2]   ; Stuck at GND due to stuck port data_in              ;
; vga_monitor:vga_monitor|text4[4][4][3]   ; Stuck at VCC due to stuck port data_in              ;
; vga_monitor:vga_monitor|text4[4][4][4]   ; Stuck at VCC due to stuck port data_in              ;
; vga_monitor:vga_monitor|text4[4][4][5]   ; Stuck at VCC due to stuck port data_in              ;
; vga_monitor:vga_monitor|text4[4][4][6]   ; Stuck at GND due to stuck port data_in              ;
; vga_monitor:vga_monitor|text4[4][2][3]   ; Stuck at GND due to stuck port data_in              ;
; vga_monitor:vga_monitor|text4[4][2][4]   ; Stuck at VCC due to stuck port data_in              ;
; vga_monitor:vga_monitor|text4[4][2][5]   ; Stuck at VCC due to stuck port data_in              ;
; vga_monitor:vga_monitor|text4[4][2][6]   ; Stuck at GND due to stuck port data_in              ;
; vga_monitor:vga_monitor|text4[4][1][0]   ; Stuck at GND due to stuck port data_in              ;
; vga_monitor:vga_monitor|text4[4][1][1]   ; Stuck at GND due to stuck port data_in              ;
; vga_monitor:vga_monitor|text4[4][1][2]   ; Stuck at GND due to stuck port data_in              ;
; vga_monitor:vga_monitor|text4[4][1][3]   ; Stuck at VCC due to stuck port data_in              ;
; vga_monitor:vga_monitor|text4[4][1][4]   ; Stuck at VCC due to stuck port data_in              ;
; vga_monitor:vga_monitor|text4[4][1][5]   ; Stuck at VCC due to stuck port data_in              ;
; vga_monitor:vga_monitor|text4[4][1][6]   ; Stuck at VCC due to stuck port data_in              ;
; vga_monitor:vga_monitor|text4[4][0][0]   ; Stuck at GND due to stuck port data_in              ;
; vga_monitor:vga_monitor|text4[4][0][1]   ; Stuck at GND due to stuck port data_in              ;
; vga_monitor:vga_monitor|text4[4][0][2]   ; Stuck at GND due to stuck port data_in              ;
; vga_monitor:vga_monitor|text4[4][0][3]   ; Stuck at GND due to stuck port data_in              ;
; vga_monitor:vga_monitor|text4[4][0][4]   ; Stuck at VCC due to stuck port data_in              ;
; vga_monitor:vga_monitor|text4[4][0][5]   ; Stuck at VCC due to stuck port data_in              ;
; vga_monitor:vga_monitor|text4[4][0][6]   ; Stuck at GND due to stuck port data_in              ;
; vga_monitor:vga_monitor|text4[3][10][0]  ; Stuck at VCC due to stuck port data_in              ;
; vga_monitor:vga_monitor|text4[3][10][1]  ; Stuck at VCC due to stuck port data_in              ;
; vga_monitor:vga_monitor|text4[3][10][2]  ; Stuck at VCC due to stuck port data_in              ;
; vga_monitor:vga_monitor|text4[3][10][3]  ; Stuck at VCC due to stuck port data_in              ;
; vga_monitor:vga_monitor|text4[3][10][4]  ; Stuck at VCC due to stuck port data_in              ;
; vga_monitor:vga_monitor|text4[3][10][5]  ; Stuck at GND due to stuck port data_in              ;
; vga_monitor:vga_monitor|text4[3][10][6]  ; Stuck at VCC due to stuck port data_in              ;
; vga_monitor:vga_monitor|text4[3][5][0]   ; Stuck at GND due to stuck port data_in              ;
; vga_monitor:vga_monitor|text4[3][5][1]   ; Stuck at GND due to stuck port data_in              ;
; vga_monitor:vga_monitor|text4[3][5][2]   ; Stuck at GND due to stuck port data_in              ;
; vga_monitor:vga_monitor|text4[3][5][3]   ; Stuck at GND due to stuck port data_in              ;
; vga_monitor:vga_monitor|text4[3][5][4]   ; Stuck at GND due to stuck port data_in              ;
; vga_monitor:vga_monitor|text4[3][5][5]   ; Stuck at VCC due to stuck port data_in              ;
; vga_monitor:vga_monitor|text4[3][5][6]   ; Stuck at GND due to stuck port data_in              ;
; vga_monitor:vga_monitor|text4[3][4][0]   ; Stuck at GND due to stuck port data_in              ;
; vga_monitor:vga_monitor|text4[3][4][1]   ; Stuck at VCC due to stuck port data_in              ;
; vga_monitor:vga_monitor|text4[3][4][2]   ; Stuck at GND due to stuck port data_in              ;
; vga_monitor:vga_monitor|text4[3][4][3]   ; Stuck at VCC due to stuck port data_in              ;
; vga_monitor:vga_monitor|text4[3][4][4]   ; Stuck at VCC due to stuck port data_in              ;
; vga_monitor:vga_monitor|text4[3][4][5]   ; Stuck at VCC due to stuck port data_in              ;
; vga_monitor:vga_monitor|text4[3][4][6]   ; Stuck at GND due to stuck port data_in              ;
; vga_monitor:vga_monitor|text4[3][2][3]   ; Stuck at GND due to stuck port data_in              ;
; vga_monitor:vga_monitor|text4[3][2][4]   ; Stuck at VCC due to stuck port data_in              ;
; vga_monitor:vga_monitor|text4[3][2][5]   ; Stuck at VCC due to stuck port data_in              ;
; vga_monitor:vga_monitor|text4[3][2][6]   ; Stuck at GND due to stuck port data_in              ;
; vga_monitor:vga_monitor|text4[3][1][0]   ; Stuck at GND due to stuck port data_in              ;
; vga_monitor:vga_monitor|text4[3][1][1]   ; Stuck at GND due to stuck port data_in              ;
; vga_monitor:vga_monitor|text4[3][1][2]   ; Stuck at GND due to stuck port data_in              ;
; vga_monitor:vga_monitor|text4[3][1][3]   ; Stuck at VCC due to stuck port data_in              ;
; vga_monitor:vga_monitor|text4[3][1][4]   ; Stuck at VCC due to stuck port data_in              ;
; vga_monitor:vga_monitor|text4[3][1][5]   ; Stuck at VCC due to stuck port data_in              ;
; vga_monitor:vga_monitor|text4[3][1][6]   ; Stuck at VCC due to stuck port data_in              ;
; vga_monitor:vga_monitor|text4[3][0][0]   ; Stuck at GND due to stuck port data_in              ;
; vga_monitor:vga_monitor|text4[3][0][1]   ; Stuck at GND due to stuck port data_in              ;
; vga_monitor:vga_monitor|text4[3][0][2]   ; Stuck at GND due to stuck port data_in              ;
; vga_monitor:vga_monitor|text4[3][0][3]   ; Stuck at GND due to stuck port data_in              ;
; vga_monitor:vga_monitor|text4[3][0][4]   ; Stuck at VCC due to stuck port data_in              ;
; vga_monitor:vga_monitor|text4[3][0][5]   ; Stuck at VCC due to stuck port data_in              ;
; vga_monitor:vga_monitor|text4[3][0][6]   ; Stuck at GND due to stuck port data_in              ;
; vga_monitor:vga_monitor|text4[2][10][0]  ; Stuck at VCC due to stuck port data_in              ;
; vga_monitor:vga_monitor|text4[2][10][1]  ; Stuck at VCC due to stuck port data_in              ;
; vga_monitor:vga_monitor|text4[2][10][2]  ; Stuck at VCC due to stuck port data_in              ;
; vga_monitor:vga_monitor|text4[2][10][3]  ; Stuck at VCC due to stuck port data_in              ;
; vga_monitor:vga_monitor|text4[2][10][4]  ; Stuck at VCC due to stuck port data_in              ;
; vga_monitor:vga_monitor|text4[2][10][5]  ; Stuck at GND due to stuck port data_in              ;
; vga_monitor:vga_monitor|text4[2][10][6]  ; Stuck at VCC due to stuck port data_in              ;
; vga_monitor:vga_monitor|text4[2][5][0]   ; Stuck at GND due to stuck port data_in              ;
; vga_monitor:vga_monitor|text4[2][5][1]   ; Stuck at GND due to stuck port data_in              ;
; vga_monitor:vga_monitor|text4[2][5][2]   ; Stuck at GND due to stuck port data_in              ;
; vga_monitor:vga_monitor|text4[2][5][3]   ; Stuck at GND due to stuck port data_in              ;
; vga_monitor:vga_monitor|text4[2][5][4]   ; Stuck at GND due to stuck port data_in              ;
; vga_monitor:vga_monitor|text4[2][5][5]   ; Stuck at VCC due to stuck port data_in              ;
; vga_monitor:vga_monitor|text4[2][5][6]   ; Stuck at GND due to stuck port data_in              ;
; vga_monitor:vga_monitor|text4[2][4][0]   ; Stuck at GND due to stuck port data_in              ;
; vga_monitor:vga_monitor|text4[2][4][1]   ; Stuck at VCC due to stuck port data_in              ;
; vga_monitor:vga_monitor|text4[2][4][2]   ; Stuck at GND due to stuck port data_in              ;
; vga_monitor:vga_monitor|text4[2][4][3]   ; Stuck at VCC due to stuck port data_in              ;
; vga_monitor:vga_monitor|text4[2][4][4]   ; Stuck at VCC due to stuck port data_in              ;
; vga_monitor:vga_monitor|text4[2][4][5]   ; Stuck at VCC due to stuck port data_in              ;
; vga_monitor:vga_monitor|text4[2][4][6]   ; Stuck at GND due to stuck port data_in              ;
; vga_monitor:vga_monitor|text4[2][2][3]   ; Stuck at GND due to stuck port data_in              ;
; vga_monitor:vga_monitor|text4[2][2][4]   ; Stuck at VCC due to stuck port data_in              ;
; vga_monitor:vga_monitor|text4[2][2][5]   ; Stuck at VCC due to stuck port data_in              ;
; vga_monitor:vga_monitor|text4[2][2][6]   ; Stuck at GND due to stuck port data_in              ;
; vga_monitor:vga_monitor|text4[2][1][0]   ; Stuck at GND due to stuck port data_in              ;
; vga_monitor:vga_monitor|text4[2][1][1]   ; Stuck at GND due to stuck port data_in              ;
; vga_monitor:vga_monitor|text4[2][1][2]   ; Stuck at GND due to stuck port data_in              ;
; vga_monitor:vga_monitor|text4[2][1][3]   ; Stuck at VCC due to stuck port data_in              ;
; vga_monitor:vga_monitor|text4[2][1][4]   ; Stuck at VCC due to stuck port data_in              ;
; vga_monitor:vga_monitor|text4[2][1][5]   ; Stuck at VCC due to stuck port data_in              ;
; vga_monitor:vga_monitor|text4[2][1][6]   ; Stuck at VCC due to stuck port data_in              ;
; vga_monitor:vga_monitor|text4[2][0][0]   ; Stuck at GND due to stuck port data_in              ;
; vga_monitor:vga_monitor|text4[2][0][1]   ; Stuck at GND due to stuck port data_in              ;
; vga_monitor:vga_monitor|text4[2][0][2]   ; Stuck at GND due to stuck port data_in              ;
; vga_monitor:vga_monitor|text4[2][0][3]   ; Stuck at GND due to stuck port data_in              ;
; vga_monitor:vga_monitor|text4[2][0][4]   ; Stuck at VCC due to stuck port data_in              ;
; vga_monitor:vga_monitor|text4[2][0][5]   ; Stuck at VCC due to stuck port data_in              ;
; vga_monitor:vga_monitor|text4[2][0][6]   ; Stuck at GND due to stuck port data_in              ;
; vga_monitor:vga_monitor|text4[1][10][0]  ; Stuck at VCC due to stuck port data_in              ;
; vga_monitor:vga_monitor|text4[1][10][1]  ; Stuck at VCC due to stuck port data_in              ;
; vga_monitor:vga_monitor|text4[1][10][2]  ; Stuck at VCC due to stuck port data_in              ;
; vga_monitor:vga_monitor|text4[1][10][3]  ; Stuck at VCC due to stuck port data_in              ;
; vga_monitor:vga_monitor|text4[1][10][4]  ; Stuck at VCC due to stuck port data_in              ;
; vga_monitor:vga_monitor|text4[1][10][5]  ; Stuck at GND due to stuck port data_in              ;
; vga_monitor:vga_monitor|text4[1][10][6]  ; Stuck at VCC due to stuck port data_in              ;
; vga_monitor:vga_monitor|text4[1][5][0]   ; Stuck at GND due to stuck port data_in              ;
; vga_monitor:vga_monitor|text4[1][5][1]   ; Stuck at GND due to stuck port data_in              ;
; vga_monitor:vga_monitor|text4[1][5][2]   ; Stuck at GND due to stuck port data_in              ;
; vga_monitor:vga_monitor|text4[1][5][3]   ; Stuck at GND due to stuck port data_in              ;
; vga_monitor:vga_monitor|text4[1][5][4]   ; Stuck at GND due to stuck port data_in              ;
; vga_monitor:vga_monitor|text4[1][5][5]   ; Stuck at VCC due to stuck port data_in              ;
; vga_monitor:vga_monitor|text4[1][5][6]   ; Stuck at GND due to stuck port data_in              ;
; vga_monitor:vga_monitor|text4[1][4][0]   ; Stuck at GND due to stuck port data_in              ;
; vga_monitor:vga_monitor|text4[1][4][1]   ; Stuck at VCC due to stuck port data_in              ;
; vga_monitor:vga_monitor|text4[1][4][2]   ; Stuck at GND due to stuck port data_in              ;
; vga_monitor:vga_monitor|text4[1][4][3]   ; Stuck at VCC due to stuck port data_in              ;
; vga_monitor:vga_monitor|text4[1][4][4]   ; Stuck at VCC due to stuck port data_in              ;
; vga_monitor:vga_monitor|text4[1][4][5]   ; Stuck at VCC due to stuck port data_in              ;
; vga_monitor:vga_monitor|text4[1][4][6]   ; Stuck at GND due to stuck port data_in              ;
; vga_monitor:vga_monitor|text4[1][2][3]   ; Stuck at GND due to stuck port data_in              ;
; vga_monitor:vga_monitor|text4[1][2][4]   ; Stuck at VCC due to stuck port data_in              ;
; vga_monitor:vga_monitor|text4[1][2][5]   ; Stuck at VCC due to stuck port data_in              ;
; vga_monitor:vga_monitor|text4[1][2][6]   ; Stuck at GND due to stuck port data_in              ;
; vga_monitor:vga_monitor|text4[1][1][0]   ; Stuck at GND due to stuck port data_in              ;
; vga_monitor:vga_monitor|text4[1][1][1]   ; Stuck at GND due to stuck port data_in              ;
; vga_monitor:vga_monitor|text4[1][1][2]   ; Stuck at GND due to stuck port data_in              ;
; vga_monitor:vga_monitor|text4[1][1][3]   ; Stuck at VCC due to stuck port data_in              ;
; vga_monitor:vga_monitor|text4[1][1][4]   ; Stuck at VCC due to stuck port data_in              ;
; vga_monitor:vga_monitor|text4[1][1][5]   ; Stuck at VCC due to stuck port data_in              ;
; vga_monitor:vga_monitor|text4[1][1][6]   ; Stuck at VCC due to stuck port data_in              ;
; vga_monitor:vga_monitor|text4[1][0][0]   ; Stuck at GND due to stuck port data_in              ;
; vga_monitor:vga_monitor|text4[1][0][1]   ; Stuck at GND due to stuck port data_in              ;
; vga_monitor:vga_monitor|text4[1][0][2]   ; Stuck at GND due to stuck port data_in              ;
; vga_monitor:vga_monitor|text4[1][0][3]   ; Stuck at GND due to stuck port data_in              ;
; vga_monitor:vga_monitor|text4[1][0][4]   ; Stuck at VCC due to stuck port data_in              ;
; vga_monitor:vga_monitor|text4[1][0][5]   ; Stuck at VCC due to stuck port data_in              ;
; vga_monitor:vga_monitor|text4[1][0][6]   ; Stuck at GND due to stuck port data_in              ;
; vga_monitor:vga_monitor|text4[0][10][0]  ; Stuck at VCC due to stuck port data_in              ;
; vga_monitor:vga_monitor|text4[0][10][1]  ; Stuck at VCC due to stuck port data_in              ;
; vga_monitor:vga_monitor|text4[0][10][2]  ; Stuck at VCC due to stuck port data_in              ;
; vga_monitor:vga_monitor|text4[0][10][3]  ; Stuck at VCC due to stuck port data_in              ;
; vga_monitor:vga_monitor|text4[0][10][4]  ; Stuck at VCC due to stuck port data_in              ;
; vga_monitor:vga_monitor|text4[0][10][5]  ; Stuck at GND due to stuck port data_in              ;
; vga_monitor:vga_monitor|text4[0][10][6]  ; Stuck at VCC due to stuck port data_in              ;
; vga_monitor:vga_monitor|text4[0][5][0]   ; Stuck at GND due to stuck port data_in              ;
; vga_monitor:vga_monitor|text4[0][5][1]   ; Stuck at GND due to stuck port data_in              ;
; vga_monitor:vga_monitor|text4[0][5][2]   ; Stuck at GND due to stuck port data_in              ;
; vga_monitor:vga_monitor|text4[0][5][3]   ; Stuck at GND due to stuck port data_in              ;
; vga_monitor:vga_monitor|text4[0][5][4]   ; Stuck at GND due to stuck port data_in              ;
; vga_monitor:vga_monitor|text4[0][5][5]   ; Stuck at VCC due to stuck port data_in              ;
; vga_monitor:vga_monitor|text4[0][5][6]   ; Stuck at GND due to stuck port data_in              ;
; vga_monitor:vga_monitor|text4[0][4][0]   ; Stuck at GND due to stuck port data_in              ;
; vga_monitor:vga_monitor|text4[0][4][1]   ; Stuck at VCC due to stuck port data_in              ;
; vga_monitor:vga_monitor|text4[0][4][2]   ; Stuck at GND due to stuck port data_in              ;
; vga_monitor:vga_monitor|text4[0][4][3]   ; Stuck at VCC due to stuck port data_in              ;
; vga_monitor:vga_monitor|text4[0][4][4]   ; Stuck at VCC due to stuck port data_in              ;
; vga_monitor:vga_monitor|text4[0][4][5]   ; Stuck at VCC due to stuck port data_in              ;
; vga_monitor:vga_monitor|text4[0][4][6]   ; Stuck at GND due to stuck port data_in              ;
; vga_monitor:vga_monitor|text4[0][2][3]   ; Stuck at GND due to stuck port data_in              ;
; vga_monitor:vga_monitor|text4[0][1][1]   ; Stuck at GND due to stuck port data_in              ;
; vga_monitor:vga_monitor|text4[0][1][3]   ; Stuck at VCC due to stuck port data_in              ;
; vga_monitor:vga_monitor|text4[0][1][6]   ; Stuck at VCC due to stuck port data_in              ;
; vga_monitor:vga_monitor|text4[0][0][1]   ; Stuck at GND due to stuck port data_in              ;
; vga_monitor:vga_monitor|text4[0][0][2]   ; Stuck at GND due to stuck port data_in              ;
; vga_monitor:vga_monitor|text3[32][9][0]  ; Stuck at VCC due to stuck port data_in              ;
; vga_monitor:vga_monitor|text3[32][9][1]  ; Stuck at VCC due to stuck port data_in              ;
; vga_monitor:vga_monitor|text3[32][9][2]  ; Stuck at VCC due to stuck port data_in              ;
; vga_monitor:vga_monitor|text3[32][9][3]  ; Stuck at VCC due to stuck port data_in              ;
; vga_monitor:vga_monitor|text3[32][9][4]  ; Stuck at VCC due to stuck port data_in              ;
; vga_monitor:vga_monitor|text3[32][9][5]  ; Stuck at GND due to stuck port data_in              ;
; vga_monitor:vga_monitor|text3[32][9][6]  ; Stuck at VCC due to stuck port data_in              ;
; vga_monitor:vga_monitor|text3[32][4][0]  ; Stuck at GND due to stuck port data_in              ;
; vga_monitor:vga_monitor|text3[32][4][1]  ; Stuck at GND due to stuck port data_in              ;
; vga_monitor:vga_monitor|text3[32][4][2]  ; Stuck at GND due to stuck port data_in              ;
; vga_monitor:vga_monitor|text3[32][4][3]  ; Stuck at GND due to stuck port data_in              ;
; vga_monitor:vga_monitor|text3[32][4][4]  ; Stuck at GND due to stuck port data_in              ;
; vga_monitor:vga_monitor|text3[32][4][5]  ; Stuck at VCC due to stuck port data_in              ;
; vga_monitor:vga_monitor|text3[32][4][6]  ; Stuck at GND due to stuck port data_in              ;
; vga_monitor:vga_monitor|text3[32][3][0]  ; Stuck at GND due to stuck port data_in              ;
; vga_monitor:vga_monitor|text3[32][3][1]  ; Stuck at VCC due to stuck port data_in              ;
; vga_monitor:vga_monitor|text3[32][3][2]  ; Stuck at GND due to stuck port data_in              ;
; vga_monitor:vga_monitor|text3[32][3][3]  ; Stuck at VCC due to stuck port data_in              ;
; vga_monitor:vga_monitor|text3[32][3][4]  ; Stuck at VCC due to stuck port data_in              ;
; vga_monitor:vga_monitor|text3[32][3][5]  ; Stuck at VCC due to stuck port data_in              ;
; vga_monitor:vga_monitor|text3[32][3][6]  ; Stuck at GND due to stuck port data_in              ;
; vga_monitor:vga_monitor|text3[32][2][0]  ; Stuck at GND due to stuck port data_in              ;
; vga_monitor:vga_monitor|text3[32][2][1]  ; Stuck at VCC due to stuck port data_in              ;
; vga_monitor:vga_monitor|text3[32][2][2]  ; Stuck at VCC due to stuck port data_in              ;
; vga_monitor:vga_monitor|text3[32][2][3]  ; Stuck at GND due to stuck port data_in              ;
; vga_monitor:vga_monitor|text3[32][2][4]  ; Stuck at GND due to stuck port data_in              ;
; vga_monitor:vga_monitor|text3[32][2][5]  ; Stuck at GND due to stuck port data_in              ;
; vga_monitor:vga_monitor|text3[32][2][6]  ; Stuck at VCC due to stuck port data_in              ;
; vga_monitor:vga_monitor|text3[32][1][0]  ; Stuck at VCC due to stuck port data_in              ;
; vga_monitor:vga_monitor|text3[32][1][1]  ; Stuck at GND due to stuck port data_in              ;
; vga_monitor:vga_monitor|text3[32][1][2]  ; Stuck at GND due to stuck port data_in              ;
; vga_monitor:vga_monitor|text3[32][1][3]  ; Stuck at GND due to stuck port data_in              ;
; vga_monitor:vga_monitor|text3[32][1][4]  ; Stuck at VCC due to stuck port data_in              ;
; vga_monitor:vga_monitor|text3[32][1][5]  ; Stuck at VCC due to stuck port data_in              ;
; vga_monitor:vga_monitor|text3[32][1][6]  ; Stuck at GND due to stuck port data_in              ;
; vga_monitor:vga_monitor|text3[32][0][0]  ; Stuck at GND due to stuck port data_in              ;
; vga_monitor:vga_monitor|text3[32][0][1]  ; Stuck at GND due to stuck port data_in              ;
; vga_monitor:vga_monitor|text3[32][0][2]  ; Stuck at GND due to stuck port data_in              ;
; vga_monitor:vga_monitor|text3[32][0][3]  ; Stuck at VCC due to stuck port data_in              ;
; vga_monitor:vga_monitor|text3[32][0][4]  ; Stuck at VCC due to stuck port data_in              ;
; vga_monitor:vga_monitor|text3[32][0][5]  ; Stuck at VCC due to stuck port data_in              ;
; vga_monitor:vga_monitor|text3[32][0][6]  ; Stuck at VCC due to stuck port data_in              ;
; vga_monitor:vga_monitor|text3[31][9][0]  ; Stuck at VCC due to stuck port data_in              ;
; vga_monitor:vga_monitor|text3[31][9][1]  ; Stuck at VCC due to stuck port data_in              ;
; vga_monitor:vga_monitor|text3[31][9][2]  ; Stuck at VCC due to stuck port data_in              ;
; vga_monitor:vga_monitor|text3[31][9][3]  ; Stuck at VCC due to stuck port data_in              ;
; vga_monitor:vga_monitor|text3[31][9][4]  ; Stuck at VCC due to stuck port data_in              ;
; vga_monitor:vga_monitor|text3[31][9][5]  ; Stuck at GND due to stuck port data_in              ;
; vga_monitor:vga_monitor|text3[31][9][6]  ; Stuck at VCC due to stuck port data_in              ;
; vga_monitor:vga_monitor|text3[31][4][0]  ; Stuck at GND due to stuck port data_in              ;
; vga_monitor:vga_monitor|text3[31][4][1]  ; Stuck at GND due to stuck port data_in              ;
; vga_monitor:vga_monitor|text3[31][4][2]  ; Stuck at GND due to stuck port data_in              ;
; vga_monitor:vga_monitor|text3[31][4][3]  ; Stuck at GND due to stuck port data_in              ;
; vga_monitor:vga_monitor|text3[31][4][4]  ; Stuck at GND due to stuck port data_in              ;
; vga_monitor:vga_monitor|text3[31][4][5]  ; Stuck at VCC due to stuck port data_in              ;
; vga_monitor:vga_monitor|text3[31][4][6]  ; Stuck at GND due to stuck port data_in              ;
; vga_monitor:vga_monitor|text3[31][3][0]  ; Stuck at GND due to stuck port data_in              ;
; vga_monitor:vga_monitor|text3[31][3][1]  ; Stuck at VCC due to stuck port data_in              ;
; vga_monitor:vga_monitor|text3[31][3][2]  ; Stuck at GND due to stuck port data_in              ;
; vga_monitor:vga_monitor|text3[31][3][3]  ; Stuck at VCC due to stuck port data_in              ;
; vga_monitor:vga_monitor|text3[31][3][4]  ; Stuck at VCC due to stuck port data_in              ;
; vga_monitor:vga_monitor|text3[31][3][5]  ; Stuck at VCC due to stuck port data_in              ;
; vga_monitor:vga_monitor|text3[31][3][6]  ; Stuck at GND due to stuck port data_in              ;
; vga_monitor:vga_monitor|text3[31][2][0]  ; Stuck at VCC due to stuck port data_in              ;
; vga_monitor:vga_monitor|text3[31][2][1]  ; Stuck at GND due to stuck port data_in              ;
; vga_monitor:vga_monitor|text3[31][2][2]  ; Stuck at VCC due to stuck port data_in              ;
; vga_monitor:vga_monitor|text3[31][2][3]  ; Stuck at GND due to stuck port data_in              ;
; vga_monitor:vga_monitor|text3[31][2][4]  ; Stuck at GND due to stuck port data_in              ;
; vga_monitor:vga_monitor|text3[31][2][5]  ; Stuck at GND due to stuck port data_in              ;
; vga_monitor:vga_monitor|text3[31][2][6]  ; Stuck at VCC due to stuck port data_in              ;
; vga_monitor:vga_monitor|text3[31][1][0]  ; Stuck at VCC due to stuck port data_in              ;
; vga_monitor:vga_monitor|text3[31][1][1]  ; Stuck at GND due to stuck port data_in              ;
; vga_monitor:vga_monitor|text3[31][1][2]  ; Stuck at GND due to stuck port data_in              ;
; vga_monitor:vga_monitor|text3[31][1][3]  ; Stuck at GND due to stuck port data_in              ;
; vga_monitor:vga_monitor|text3[31][1][4]  ; Stuck at VCC due to stuck port data_in              ;
; vga_monitor:vga_monitor|text3[31][1][5]  ; Stuck at VCC due to stuck port data_in              ;
; vga_monitor:vga_monitor|text3[31][1][6]  ; Stuck at GND due to stuck port data_in              ;
; vga_monitor:vga_monitor|text3[31][0][0]  ; Stuck at GND due to stuck port data_in              ;
; vga_monitor:vga_monitor|text3[31][0][1]  ; Stuck at GND due to stuck port data_in              ;
; vga_monitor:vga_monitor|text3[31][0][2]  ; Stuck at GND due to stuck port data_in              ;
; vga_monitor:vga_monitor|text3[31][0][3]  ; Stuck at VCC due to stuck port data_in              ;
; vga_monitor:vga_monitor|text3[31][0][4]  ; Stuck at VCC due to stuck port data_in              ;
; vga_monitor:vga_monitor|text3[31][0][5]  ; Stuck at VCC due to stuck port data_in              ;
; vga_monitor:vga_monitor|text3[31][0][6]  ; Stuck at VCC due to stuck port data_in              ;
; vga_monitor:vga_monitor|text3[30][9][0]  ; Stuck at VCC due to stuck port data_in              ;
; vga_monitor:vga_monitor|text3[30][9][1]  ; Stuck at VCC due to stuck port data_in              ;
; vga_monitor:vga_monitor|text3[30][9][2]  ; Stuck at VCC due to stuck port data_in              ;
; vga_monitor:vga_monitor|text3[30][9][3]  ; Stuck at VCC due to stuck port data_in              ;
; vga_monitor:vga_monitor|text3[30][9][4]  ; Stuck at VCC due to stuck port data_in              ;
; vga_monitor:vga_monitor|text3[30][9][5]  ; Stuck at GND due to stuck port data_in              ;
; vga_monitor:vga_monitor|text3[30][9][6]  ; Stuck at VCC due to stuck port data_in              ;
; vga_monitor:vga_monitor|text3[30][4][0]  ; Stuck at GND due to stuck port data_in              ;
; vga_monitor:vga_monitor|text3[30][4][1]  ; Stuck at GND due to stuck port data_in              ;
; vga_monitor:vga_monitor|text3[30][4][2]  ; Stuck at GND due to stuck port data_in              ;
; vga_monitor:vga_monitor|text3[30][4][3]  ; Stuck at GND due to stuck port data_in              ;
; vga_monitor:vga_monitor|text3[30][4][4]  ; Stuck at GND due to stuck port data_in              ;
; vga_monitor:vga_monitor|text3[30][4][5]  ; Stuck at VCC due to stuck port data_in              ;
; vga_monitor:vga_monitor|text3[30][4][6]  ; Stuck at GND due to stuck port data_in              ;
; vga_monitor:vga_monitor|text3[30][3][0]  ; Stuck at GND due to stuck port data_in              ;
; vga_monitor:vga_monitor|text3[30][3][1]  ; Stuck at VCC due to stuck port data_in              ;
; vga_monitor:vga_monitor|text3[30][3][2]  ; Stuck at GND due to stuck port data_in              ;
; vga_monitor:vga_monitor|text3[30][3][3]  ; Stuck at VCC due to stuck port data_in              ;
; vga_monitor:vga_monitor|text3[30][3][4]  ; Stuck at VCC due to stuck port data_in              ;
; vga_monitor:vga_monitor|text3[30][3][5]  ; Stuck at VCC due to stuck port data_in              ;
; vga_monitor:vga_monitor|text3[30][3][6]  ; Stuck at GND due to stuck port data_in              ;
; vga_monitor:vga_monitor|text3[30][2][0]  ; Stuck at GND due to stuck port data_in              ;
; vga_monitor:vga_monitor|text3[30][2][1]  ; Stuck at GND due to stuck port data_in              ;
; vga_monitor:vga_monitor|text3[30][2][2]  ; Stuck at VCC due to stuck port data_in              ;
; vga_monitor:vga_monitor|text3[30][2][3]  ; Stuck at GND due to stuck port data_in              ;
; vga_monitor:vga_monitor|text3[30][2][4]  ; Stuck at GND due to stuck port data_in              ;
; vga_monitor:vga_monitor|text3[30][2][5]  ; Stuck at GND due to stuck port data_in              ;
; vga_monitor:vga_monitor|text3[30][2][6]  ; Stuck at VCC due to stuck port data_in              ;
; vga_monitor:vga_monitor|text3[30][1][0]  ; Stuck at VCC due to stuck port data_in              ;
; vga_monitor:vga_monitor|text3[30][1][1]  ; Stuck at GND due to stuck port data_in              ;
; vga_monitor:vga_monitor|text3[30][1][2]  ; Stuck at GND due to stuck port data_in              ;
; vga_monitor:vga_monitor|text3[30][1][3]  ; Stuck at GND due to stuck port data_in              ;
; vga_monitor:vga_monitor|text3[30][1][4]  ; Stuck at VCC due to stuck port data_in              ;
; vga_monitor:vga_monitor|text3[30][1][5]  ; Stuck at VCC due to stuck port data_in              ;
; vga_monitor:vga_monitor|text3[30][1][6]  ; Stuck at GND due to stuck port data_in              ;
; vga_monitor:vga_monitor|text3[30][0][0]  ; Stuck at GND due to stuck port data_in              ;
; vga_monitor:vga_monitor|text3[30][0][1]  ; Stuck at GND due to stuck port data_in              ;
; vga_monitor:vga_monitor|text3[30][0][2]  ; Stuck at GND due to stuck port data_in              ;
; vga_monitor:vga_monitor|text3[30][0][3]  ; Stuck at VCC due to stuck port data_in              ;
; vga_monitor:vga_monitor|text3[30][0][4]  ; Stuck at VCC due to stuck port data_in              ;
; vga_monitor:vga_monitor|text3[30][0][5]  ; Stuck at VCC due to stuck port data_in              ;
; vga_monitor:vga_monitor|text3[30][0][6]  ; Stuck at VCC due to stuck port data_in              ;
; vga_monitor:vga_monitor|text3[29][9][0]  ; Stuck at VCC due to stuck port data_in              ;
; vga_monitor:vga_monitor|text3[29][9][1]  ; Stuck at VCC due to stuck port data_in              ;
; vga_monitor:vga_monitor|text3[29][9][2]  ; Stuck at VCC due to stuck port data_in              ;
; vga_monitor:vga_monitor|text3[29][9][3]  ; Stuck at VCC due to stuck port data_in              ;
; vga_monitor:vga_monitor|text3[29][9][4]  ; Stuck at VCC due to stuck port data_in              ;
; vga_monitor:vga_monitor|text3[29][9][5]  ; Stuck at GND due to stuck port data_in              ;
; vga_monitor:vga_monitor|text3[29][9][6]  ; Stuck at VCC due to stuck port data_in              ;
; vga_monitor:vga_monitor|text3[29][4][0]  ; Stuck at GND due to stuck port data_in              ;
; vga_monitor:vga_monitor|text3[29][4][1]  ; Stuck at GND due to stuck port data_in              ;
; vga_monitor:vga_monitor|text3[29][4][2]  ; Stuck at GND due to stuck port data_in              ;
; vga_monitor:vga_monitor|text3[29][4][3]  ; Stuck at GND due to stuck port data_in              ;
; vga_monitor:vga_monitor|text3[29][4][4]  ; Stuck at GND due to stuck port data_in              ;
; vga_monitor:vga_monitor|text3[29][4][5]  ; Stuck at VCC due to stuck port data_in              ;
; vga_monitor:vga_monitor|text3[29][4][6]  ; Stuck at GND due to stuck port data_in              ;
; vga_monitor:vga_monitor|text3[29][3][0]  ; Stuck at GND due to stuck port data_in              ;
; vga_monitor:vga_monitor|text3[29][3][1]  ; Stuck at VCC due to stuck port data_in              ;
; vga_monitor:vga_monitor|text3[29][3][2]  ; Stuck at GND due to stuck port data_in              ;
; vga_monitor:vga_monitor|text3[29][3][3]  ; Stuck at VCC due to stuck port data_in              ;
; vga_monitor:vga_monitor|text3[29][3][4]  ; Stuck at VCC due to stuck port data_in              ;
; vga_monitor:vga_monitor|text3[29][3][5]  ; Stuck at VCC due to stuck port data_in              ;
; vga_monitor:vga_monitor|text3[29][3][6]  ; Stuck at GND due to stuck port data_in              ;
; vga_monitor:vga_monitor|text3[29][2][0]  ; Stuck at VCC due to stuck port data_in              ;
; vga_monitor:vga_monitor|text3[29][2][1]  ; Stuck at VCC due to stuck port data_in              ;
; vga_monitor:vga_monitor|text3[29][2][2]  ; Stuck at GND due to stuck port data_in              ;
; vga_monitor:vga_monitor|text3[29][2][3]  ; Stuck at GND due to stuck port data_in              ;
; vga_monitor:vga_monitor|text3[29][2][4]  ; Stuck at GND due to stuck port data_in              ;
; vga_monitor:vga_monitor|text3[29][2][5]  ; Stuck at GND due to stuck port data_in              ;
; vga_monitor:vga_monitor|text3[29][2][6]  ; Stuck at VCC due to stuck port data_in              ;
; vga_monitor:vga_monitor|text3[29][1][0]  ; Stuck at VCC due to stuck port data_in              ;
; vga_monitor:vga_monitor|text3[29][1][1]  ; Stuck at GND due to stuck port data_in              ;
; vga_monitor:vga_monitor|text3[29][1][2]  ; Stuck at GND due to stuck port data_in              ;
; vga_monitor:vga_monitor|text3[29][1][3]  ; Stuck at GND due to stuck port data_in              ;
; vga_monitor:vga_monitor|text3[29][1][4]  ; Stuck at VCC due to stuck port data_in              ;
; vga_monitor:vga_monitor|text3[29][1][5]  ; Stuck at VCC due to stuck port data_in              ;
; vga_monitor:vga_monitor|text3[29][1][6]  ; Stuck at GND due to stuck port data_in              ;
; vga_monitor:vga_monitor|text3[29][0][0]  ; Stuck at GND due to stuck port data_in              ;
; vga_monitor:vga_monitor|text3[29][0][1]  ; Stuck at GND due to stuck port data_in              ;
; vga_monitor:vga_monitor|text3[29][0][2]  ; Stuck at GND due to stuck port data_in              ;
; vga_monitor:vga_monitor|text3[29][0][3]  ; Stuck at VCC due to stuck port data_in              ;
; vga_monitor:vga_monitor|text3[29][0][4]  ; Stuck at VCC due to stuck port data_in              ;
; vga_monitor:vga_monitor|text3[29][0][5]  ; Stuck at VCC due to stuck port data_in              ;
; vga_monitor:vga_monitor|text3[29][0][6]  ; Stuck at VCC due to stuck port data_in              ;
; vga_monitor:vga_monitor|text3[28][9][0]  ; Stuck at VCC due to stuck port data_in              ;
; vga_monitor:vga_monitor|text3[28][9][1]  ; Stuck at VCC due to stuck port data_in              ;
; vga_monitor:vga_monitor|text3[28][9][2]  ; Stuck at VCC due to stuck port data_in              ;
; vga_monitor:vga_monitor|text3[28][9][3]  ; Stuck at VCC due to stuck port data_in              ;
; vga_monitor:vga_monitor|text3[28][9][4]  ; Stuck at VCC due to stuck port data_in              ;
; vga_monitor:vga_monitor|text3[28][9][5]  ; Stuck at GND due to stuck port data_in              ;
; vga_monitor:vga_monitor|text3[28][9][6]  ; Stuck at VCC due to stuck port data_in              ;
; vga_monitor:vga_monitor|text3[28][4][0]  ; Stuck at GND due to stuck port data_in              ;
; vga_monitor:vga_monitor|text3[28][4][1]  ; Stuck at GND due to stuck port data_in              ;
; vga_monitor:vga_monitor|text3[28][4][2]  ; Stuck at GND due to stuck port data_in              ;
; vga_monitor:vga_monitor|text3[28][4][3]  ; Stuck at GND due to stuck port data_in              ;
; vga_monitor:vga_monitor|text3[28][4][4]  ; Stuck at GND due to stuck port data_in              ;
; vga_monitor:vga_monitor|text3[28][4][5]  ; Stuck at VCC due to stuck port data_in              ;
; vga_monitor:vga_monitor|text3[28][4][6]  ; Stuck at GND due to stuck port data_in              ;
; vga_monitor:vga_monitor|text3[28][3][0]  ; Stuck at GND due to stuck port data_in              ;
; vga_monitor:vga_monitor|text3[28][3][1]  ; Stuck at VCC due to stuck port data_in              ;
; vga_monitor:vga_monitor|text3[28][3][2]  ; Stuck at GND due to stuck port data_in              ;
; vga_monitor:vga_monitor|text3[28][3][3]  ; Stuck at VCC due to stuck port data_in              ;
; vga_monitor:vga_monitor|text3[28][3][4]  ; Stuck at VCC due to stuck port data_in              ;
; vga_monitor:vga_monitor|text3[28][3][5]  ; Stuck at VCC due to stuck port data_in              ;
; vga_monitor:vga_monitor|text3[28][3][6]  ; Stuck at GND due to stuck port data_in              ;
; vga_monitor:vga_monitor|text3[28][2][0]  ; Stuck at GND due to stuck port data_in              ;
; vga_monitor:vga_monitor|text3[28][2][1]  ; Stuck at VCC due to stuck port data_in              ;
; vga_monitor:vga_monitor|text3[28][2][2]  ; Stuck at GND due to stuck port data_in              ;
; vga_monitor:vga_monitor|text3[28][2][3]  ; Stuck at GND due to stuck port data_in              ;
; vga_monitor:vga_monitor|text3[28][2][4]  ; Stuck at GND due to stuck port data_in              ;
; vga_monitor:vga_monitor|text3[28][2][5]  ; Stuck at GND due to stuck port data_in              ;
; vga_monitor:vga_monitor|text3[28][2][6]  ; Stuck at VCC due to stuck port data_in              ;
; vga_monitor:vga_monitor|text3[28][1][0]  ; Stuck at VCC due to stuck port data_in              ;
; vga_monitor:vga_monitor|text3[28][1][1]  ; Stuck at GND due to stuck port data_in              ;
; vga_monitor:vga_monitor|text3[28][1][2]  ; Stuck at GND due to stuck port data_in              ;
; vga_monitor:vga_monitor|text3[28][1][3]  ; Stuck at GND due to stuck port data_in              ;
; vga_monitor:vga_monitor|text3[28][1][4]  ; Stuck at VCC due to stuck port data_in              ;
; vga_monitor:vga_monitor|text3[28][1][5]  ; Stuck at VCC due to stuck port data_in              ;
; vga_monitor:vga_monitor|text3[28][1][6]  ; Stuck at GND due to stuck port data_in              ;
; vga_monitor:vga_monitor|text3[28][0][0]  ; Stuck at GND due to stuck port data_in              ;
; vga_monitor:vga_monitor|text3[28][0][1]  ; Stuck at GND due to stuck port data_in              ;
; vga_monitor:vga_monitor|text3[28][0][2]  ; Stuck at GND due to stuck port data_in              ;
; vga_monitor:vga_monitor|text3[28][0][3]  ; Stuck at VCC due to stuck port data_in              ;
; vga_monitor:vga_monitor|text3[28][0][4]  ; Stuck at VCC due to stuck port data_in              ;
; vga_monitor:vga_monitor|text3[28][0][5]  ; Stuck at VCC due to stuck port data_in              ;
; vga_monitor:vga_monitor|text3[28][0][6]  ; Stuck at VCC due to stuck port data_in              ;
; vga_monitor:vga_monitor|text3[27][9][0]  ; Stuck at VCC due to stuck port data_in              ;
; vga_monitor:vga_monitor|text3[27][9][1]  ; Stuck at VCC due to stuck port data_in              ;
; vga_monitor:vga_monitor|text3[27][9][2]  ; Stuck at VCC due to stuck port data_in              ;
; vga_monitor:vga_monitor|text3[27][9][3]  ; Stuck at VCC due to stuck port data_in              ;
; vga_monitor:vga_monitor|text3[27][9][4]  ; Stuck at VCC due to stuck port data_in              ;
; vga_monitor:vga_monitor|text3[27][9][5]  ; Stuck at GND due to stuck port data_in              ;
; vga_monitor:vga_monitor|text3[27][9][6]  ; Stuck at VCC due to stuck port data_in              ;
; vga_monitor:vga_monitor|text3[27][4][0]  ; Stuck at GND due to stuck port data_in              ;
; vga_monitor:vga_monitor|text3[27][4][1]  ; Stuck at GND due to stuck port data_in              ;
; vga_monitor:vga_monitor|text3[27][4][2]  ; Stuck at GND due to stuck port data_in              ;
; vga_monitor:vga_monitor|text3[27][4][3]  ; Stuck at GND due to stuck port data_in              ;
; vga_monitor:vga_monitor|text3[27][4][4]  ; Stuck at GND due to stuck port data_in              ;
; vga_monitor:vga_monitor|text3[27][4][5]  ; Stuck at VCC due to stuck port data_in              ;
; vga_monitor:vga_monitor|text3[27][4][6]  ; Stuck at GND due to stuck port data_in              ;
; vga_monitor:vga_monitor|text3[27][3][0]  ; Stuck at GND due to stuck port data_in              ;
; vga_monitor:vga_monitor|text3[27][3][1]  ; Stuck at VCC due to stuck port data_in              ;
; vga_monitor:vga_monitor|text3[27][3][2]  ; Stuck at GND due to stuck port data_in              ;
; vga_monitor:vga_monitor|text3[27][3][3]  ; Stuck at VCC due to stuck port data_in              ;
; vga_monitor:vga_monitor|text3[27][3][4]  ; Stuck at VCC due to stuck port data_in              ;
; vga_monitor:vga_monitor|text3[27][3][5]  ; Stuck at VCC due to stuck port data_in              ;
; vga_monitor:vga_monitor|text3[27][3][6]  ; Stuck at GND due to stuck port data_in              ;
; vga_monitor:vga_monitor|text3[27][2][0]  ; Stuck at VCC due to stuck port data_in              ;
; vga_monitor:vga_monitor|text3[27][2][1]  ; Stuck at GND due to stuck port data_in              ;
; vga_monitor:vga_monitor|text3[27][2][2]  ; Stuck at GND due to stuck port data_in              ;
; vga_monitor:vga_monitor|text3[27][2][3]  ; Stuck at GND due to stuck port data_in              ;
; vga_monitor:vga_monitor|text3[27][2][4]  ; Stuck at GND due to stuck port data_in              ;
; vga_monitor:vga_monitor|text3[27][2][5]  ; Stuck at GND due to stuck port data_in              ;
; vga_monitor:vga_monitor|text3[27][2][6]  ; Stuck at VCC due to stuck port data_in              ;
; vga_monitor:vga_monitor|text3[27][1][0]  ; Stuck at VCC due to stuck port data_in              ;
; vga_monitor:vga_monitor|text3[27][1][1]  ; Stuck at GND due to stuck port data_in              ;
; vga_monitor:vga_monitor|text3[27][1][2]  ; Stuck at GND due to stuck port data_in              ;
; vga_monitor:vga_monitor|text3[27][1][3]  ; Stuck at GND due to stuck port data_in              ;
; vga_monitor:vga_monitor|text3[27][1][4]  ; Stuck at VCC due to stuck port data_in              ;
; vga_monitor:vga_monitor|text3[27][1][5]  ; Stuck at VCC due to stuck port data_in              ;
; vga_monitor:vga_monitor|text3[27][1][6]  ; Stuck at GND due to stuck port data_in              ;
; vga_monitor:vga_monitor|text3[27][0][0]  ; Stuck at GND due to stuck port data_in              ;
; vga_monitor:vga_monitor|text3[27][0][1]  ; Stuck at GND due to stuck port data_in              ;
; vga_monitor:vga_monitor|text3[27][0][2]  ; Stuck at GND due to stuck port data_in              ;
; vga_monitor:vga_monitor|text3[27][0][3]  ; Stuck at VCC due to stuck port data_in              ;
; vga_monitor:vga_monitor|text3[27][0][4]  ; Stuck at VCC due to stuck port data_in              ;
; vga_monitor:vga_monitor|text3[27][0][5]  ; Stuck at VCC due to stuck port data_in              ;
; vga_monitor:vga_monitor|text3[27][0][6]  ; Stuck at VCC due to stuck port data_in              ;
; vga_monitor:vga_monitor|text3[26][9][0]  ; Stuck at VCC due to stuck port data_in              ;
; vga_monitor:vga_monitor|text3[26][9][1]  ; Stuck at VCC due to stuck port data_in              ;
; vga_monitor:vga_monitor|text3[26][9][2]  ; Stuck at VCC due to stuck port data_in              ;
; vga_monitor:vga_monitor|text3[26][9][3]  ; Stuck at VCC due to stuck port data_in              ;
; vga_monitor:vga_monitor|text3[26][9][4]  ; Stuck at VCC due to stuck port data_in              ;
; vga_monitor:vga_monitor|text3[26][9][5]  ; Stuck at GND due to stuck port data_in              ;
; vga_monitor:vga_monitor|text3[26][9][6]  ; Stuck at VCC due to stuck port data_in              ;
; vga_monitor:vga_monitor|text3[26][4][0]  ; Stuck at GND due to stuck port data_in              ;
; vga_monitor:vga_monitor|text3[26][4][1]  ; Stuck at GND due to stuck port data_in              ;
; vga_monitor:vga_monitor|text3[26][4][2]  ; Stuck at GND due to stuck port data_in              ;
; vga_monitor:vga_monitor|text3[26][4][3]  ; Stuck at GND due to stuck port data_in              ;
; vga_monitor:vga_monitor|text3[26][4][4]  ; Stuck at GND due to stuck port data_in              ;
; vga_monitor:vga_monitor|text3[26][4][5]  ; Stuck at VCC due to stuck port data_in              ;
; vga_monitor:vga_monitor|text3[26][4][6]  ; Stuck at GND due to stuck port data_in              ;
; vga_monitor:vga_monitor|text3[26][3][0]  ; Stuck at GND due to stuck port data_in              ;
; vga_monitor:vga_monitor|text3[26][3][1]  ; Stuck at VCC due to stuck port data_in              ;
; vga_monitor:vga_monitor|text3[26][3][2]  ; Stuck at GND due to stuck port data_in              ;
; vga_monitor:vga_monitor|text3[26][3][3]  ; Stuck at VCC due to stuck port data_in              ;
; vga_monitor:vga_monitor|text3[26][3][4]  ; Stuck at VCC due to stuck port data_in              ;
; vga_monitor:vga_monitor|text3[26][3][5]  ; Stuck at VCC due to stuck port data_in              ;
; vga_monitor:vga_monitor|text3[26][3][6]  ; Stuck at GND due to stuck port data_in              ;
; vga_monitor:vga_monitor|text3[26][2][0]  ; Stuck at VCC due to stuck port data_in              ;
; vga_monitor:vga_monitor|text3[26][2][1]  ; Stuck at GND due to stuck port data_in              ;
; vga_monitor:vga_monitor|text3[26][2][2]  ; Stuck at GND due to stuck port data_in              ;
; vga_monitor:vga_monitor|text3[26][2][3]  ; Stuck at VCC due to stuck port data_in              ;
; vga_monitor:vga_monitor|text3[26][2][4]  ; Stuck at VCC due to stuck port data_in              ;
; vga_monitor:vga_monitor|text3[26][2][5]  ; Stuck at VCC due to stuck port data_in              ;
; vga_monitor:vga_monitor|text3[26][2][6]  ; Stuck at GND due to stuck port data_in              ;
; vga_monitor:vga_monitor|text3[26][1][0]  ; Stuck at VCC due to stuck port data_in              ;
; vga_monitor:vga_monitor|text3[26][1][1]  ; Stuck at GND due to stuck port data_in              ;
; vga_monitor:vga_monitor|text3[26][1][2]  ; Stuck at GND due to stuck port data_in              ;
; vga_monitor:vga_monitor|text3[26][1][3]  ; Stuck at GND due to stuck port data_in              ;
; vga_monitor:vga_monitor|text3[26][1][4]  ; Stuck at VCC due to stuck port data_in              ;
; vga_monitor:vga_monitor|text3[26][1][5]  ; Stuck at VCC due to stuck port data_in              ;
; vga_monitor:vga_monitor|text3[26][1][6]  ; Stuck at GND due to stuck port data_in              ;
; vga_monitor:vga_monitor|text3[26][0][0]  ; Stuck at GND due to stuck port data_in              ;
; vga_monitor:vga_monitor|text3[26][0][1]  ; Stuck at GND due to stuck port data_in              ;
; vga_monitor:vga_monitor|text3[26][0][2]  ; Stuck at GND due to stuck port data_in              ;
; vga_monitor:vga_monitor|text3[26][0][3]  ; Stuck at VCC due to stuck port data_in              ;
; vga_monitor:vga_monitor|text3[26][0][4]  ; Stuck at VCC due to stuck port data_in              ;
; vga_monitor:vga_monitor|text3[26][0][5]  ; Stuck at VCC due to stuck port data_in              ;
; vga_monitor:vga_monitor|text3[26][0][6]  ; Stuck at VCC due to stuck port data_in              ;
; vga_monitor:vga_monitor|text3[25][9][0]  ; Stuck at VCC due to stuck port data_in              ;
; vga_monitor:vga_monitor|text3[25][9][1]  ; Stuck at VCC due to stuck port data_in              ;
; vga_monitor:vga_monitor|text3[25][9][2]  ; Stuck at VCC due to stuck port data_in              ;
; vga_monitor:vga_monitor|text3[25][9][3]  ; Stuck at VCC due to stuck port data_in              ;
; vga_monitor:vga_monitor|text3[25][9][4]  ; Stuck at VCC due to stuck port data_in              ;
; vga_monitor:vga_monitor|text3[25][9][5]  ; Stuck at GND due to stuck port data_in              ;
; vga_monitor:vga_monitor|text3[25][9][6]  ; Stuck at VCC due to stuck port data_in              ;
; vga_monitor:vga_monitor|text3[25][4][0]  ; Stuck at GND due to stuck port data_in              ;
; vga_monitor:vga_monitor|text3[25][4][1]  ; Stuck at GND due to stuck port data_in              ;
; vga_monitor:vga_monitor|text3[25][4][2]  ; Stuck at GND due to stuck port data_in              ;
; vga_monitor:vga_monitor|text3[25][4][3]  ; Stuck at GND due to stuck port data_in              ;
; vga_monitor:vga_monitor|text3[25][4][4]  ; Stuck at GND due to stuck port data_in              ;
; vga_monitor:vga_monitor|text3[25][4][5]  ; Stuck at VCC due to stuck port data_in              ;
; vga_monitor:vga_monitor|text3[25][4][6]  ; Stuck at GND due to stuck port data_in              ;
; vga_monitor:vga_monitor|text3[25][3][0]  ; Stuck at GND due to stuck port data_in              ;
; vga_monitor:vga_monitor|text3[25][3][1]  ; Stuck at VCC due to stuck port data_in              ;
; vga_monitor:vga_monitor|text3[25][3][2]  ; Stuck at GND due to stuck port data_in              ;
; vga_monitor:vga_monitor|text3[25][3][3]  ; Stuck at VCC due to stuck port data_in              ;
; vga_monitor:vga_monitor|text3[25][3][4]  ; Stuck at VCC due to stuck port data_in              ;
; vga_monitor:vga_monitor|text3[25][3][5]  ; Stuck at VCC due to stuck port data_in              ;
; vga_monitor:vga_monitor|text3[25][3][6]  ; Stuck at GND due to stuck port data_in              ;
; vga_monitor:vga_monitor|text3[25][2][0]  ; Stuck at GND due to stuck port data_in              ;
; vga_monitor:vga_monitor|text3[25][2][1]  ; Stuck at GND due to stuck port data_in              ;
; vga_monitor:vga_monitor|text3[25][2][2]  ; Stuck at GND due to stuck port data_in              ;
; vga_monitor:vga_monitor|text3[25][2][3]  ; Stuck at VCC due to stuck port data_in              ;
; vga_monitor:vga_monitor|text3[25][2][4]  ; Stuck at VCC due to stuck port data_in              ;
; vga_monitor:vga_monitor|text3[25][2][5]  ; Stuck at VCC due to stuck port data_in              ;
; vga_monitor:vga_monitor|text3[25][2][6]  ; Stuck at GND due to stuck port data_in              ;
; vga_monitor:vga_monitor|text3[25][1][0]  ; Stuck at VCC due to stuck port data_in              ;
; vga_monitor:vga_monitor|text3[25][1][1]  ; Stuck at GND due to stuck port data_in              ;
; vga_monitor:vga_monitor|text3[25][1][2]  ; Stuck at GND due to stuck port data_in              ;
; vga_monitor:vga_monitor|text3[25][1][3]  ; Stuck at GND due to stuck port data_in              ;
; vga_monitor:vga_monitor|text3[25][1][4]  ; Stuck at VCC due to stuck port data_in              ;
; vga_monitor:vga_monitor|text3[25][1][5]  ; Stuck at VCC due to stuck port data_in              ;
; vga_monitor:vga_monitor|text3[25][1][6]  ; Stuck at GND due to stuck port data_in              ;
; vga_monitor:vga_monitor|text3[25][0][0]  ; Stuck at GND due to stuck port data_in              ;
; vga_monitor:vga_monitor|text3[25][0][1]  ; Stuck at GND due to stuck port data_in              ;
; vga_monitor:vga_monitor|text3[25][0][2]  ; Stuck at GND due to stuck port data_in              ;
; vga_monitor:vga_monitor|text3[25][0][3]  ; Stuck at VCC due to stuck port data_in              ;
; vga_monitor:vga_monitor|text3[25][0][4]  ; Stuck at VCC due to stuck port data_in              ;
; vga_monitor:vga_monitor|text3[25][0][5]  ; Stuck at VCC due to stuck port data_in              ;
; vga_monitor:vga_monitor|text3[25][0][6]  ; Stuck at VCC due to stuck port data_in              ;
; vga_monitor:vga_monitor|text3[24][9][0]  ; Stuck at VCC due to stuck port data_in              ;
; vga_monitor:vga_monitor|text3[24][9][1]  ; Stuck at VCC due to stuck port data_in              ;
; vga_monitor:vga_monitor|text3[24][9][2]  ; Stuck at VCC due to stuck port data_in              ;
; vga_monitor:vga_monitor|text3[24][9][3]  ; Stuck at VCC due to stuck port data_in              ;
; vga_monitor:vga_monitor|text3[24][9][4]  ; Stuck at VCC due to stuck port data_in              ;
; vga_monitor:vga_monitor|text3[24][9][5]  ; Stuck at GND due to stuck port data_in              ;
; vga_monitor:vga_monitor|text3[24][9][6]  ; Stuck at VCC due to stuck port data_in              ;
; vga_monitor:vga_monitor|text3[24][4][0]  ; Stuck at GND due to stuck port data_in              ;
; vga_monitor:vga_monitor|text3[24][4][1]  ; Stuck at GND due to stuck port data_in              ;
; vga_monitor:vga_monitor|text3[24][4][2]  ; Stuck at GND due to stuck port data_in              ;
; vga_monitor:vga_monitor|text3[24][4][3]  ; Stuck at GND due to stuck port data_in              ;
; vga_monitor:vga_monitor|text3[24][4][4]  ; Stuck at GND due to stuck port data_in              ;
; vga_monitor:vga_monitor|text3[24][4][5]  ; Stuck at VCC due to stuck port data_in              ;
; vga_monitor:vga_monitor|text3[24][4][6]  ; Stuck at GND due to stuck port data_in              ;
; vga_monitor:vga_monitor|text3[24][3][0]  ; Stuck at GND due to stuck port data_in              ;
; vga_monitor:vga_monitor|text3[24][3][1]  ; Stuck at VCC due to stuck port data_in              ;
; vga_monitor:vga_monitor|text3[24][3][2]  ; Stuck at GND due to stuck port data_in              ;
; vga_monitor:vga_monitor|text3[24][3][3]  ; Stuck at VCC due to stuck port data_in              ;
; vga_monitor:vga_monitor|text3[24][3][4]  ; Stuck at VCC due to stuck port data_in              ;
; vga_monitor:vga_monitor|text3[24][3][5]  ; Stuck at VCC due to stuck port data_in              ;
; vga_monitor:vga_monitor|text3[24][3][6]  ; Stuck at GND due to stuck port data_in              ;
; vga_monitor:vga_monitor|text3[24][2][0]  ; Stuck at VCC due to stuck port data_in              ;
; vga_monitor:vga_monitor|text3[24][2][1]  ; Stuck at VCC due to stuck port data_in              ;
; vga_monitor:vga_monitor|text3[24][2][2]  ; Stuck at VCC due to stuck port data_in              ;
; vga_monitor:vga_monitor|text3[24][2][3]  ; Stuck at GND due to stuck port data_in              ;
; vga_monitor:vga_monitor|text3[24][2][4]  ; Stuck at VCC due to stuck port data_in              ;
; vga_monitor:vga_monitor|text3[24][2][5]  ; Stuck at VCC due to stuck port data_in              ;
; vga_monitor:vga_monitor|text3[24][2][6]  ; Stuck at GND due to stuck port data_in              ;
; vga_monitor:vga_monitor|text3[24][1][0]  ; Stuck at VCC due to stuck port data_in              ;
; vga_monitor:vga_monitor|text3[24][1][1]  ; Stuck at GND due to stuck port data_in              ;
; vga_monitor:vga_monitor|text3[24][1][2]  ; Stuck at GND due to stuck port data_in              ;
; vga_monitor:vga_monitor|text3[24][1][3]  ; Stuck at GND due to stuck port data_in              ;
; vga_monitor:vga_monitor|text3[24][1][4]  ; Stuck at VCC due to stuck port data_in              ;
; vga_monitor:vga_monitor|text3[24][1][5]  ; Stuck at VCC due to stuck port data_in              ;
; vga_monitor:vga_monitor|text3[24][1][6]  ; Stuck at GND due to stuck port data_in              ;
; vga_monitor:vga_monitor|text3[24][0][0]  ; Stuck at GND due to stuck port data_in              ;
; vga_monitor:vga_monitor|text3[24][0][1]  ; Stuck at GND due to stuck port data_in              ;
; vga_monitor:vga_monitor|text3[24][0][2]  ; Stuck at GND due to stuck port data_in              ;
; vga_monitor:vga_monitor|text3[24][0][3]  ; Stuck at VCC due to stuck port data_in              ;
; vga_monitor:vga_monitor|text3[24][0][4]  ; Stuck at VCC due to stuck port data_in              ;
; vga_monitor:vga_monitor|text3[24][0][5]  ; Stuck at VCC due to stuck port data_in              ;
; vga_monitor:vga_monitor|text3[24][0][6]  ; Stuck at VCC due to stuck port data_in              ;
; vga_monitor:vga_monitor|text3[23][9][0]  ; Stuck at VCC due to stuck port data_in              ;
; vga_monitor:vga_monitor|text3[23][9][1]  ; Stuck at VCC due to stuck port data_in              ;
; vga_monitor:vga_monitor|text3[23][9][2]  ; Stuck at VCC due to stuck port data_in              ;
; vga_monitor:vga_monitor|text3[23][9][3]  ; Stuck at VCC due to stuck port data_in              ;
; vga_monitor:vga_monitor|text3[23][9][4]  ; Stuck at VCC due to stuck port data_in              ;
; vga_monitor:vga_monitor|text3[23][9][5]  ; Stuck at GND due to stuck port data_in              ;
; vga_monitor:vga_monitor|text3[23][9][6]  ; Stuck at VCC due to stuck port data_in              ;
; vga_monitor:vga_monitor|text3[23][4][0]  ; Stuck at GND due to stuck port data_in              ;
; vga_monitor:vga_monitor|text3[23][4][1]  ; Stuck at GND due to stuck port data_in              ;
; vga_monitor:vga_monitor|text3[23][4][2]  ; Stuck at GND due to stuck port data_in              ;
; vga_monitor:vga_monitor|text3[23][4][3]  ; Stuck at GND due to stuck port data_in              ;
; vga_monitor:vga_monitor|text3[23][4][4]  ; Stuck at GND due to stuck port data_in              ;
; vga_monitor:vga_monitor|text3[23][4][5]  ; Stuck at VCC due to stuck port data_in              ;
; vga_monitor:vga_monitor|text3[23][4][6]  ; Stuck at GND due to stuck port data_in              ;
; vga_monitor:vga_monitor|text3[23][3][0]  ; Stuck at GND due to stuck port data_in              ;
; vga_monitor:vga_monitor|text3[23][3][1]  ; Stuck at VCC due to stuck port data_in              ;
; vga_monitor:vga_monitor|text3[23][3][2]  ; Stuck at GND due to stuck port data_in              ;
; vga_monitor:vga_monitor|text3[23][3][3]  ; Stuck at VCC due to stuck port data_in              ;
; vga_monitor:vga_monitor|text3[23][3][4]  ; Stuck at VCC due to stuck port data_in              ;
; vga_monitor:vga_monitor|text3[23][3][5]  ; Stuck at VCC due to stuck port data_in              ;
; vga_monitor:vga_monitor|text3[23][3][6]  ; Stuck at GND due to stuck port data_in              ;
; vga_monitor:vga_monitor|text3[23][2][0]  ; Stuck at GND due to stuck port data_in              ;
; vga_monitor:vga_monitor|text3[23][2][1]  ; Stuck at VCC due to stuck port data_in              ;
; vga_monitor:vga_monitor|text3[23][2][2]  ; Stuck at VCC due to stuck port data_in              ;
; vga_monitor:vga_monitor|text3[23][2][3]  ; Stuck at GND due to stuck port data_in              ;
; vga_monitor:vga_monitor|text3[23][2][4]  ; Stuck at VCC due to stuck port data_in              ;
; vga_monitor:vga_monitor|text3[23][2][5]  ; Stuck at VCC due to stuck port data_in              ;
; vga_monitor:vga_monitor|text3[23][2][6]  ; Stuck at GND due to stuck port data_in              ;
; vga_monitor:vga_monitor|text3[23][1][0]  ; Stuck at VCC due to stuck port data_in              ;
; vga_monitor:vga_monitor|text3[23][1][1]  ; Stuck at GND due to stuck port data_in              ;
; vga_monitor:vga_monitor|text3[23][1][2]  ; Stuck at GND due to stuck port data_in              ;
; vga_monitor:vga_monitor|text3[23][1][3]  ; Stuck at GND due to stuck port data_in              ;
; vga_monitor:vga_monitor|text3[23][1][4]  ; Stuck at VCC due to stuck port data_in              ;
; vga_monitor:vga_monitor|text3[23][1][5]  ; Stuck at VCC due to stuck port data_in              ;
; vga_monitor:vga_monitor|text3[23][1][6]  ; Stuck at GND due to stuck port data_in              ;
; vga_monitor:vga_monitor|text3[23][0][0]  ; Stuck at GND due to stuck port data_in              ;
; vga_monitor:vga_monitor|text3[23][0][1]  ; Stuck at GND due to stuck port data_in              ;
; vga_monitor:vga_monitor|text3[23][0][2]  ; Stuck at GND due to stuck port data_in              ;
; vga_monitor:vga_monitor|text3[23][0][3]  ; Stuck at VCC due to stuck port data_in              ;
; vga_monitor:vga_monitor|text3[23][0][4]  ; Stuck at VCC due to stuck port data_in              ;
; vga_monitor:vga_monitor|text3[23][0][5]  ; Stuck at VCC due to stuck port data_in              ;
; vga_monitor:vga_monitor|text3[23][0][6]  ; Stuck at VCC due to stuck port data_in              ;
; vga_monitor:vga_monitor|text3[22][9][0]  ; Stuck at VCC due to stuck port data_in              ;
; vga_monitor:vga_monitor|text3[22][9][1]  ; Stuck at VCC due to stuck port data_in              ;
; vga_monitor:vga_monitor|text3[22][9][2]  ; Stuck at VCC due to stuck port data_in              ;
; vga_monitor:vga_monitor|text3[22][9][3]  ; Stuck at VCC due to stuck port data_in              ;
; vga_monitor:vga_monitor|text3[22][9][4]  ; Stuck at VCC due to stuck port data_in              ;
; vga_monitor:vga_monitor|text3[22][9][5]  ; Stuck at GND due to stuck port data_in              ;
; vga_monitor:vga_monitor|text3[22][9][6]  ; Stuck at VCC due to stuck port data_in              ;
; vga_monitor:vga_monitor|text3[22][4][0]  ; Stuck at GND due to stuck port data_in              ;
; vga_monitor:vga_monitor|text3[22][4][1]  ; Stuck at GND due to stuck port data_in              ;
; vga_monitor:vga_monitor|text3[22][4][2]  ; Stuck at GND due to stuck port data_in              ;
; vga_monitor:vga_monitor|text3[22][4][3]  ; Stuck at GND due to stuck port data_in              ;
; vga_monitor:vga_monitor|text3[22][4][4]  ; Stuck at GND due to stuck port data_in              ;
; vga_monitor:vga_monitor|text3[22][4][5]  ; Stuck at VCC due to stuck port data_in              ;
; vga_monitor:vga_monitor|text3[22][4][6]  ; Stuck at GND due to stuck port data_in              ;
; vga_monitor:vga_monitor|text3[22][3][0]  ; Stuck at GND due to stuck port data_in              ;
; vga_monitor:vga_monitor|text3[22][3][1]  ; Stuck at VCC due to stuck port data_in              ;
; vga_monitor:vga_monitor|text3[22][3][2]  ; Stuck at GND due to stuck port data_in              ;
; vga_monitor:vga_monitor|text3[22][3][3]  ; Stuck at VCC due to stuck port data_in              ;
; vga_monitor:vga_monitor|text3[22][3][4]  ; Stuck at VCC due to stuck port data_in              ;
; vga_monitor:vga_monitor|text3[22][3][5]  ; Stuck at VCC due to stuck port data_in              ;
; vga_monitor:vga_monitor|text3[22][3][6]  ; Stuck at GND due to stuck port data_in              ;
; vga_monitor:vga_monitor|text3[22][2][0]  ; Stuck at VCC due to stuck port data_in              ;
; vga_monitor:vga_monitor|text3[22][2][1]  ; Stuck at GND due to stuck port data_in              ;
; vga_monitor:vga_monitor|text3[22][2][2]  ; Stuck at VCC due to stuck port data_in              ;
; vga_monitor:vga_monitor|text3[22][2][3]  ; Stuck at GND due to stuck port data_in              ;
; vga_monitor:vga_monitor|text3[22][2][4]  ; Stuck at VCC due to stuck port data_in              ;
; vga_monitor:vga_monitor|text3[22][2][5]  ; Stuck at VCC due to stuck port data_in              ;
; vga_monitor:vga_monitor|text3[22][2][6]  ; Stuck at GND due to stuck port data_in              ;
; vga_monitor:vga_monitor|text3[22][1][0]  ; Stuck at VCC due to stuck port data_in              ;
; vga_monitor:vga_monitor|text3[22][1][1]  ; Stuck at GND due to stuck port data_in              ;
; vga_monitor:vga_monitor|text3[22][1][2]  ; Stuck at GND due to stuck port data_in              ;
; vga_monitor:vga_monitor|text3[22][1][3]  ; Stuck at GND due to stuck port data_in              ;
; vga_monitor:vga_monitor|text3[22][1][4]  ; Stuck at VCC due to stuck port data_in              ;
; vga_monitor:vga_monitor|text3[22][1][5]  ; Stuck at VCC due to stuck port data_in              ;
; vga_monitor:vga_monitor|text3[22][1][6]  ; Stuck at GND due to stuck port data_in              ;
; vga_monitor:vga_monitor|text3[22][0][0]  ; Stuck at GND due to stuck port data_in              ;
; vga_monitor:vga_monitor|text3[22][0][1]  ; Stuck at GND due to stuck port data_in              ;
; vga_monitor:vga_monitor|text3[22][0][2]  ; Stuck at GND due to stuck port data_in              ;
; vga_monitor:vga_monitor|text3[22][0][3]  ; Stuck at VCC due to stuck port data_in              ;
; vga_monitor:vga_monitor|text3[22][0][4]  ; Stuck at VCC due to stuck port data_in              ;
; vga_monitor:vga_monitor|text3[22][0][5]  ; Stuck at VCC due to stuck port data_in              ;
; vga_monitor:vga_monitor|text3[22][0][6]  ; Stuck at VCC due to stuck port data_in              ;
; vga_monitor:vga_monitor|text3[21][9][0]  ; Stuck at VCC due to stuck port data_in              ;
; vga_monitor:vga_monitor|text3[21][9][1]  ; Stuck at VCC due to stuck port data_in              ;
; vga_monitor:vga_monitor|text3[21][9][2]  ; Stuck at VCC due to stuck port data_in              ;
; vga_monitor:vga_monitor|text3[21][9][3]  ; Stuck at VCC due to stuck port data_in              ;
; vga_monitor:vga_monitor|text3[21][9][4]  ; Stuck at VCC due to stuck port data_in              ;
; vga_monitor:vga_monitor|text3[21][9][5]  ; Stuck at GND due to stuck port data_in              ;
; vga_monitor:vga_monitor|text3[21][9][6]  ; Stuck at VCC due to stuck port data_in              ;
; vga_monitor:vga_monitor|text3[21][4][0]  ; Stuck at GND due to stuck port data_in              ;
; vga_monitor:vga_monitor|text3[21][4][1]  ; Stuck at GND due to stuck port data_in              ;
; vga_monitor:vga_monitor|text3[21][4][2]  ; Stuck at GND due to stuck port data_in              ;
; vga_monitor:vga_monitor|text3[21][4][3]  ; Stuck at GND due to stuck port data_in              ;
; vga_monitor:vga_monitor|text3[21][4][4]  ; Stuck at GND due to stuck port data_in              ;
; vga_monitor:vga_monitor|text3[21][4][5]  ; Stuck at VCC due to stuck port data_in              ;
; vga_monitor:vga_monitor|text3[21][4][6]  ; Stuck at GND due to stuck port data_in              ;
; vga_monitor:vga_monitor|text3[21][3][0]  ; Stuck at GND due to stuck port data_in              ;
; vga_monitor:vga_monitor|text3[21][3][1]  ; Stuck at VCC due to stuck port data_in              ;
; vga_monitor:vga_monitor|text3[21][3][2]  ; Stuck at GND due to stuck port data_in              ;
; vga_monitor:vga_monitor|text3[21][3][3]  ; Stuck at VCC due to stuck port data_in              ;
; vga_monitor:vga_monitor|text3[21][3][4]  ; Stuck at VCC due to stuck port data_in              ;
; vga_monitor:vga_monitor|text3[21][3][5]  ; Stuck at VCC due to stuck port data_in              ;
; vga_monitor:vga_monitor|text3[21][3][6]  ; Stuck at GND due to stuck port data_in              ;
; vga_monitor:vga_monitor|text3[21][2][0]  ; Stuck at GND due to stuck port data_in              ;
; vga_monitor:vga_monitor|text3[21][2][1]  ; Stuck at GND due to stuck port data_in              ;
; vga_monitor:vga_monitor|text3[21][2][2]  ; Stuck at VCC due to stuck port data_in              ;
; vga_monitor:vga_monitor|text3[21][2][3]  ; Stuck at GND due to stuck port data_in              ;
; vga_monitor:vga_monitor|text3[21][2][4]  ; Stuck at VCC due to stuck port data_in              ;
; vga_monitor:vga_monitor|text3[21][2][5]  ; Stuck at VCC due to stuck port data_in              ;
; vga_monitor:vga_monitor|text3[21][2][6]  ; Stuck at GND due to stuck port data_in              ;
; vga_monitor:vga_monitor|text3[21][1][0]  ; Stuck at VCC due to stuck port data_in              ;
; vga_monitor:vga_monitor|text3[21][1][1]  ; Stuck at GND due to stuck port data_in              ;
; vga_monitor:vga_monitor|text3[21][1][2]  ; Stuck at GND due to stuck port data_in              ;
; vga_monitor:vga_monitor|text3[21][1][3]  ; Stuck at GND due to stuck port data_in              ;
; vga_monitor:vga_monitor|text3[21][1][4]  ; Stuck at VCC due to stuck port data_in              ;
; vga_monitor:vga_monitor|text3[21][1][5]  ; Stuck at VCC due to stuck port data_in              ;
; vga_monitor:vga_monitor|text3[21][1][6]  ; Stuck at GND due to stuck port data_in              ;
; vga_monitor:vga_monitor|text3[21][0][0]  ; Stuck at GND due to stuck port data_in              ;
; vga_monitor:vga_monitor|text3[21][0][1]  ; Stuck at GND due to stuck port data_in              ;
; vga_monitor:vga_monitor|text3[21][0][2]  ; Stuck at GND due to stuck port data_in              ;
; vga_monitor:vga_monitor|text3[21][0][3]  ; Stuck at VCC due to stuck port data_in              ;
; vga_monitor:vga_monitor|text3[21][0][4]  ; Stuck at VCC due to stuck port data_in              ;
; vga_monitor:vga_monitor|text3[21][0][5]  ; Stuck at VCC due to stuck port data_in              ;
; vga_monitor:vga_monitor|text3[21][0][6]  ; Stuck at VCC due to stuck port data_in              ;
; vga_monitor:vga_monitor|text3[20][9][0]  ; Stuck at VCC due to stuck port data_in              ;
; vga_monitor:vga_monitor|text3[20][9][1]  ; Stuck at VCC due to stuck port data_in              ;
; vga_monitor:vga_monitor|text3[20][9][2]  ; Stuck at VCC due to stuck port data_in              ;
; vga_monitor:vga_monitor|text3[20][9][3]  ; Stuck at VCC due to stuck port data_in              ;
; vga_monitor:vga_monitor|text3[20][9][4]  ; Stuck at VCC due to stuck port data_in              ;
; vga_monitor:vga_monitor|text3[20][9][5]  ; Stuck at GND due to stuck port data_in              ;
; vga_monitor:vga_monitor|text3[20][9][6]  ; Stuck at VCC due to stuck port data_in              ;
; vga_monitor:vga_monitor|text3[20][4][0]  ; Stuck at GND due to stuck port data_in              ;
; vga_monitor:vga_monitor|text3[20][4][1]  ; Stuck at GND due to stuck port data_in              ;
; vga_monitor:vga_monitor|text3[20][4][2]  ; Stuck at GND due to stuck port data_in              ;
; vga_monitor:vga_monitor|text3[20][4][3]  ; Stuck at GND due to stuck port data_in              ;
; vga_monitor:vga_monitor|text3[20][4][4]  ; Stuck at GND due to stuck port data_in              ;
; vga_monitor:vga_monitor|text3[20][4][5]  ; Stuck at VCC due to stuck port data_in              ;
; vga_monitor:vga_monitor|text3[20][4][6]  ; Stuck at GND due to stuck port data_in              ;
; vga_monitor:vga_monitor|text3[20][3][0]  ; Stuck at GND due to stuck port data_in              ;
; vga_monitor:vga_monitor|text3[20][3][1]  ; Stuck at VCC due to stuck port data_in              ;
; vga_monitor:vga_monitor|text3[20][3][2]  ; Stuck at GND due to stuck port data_in              ;
; vga_monitor:vga_monitor|text3[20][3][3]  ; Stuck at VCC due to stuck port data_in              ;
; vga_monitor:vga_monitor|text3[20][3][4]  ; Stuck at VCC due to stuck port data_in              ;
; vga_monitor:vga_monitor|text3[20][3][5]  ; Stuck at VCC due to stuck port data_in              ;
; vga_monitor:vga_monitor|text3[20][3][6]  ; Stuck at GND due to stuck port data_in              ;
; vga_monitor:vga_monitor|text3[20][2][0]  ; Stuck at VCC due to stuck port data_in              ;
; vga_monitor:vga_monitor|text3[20][2][1]  ; Stuck at VCC due to stuck port data_in              ;
; vga_monitor:vga_monitor|text3[20][2][2]  ; Stuck at GND due to stuck port data_in              ;
; vga_monitor:vga_monitor|text3[20][2][3]  ; Stuck at GND due to stuck port data_in              ;
; vga_monitor:vga_monitor|text3[20][2][4]  ; Stuck at VCC due to stuck port data_in              ;
; vga_monitor:vga_monitor|text3[20][2][5]  ; Stuck at VCC due to stuck port data_in              ;
; vga_monitor:vga_monitor|text3[20][2][6]  ; Stuck at GND due to stuck port data_in              ;
; vga_monitor:vga_monitor|text3[20][1][0]  ; Stuck at VCC due to stuck port data_in              ;
; vga_monitor:vga_monitor|text3[20][1][1]  ; Stuck at GND due to stuck port data_in              ;
; vga_monitor:vga_monitor|text3[20][1][2]  ; Stuck at GND due to stuck port data_in              ;
; vga_monitor:vga_monitor|text3[20][1][3]  ; Stuck at GND due to stuck port data_in              ;
; vga_monitor:vga_monitor|text3[20][1][4]  ; Stuck at VCC due to stuck port data_in              ;
; vga_monitor:vga_monitor|text3[20][1][5]  ; Stuck at VCC due to stuck port data_in              ;
; vga_monitor:vga_monitor|text3[20][1][6]  ; Stuck at GND due to stuck port data_in              ;
; vga_monitor:vga_monitor|text3[20][0][0]  ; Stuck at GND due to stuck port data_in              ;
; vga_monitor:vga_monitor|text3[20][0][1]  ; Stuck at GND due to stuck port data_in              ;
; vga_monitor:vga_monitor|text3[20][0][2]  ; Stuck at GND due to stuck port data_in              ;
; vga_monitor:vga_monitor|text3[20][0][3]  ; Stuck at VCC due to stuck port data_in              ;
; vga_monitor:vga_monitor|text3[20][0][4]  ; Stuck at VCC due to stuck port data_in              ;
; vga_monitor:vga_monitor|text3[20][0][5]  ; Stuck at VCC due to stuck port data_in              ;
; vga_monitor:vga_monitor|text3[20][0][6]  ; Stuck at VCC due to stuck port data_in              ;
; vga_monitor:vga_monitor|text3[19][9][0]  ; Stuck at VCC due to stuck port data_in              ;
; vga_monitor:vga_monitor|text3[19][9][1]  ; Stuck at VCC due to stuck port data_in              ;
; vga_monitor:vga_monitor|text3[19][9][2]  ; Stuck at VCC due to stuck port data_in              ;
; vga_monitor:vga_monitor|text3[19][9][3]  ; Stuck at VCC due to stuck port data_in              ;
; vga_monitor:vga_monitor|text3[19][9][4]  ; Stuck at VCC due to stuck port data_in              ;
; vga_monitor:vga_monitor|text3[19][9][5]  ; Stuck at GND due to stuck port data_in              ;
; vga_monitor:vga_monitor|text3[19][9][6]  ; Stuck at VCC due to stuck port data_in              ;
; vga_monitor:vga_monitor|text3[19][4][0]  ; Stuck at GND due to stuck port data_in              ;
; vga_monitor:vga_monitor|text3[19][4][1]  ; Stuck at GND due to stuck port data_in              ;
; vga_monitor:vga_monitor|text3[19][4][2]  ; Stuck at GND due to stuck port data_in              ;
; vga_monitor:vga_monitor|text3[19][4][3]  ; Stuck at GND due to stuck port data_in              ;
; vga_monitor:vga_monitor|text3[19][4][4]  ; Stuck at GND due to stuck port data_in              ;
; vga_monitor:vga_monitor|text3[19][4][5]  ; Stuck at VCC due to stuck port data_in              ;
; vga_monitor:vga_monitor|text3[19][4][6]  ; Stuck at GND due to stuck port data_in              ;
; vga_monitor:vga_monitor|text3[19][3][0]  ; Stuck at GND due to stuck port data_in              ;
; vga_monitor:vga_monitor|text3[19][3][1]  ; Stuck at VCC due to stuck port data_in              ;
; vga_monitor:vga_monitor|text3[19][3][2]  ; Stuck at GND due to stuck port data_in              ;
; vga_monitor:vga_monitor|text3[19][3][3]  ; Stuck at VCC due to stuck port data_in              ;
; vga_monitor:vga_monitor|text3[19][3][4]  ; Stuck at VCC due to stuck port data_in              ;
; vga_monitor:vga_monitor|text3[19][3][5]  ; Stuck at VCC due to stuck port data_in              ;
; vga_monitor:vga_monitor|text3[19][3][6]  ; Stuck at GND due to stuck port data_in              ;
; vga_monitor:vga_monitor|text3[19][2][0]  ; Stuck at GND due to stuck port data_in              ;
; vga_monitor:vga_monitor|text3[19][2][1]  ; Stuck at VCC due to stuck port data_in              ;
; vga_monitor:vga_monitor|text3[19][2][2]  ; Stuck at GND due to stuck port data_in              ;
; vga_monitor:vga_monitor|text3[19][2][3]  ; Stuck at GND due to stuck port data_in              ;
; vga_monitor:vga_monitor|text3[19][2][4]  ; Stuck at VCC due to stuck port data_in              ;
; vga_monitor:vga_monitor|text3[19][2][5]  ; Stuck at VCC due to stuck port data_in              ;
; vga_monitor:vga_monitor|text3[19][2][6]  ; Stuck at GND due to stuck port data_in              ;
; vga_monitor:vga_monitor|text3[19][1][0]  ; Stuck at VCC due to stuck port data_in              ;
; vga_monitor:vga_monitor|text3[19][1][1]  ; Stuck at GND due to stuck port data_in              ;
; vga_monitor:vga_monitor|text3[19][1][2]  ; Stuck at GND due to stuck port data_in              ;
; vga_monitor:vga_monitor|text3[19][1][3]  ; Stuck at GND due to stuck port data_in              ;
; vga_monitor:vga_monitor|text3[19][1][4]  ; Stuck at VCC due to stuck port data_in              ;
; vga_monitor:vga_monitor|text3[19][1][5]  ; Stuck at VCC due to stuck port data_in              ;
; vga_monitor:vga_monitor|text3[19][1][6]  ; Stuck at GND due to stuck port data_in              ;
; vga_monitor:vga_monitor|text3[19][0][0]  ; Stuck at GND due to stuck port data_in              ;
; vga_monitor:vga_monitor|text3[19][0][1]  ; Stuck at GND due to stuck port data_in              ;
; vga_monitor:vga_monitor|text3[19][0][2]  ; Stuck at GND due to stuck port data_in              ;
; vga_monitor:vga_monitor|text3[19][0][3]  ; Stuck at VCC due to stuck port data_in              ;
; vga_monitor:vga_monitor|text3[19][0][4]  ; Stuck at VCC due to stuck port data_in              ;
; vga_monitor:vga_monitor|text3[19][0][5]  ; Stuck at VCC due to stuck port data_in              ;
; vga_monitor:vga_monitor|text3[19][0][6]  ; Stuck at VCC due to stuck port data_in              ;
; vga_monitor:vga_monitor|text3[18][9][0]  ; Stuck at VCC due to stuck port data_in              ;
; vga_monitor:vga_monitor|text3[18][9][1]  ; Stuck at VCC due to stuck port data_in              ;
; vga_monitor:vga_monitor|text3[18][9][2]  ; Stuck at VCC due to stuck port data_in              ;
; vga_monitor:vga_monitor|text3[18][9][3]  ; Stuck at VCC due to stuck port data_in              ;
; vga_monitor:vga_monitor|text3[18][9][4]  ; Stuck at VCC due to stuck port data_in              ;
; vga_monitor:vga_monitor|text3[18][9][5]  ; Stuck at GND due to stuck port data_in              ;
; vga_monitor:vga_monitor|text3[18][9][6]  ; Stuck at VCC due to stuck port data_in              ;
; vga_monitor:vga_monitor|text3[18][4][0]  ; Stuck at GND due to stuck port data_in              ;
; vga_monitor:vga_monitor|text3[18][4][1]  ; Stuck at GND due to stuck port data_in              ;
; vga_monitor:vga_monitor|text3[18][4][2]  ; Stuck at GND due to stuck port data_in              ;
; vga_monitor:vga_monitor|text3[18][4][3]  ; Stuck at GND due to stuck port data_in              ;
; vga_monitor:vga_monitor|text3[18][4][4]  ; Stuck at GND due to stuck port data_in              ;
; vga_monitor:vga_monitor|text3[18][4][5]  ; Stuck at VCC due to stuck port data_in              ;
; vga_monitor:vga_monitor|text3[18][4][6]  ; Stuck at GND due to stuck port data_in              ;
; vga_monitor:vga_monitor|text3[18][3][0]  ; Stuck at GND due to stuck port data_in              ;
; vga_monitor:vga_monitor|text3[18][3][1]  ; Stuck at VCC due to stuck port data_in              ;
; vga_monitor:vga_monitor|text3[18][3][2]  ; Stuck at GND due to stuck port data_in              ;
; vga_monitor:vga_monitor|text3[18][3][3]  ; Stuck at VCC due to stuck port data_in              ;
; vga_monitor:vga_monitor|text3[18][3][4]  ; Stuck at VCC due to stuck port data_in              ;
; vga_monitor:vga_monitor|text3[18][3][5]  ; Stuck at VCC due to stuck port data_in              ;
; vga_monitor:vga_monitor|text3[18][3][6]  ; Stuck at GND due to stuck port data_in              ;
; vga_monitor:vga_monitor|text3[18][2][0]  ; Stuck at VCC due to stuck port data_in              ;
; vga_monitor:vga_monitor|text3[18][2][1]  ; Stuck at GND due to stuck port data_in              ;
; vga_monitor:vga_monitor|text3[18][2][2]  ; Stuck at GND due to stuck port data_in              ;
; vga_monitor:vga_monitor|text3[18][2][3]  ; Stuck at GND due to stuck port data_in              ;
; vga_monitor:vga_monitor|text3[18][2][4]  ; Stuck at VCC due to stuck port data_in              ;
; vga_monitor:vga_monitor|text3[18][2][5]  ; Stuck at VCC due to stuck port data_in              ;
; vga_monitor:vga_monitor|text3[18][2][6]  ; Stuck at GND due to stuck port data_in              ;
; vga_monitor:vga_monitor|text3[18][1][0]  ; Stuck at VCC due to stuck port data_in              ;
; vga_monitor:vga_monitor|text3[18][1][1]  ; Stuck at GND due to stuck port data_in              ;
; vga_monitor:vga_monitor|text3[18][1][2]  ; Stuck at GND due to stuck port data_in              ;
; vga_monitor:vga_monitor|text3[18][1][3]  ; Stuck at GND due to stuck port data_in              ;
; vga_monitor:vga_monitor|text3[18][1][4]  ; Stuck at VCC due to stuck port data_in              ;
; vga_monitor:vga_monitor|text3[18][1][5]  ; Stuck at VCC due to stuck port data_in              ;
; vga_monitor:vga_monitor|text3[18][1][6]  ; Stuck at GND due to stuck port data_in              ;
; vga_monitor:vga_monitor|text3[18][0][0]  ; Stuck at GND due to stuck port data_in              ;
; vga_monitor:vga_monitor|text3[18][0][1]  ; Stuck at GND due to stuck port data_in              ;
; vga_monitor:vga_monitor|text3[18][0][2]  ; Stuck at GND due to stuck port data_in              ;
; vga_monitor:vga_monitor|text3[18][0][3]  ; Stuck at VCC due to stuck port data_in              ;
; vga_monitor:vga_monitor|text3[18][0][4]  ; Stuck at VCC due to stuck port data_in              ;
; vga_monitor:vga_monitor|text3[18][0][5]  ; Stuck at VCC due to stuck port data_in              ;
; vga_monitor:vga_monitor|text3[18][0][6]  ; Stuck at VCC due to stuck port data_in              ;
; vga_monitor:vga_monitor|text3[17][9][0]  ; Stuck at VCC due to stuck port data_in              ;
; vga_monitor:vga_monitor|text3[17][9][1]  ; Stuck at VCC due to stuck port data_in              ;
; vga_monitor:vga_monitor|text3[17][9][2]  ; Stuck at VCC due to stuck port data_in              ;
; vga_monitor:vga_monitor|text3[17][9][3]  ; Stuck at VCC due to stuck port data_in              ;
; vga_monitor:vga_monitor|text3[17][9][4]  ; Stuck at VCC due to stuck port data_in              ;
; vga_monitor:vga_monitor|text3[17][9][5]  ; Stuck at GND due to stuck port data_in              ;
; vga_monitor:vga_monitor|text3[17][9][6]  ; Stuck at VCC due to stuck port data_in              ;
; vga_monitor:vga_monitor|text3[17][4][0]  ; Stuck at GND due to stuck port data_in              ;
; vga_monitor:vga_monitor|text3[17][4][1]  ; Stuck at GND due to stuck port data_in              ;
; vga_monitor:vga_monitor|text3[17][4][2]  ; Stuck at GND due to stuck port data_in              ;
; vga_monitor:vga_monitor|text3[17][4][3]  ; Stuck at GND due to stuck port data_in              ;
; vga_monitor:vga_monitor|text3[17][4][4]  ; Stuck at GND due to stuck port data_in              ;
; vga_monitor:vga_monitor|text3[17][4][5]  ; Stuck at VCC due to stuck port data_in              ;
; vga_monitor:vga_monitor|text3[17][4][6]  ; Stuck at GND due to stuck port data_in              ;
; vga_monitor:vga_monitor|text3[17][3][0]  ; Stuck at GND due to stuck port data_in              ;
; vga_monitor:vga_monitor|text3[17][3][1]  ; Stuck at VCC due to stuck port data_in              ;
; vga_monitor:vga_monitor|text3[17][3][2]  ; Stuck at GND due to stuck port data_in              ;
; vga_monitor:vga_monitor|text3[17][3][3]  ; Stuck at VCC due to stuck port data_in              ;
; vga_monitor:vga_monitor|text3[17][3][4]  ; Stuck at VCC due to stuck port data_in              ;
; vga_monitor:vga_monitor|text3[17][3][5]  ; Stuck at VCC due to stuck port data_in              ;
; vga_monitor:vga_monitor|text3[17][3][6]  ; Stuck at GND due to stuck port data_in              ;
; vga_monitor:vga_monitor|text3[17][2][0]  ; Stuck at GND due to stuck port data_in              ;
; vga_monitor:vga_monitor|text3[17][2][1]  ; Stuck at GND due to stuck port data_in              ;
; vga_monitor:vga_monitor|text3[17][2][2]  ; Stuck at GND due to stuck port data_in              ;
; vga_monitor:vga_monitor|text3[17][2][3]  ; Stuck at GND due to stuck port data_in              ;
; vga_monitor:vga_monitor|text3[17][2][4]  ; Stuck at VCC due to stuck port data_in              ;
; vga_monitor:vga_monitor|text3[17][2][5]  ; Stuck at VCC due to stuck port data_in              ;
; vga_monitor:vga_monitor|text3[17][2][6]  ; Stuck at GND due to stuck port data_in              ;
; vga_monitor:vga_monitor|text3[17][1][0]  ; Stuck at VCC due to stuck port data_in              ;
; vga_monitor:vga_monitor|text3[17][1][1]  ; Stuck at GND due to stuck port data_in              ;
; vga_monitor:vga_monitor|text3[17][1][2]  ; Stuck at GND due to stuck port data_in              ;
; vga_monitor:vga_monitor|text3[17][1][3]  ; Stuck at GND due to stuck port data_in              ;
; vga_monitor:vga_monitor|text3[17][1][4]  ; Stuck at VCC due to stuck port data_in              ;
; vga_monitor:vga_monitor|text3[17][1][5]  ; Stuck at VCC due to stuck port data_in              ;
; vga_monitor:vga_monitor|text3[17][1][6]  ; Stuck at GND due to stuck port data_in              ;
; vga_monitor:vga_monitor|text3[17][0][0]  ; Stuck at GND due to stuck port data_in              ;
; vga_monitor:vga_monitor|text3[17][0][1]  ; Stuck at GND due to stuck port data_in              ;
; vga_monitor:vga_monitor|text3[17][0][2]  ; Stuck at GND due to stuck port data_in              ;
; vga_monitor:vga_monitor|text3[17][0][3]  ; Stuck at VCC due to stuck port data_in              ;
; vga_monitor:vga_monitor|text3[17][0][4]  ; Stuck at VCC due to stuck port data_in              ;
; vga_monitor:vga_monitor|text3[17][0][5]  ; Stuck at VCC due to stuck port data_in              ;
; vga_monitor:vga_monitor|text3[17][0][6]  ; Stuck at VCC due to stuck port data_in              ;
; vga_monitor:vga_monitor|text3[16][9][0]  ; Stuck at VCC due to stuck port data_in              ;
; vga_monitor:vga_monitor|text3[16][9][1]  ; Stuck at VCC due to stuck port data_in              ;
; vga_monitor:vga_monitor|text3[16][9][2]  ; Stuck at VCC due to stuck port data_in              ;
; vga_monitor:vga_monitor|text3[16][9][3]  ; Stuck at VCC due to stuck port data_in              ;
; vga_monitor:vga_monitor|text3[16][9][4]  ; Stuck at VCC due to stuck port data_in              ;
; vga_monitor:vga_monitor|text3[16][9][5]  ; Stuck at GND due to stuck port data_in              ;
; vga_monitor:vga_monitor|text3[16][9][6]  ; Stuck at VCC due to stuck port data_in              ;
; vga_monitor:vga_monitor|text3[16][4][0]  ; Stuck at GND due to stuck port data_in              ;
; vga_monitor:vga_monitor|text3[16][4][1]  ; Stuck at GND due to stuck port data_in              ;
; vga_monitor:vga_monitor|text3[16][4][2]  ; Stuck at GND due to stuck port data_in              ;
; vga_monitor:vga_monitor|text3[16][4][3]  ; Stuck at GND due to stuck port data_in              ;
; vga_monitor:vga_monitor|text3[16][4][4]  ; Stuck at GND due to stuck port data_in              ;
; vga_monitor:vga_monitor|text3[16][4][5]  ; Stuck at VCC due to stuck port data_in              ;
; vga_monitor:vga_monitor|text3[16][4][6]  ; Stuck at GND due to stuck port data_in              ;
; vga_monitor:vga_monitor|text3[16][3][0]  ; Stuck at GND due to stuck port data_in              ;
; vga_monitor:vga_monitor|text3[16][3][1]  ; Stuck at VCC due to stuck port data_in              ;
; vga_monitor:vga_monitor|text3[16][3][2]  ; Stuck at GND due to stuck port data_in              ;
; vga_monitor:vga_monitor|text3[16][3][3]  ; Stuck at VCC due to stuck port data_in              ;
; vga_monitor:vga_monitor|text3[16][3][4]  ; Stuck at VCC due to stuck port data_in              ;
; vga_monitor:vga_monitor|text3[16][3][5]  ; Stuck at VCC due to stuck port data_in              ;
; vga_monitor:vga_monitor|text3[16][3][6]  ; Stuck at GND due to stuck port data_in              ;
; vga_monitor:vga_monitor|text3[16][2][0]  ; Stuck at GND due to stuck port data_in              ;
; vga_monitor:vga_monitor|text3[16][2][1]  ; Stuck at VCC due to stuck port data_in              ;
; vga_monitor:vga_monitor|text3[16][2][2]  ; Stuck at VCC due to stuck port data_in              ;
; vga_monitor:vga_monitor|text3[16][2][3]  ; Stuck at GND due to stuck port data_in              ;
; vga_monitor:vga_monitor|text3[16][2][4]  ; Stuck at GND due to stuck port data_in              ;
; vga_monitor:vga_monitor|text3[16][2][5]  ; Stuck at GND due to stuck port data_in              ;
; vga_monitor:vga_monitor|text3[16][2][6]  ; Stuck at VCC due to stuck port data_in              ;
; vga_monitor:vga_monitor|text3[16][1][0]  ; Stuck at GND due to stuck port data_in              ;
; vga_monitor:vga_monitor|text3[16][1][1]  ; Stuck at GND due to stuck port data_in              ;
; vga_monitor:vga_monitor|text3[16][1][2]  ; Stuck at GND due to stuck port data_in              ;
; vga_monitor:vga_monitor|text3[16][1][3]  ; Stuck at GND due to stuck port data_in              ;
; vga_monitor:vga_monitor|text3[16][1][4]  ; Stuck at VCC due to stuck port data_in              ;
; vga_monitor:vga_monitor|text3[16][1][5]  ; Stuck at VCC due to stuck port data_in              ;
; vga_monitor:vga_monitor|text3[16][1][6]  ; Stuck at GND due to stuck port data_in              ;
; vga_monitor:vga_monitor|text3[16][0][0]  ; Stuck at GND due to stuck port data_in              ;
; vga_monitor:vga_monitor|text3[16][0][1]  ; Stuck at GND due to stuck port data_in              ;
; vga_monitor:vga_monitor|text3[16][0][2]  ; Stuck at GND due to stuck port data_in              ;
; vga_monitor:vga_monitor|text3[16][0][3]  ; Stuck at VCC due to stuck port data_in              ;
; vga_monitor:vga_monitor|text3[16][0][4]  ; Stuck at VCC due to stuck port data_in              ;
; vga_monitor:vga_monitor|text3[16][0][5]  ; Stuck at VCC due to stuck port data_in              ;
; vga_monitor:vga_monitor|text3[16][0][6]  ; Stuck at VCC due to stuck port data_in              ;
; vga_monitor:vga_monitor|text3[15][9][0]  ; Stuck at VCC due to stuck port data_in              ;
; vga_monitor:vga_monitor|text3[15][9][1]  ; Stuck at VCC due to stuck port data_in              ;
; vga_monitor:vga_monitor|text3[15][9][2]  ; Stuck at VCC due to stuck port data_in              ;
; vga_monitor:vga_monitor|text3[15][9][3]  ; Stuck at VCC due to stuck port data_in              ;
; vga_monitor:vga_monitor|text3[15][9][4]  ; Stuck at VCC due to stuck port data_in              ;
; vga_monitor:vga_monitor|text3[15][9][5]  ; Stuck at GND due to stuck port data_in              ;
; vga_monitor:vga_monitor|text3[15][9][6]  ; Stuck at VCC due to stuck port data_in              ;
; vga_monitor:vga_monitor|text3[15][4][0]  ; Stuck at GND due to stuck port data_in              ;
; vga_monitor:vga_monitor|text3[15][4][1]  ; Stuck at GND due to stuck port data_in              ;
; vga_monitor:vga_monitor|text3[15][4][2]  ; Stuck at GND due to stuck port data_in              ;
; vga_monitor:vga_monitor|text3[15][4][3]  ; Stuck at GND due to stuck port data_in              ;
; vga_monitor:vga_monitor|text3[15][4][4]  ; Stuck at GND due to stuck port data_in              ;
; vga_monitor:vga_monitor|text3[15][4][5]  ; Stuck at VCC due to stuck port data_in              ;
; vga_monitor:vga_monitor|text3[15][4][6]  ; Stuck at GND due to stuck port data_in              ;
; vga_monitor:vga_monitor|text3[15][3][0]  ; Stuck at GND due to stuck port data_in              ;
; vga_monitor:vga_monitor|text3[15][3][1]  ; Stuck at VCC due to stuck port data_in              ;
; vga_monitor:vga_monitor|text3[15][3][2]  ; Stuck at GND due to stuck port data_in              ;
; vga_monitor:vga_monitor|text3[15][3][3]  ; Stuck at VCC due to stuck port data_in              ;
; vga_monitor:vga_monitor|text3[15][3][4]  ; Stuck at VCC due to stuck port data_in              ;
; vga_monitor:vga_monitor|text3[15][3][5]  ; Stuck at VCC due to stuck port data_in              ;
; vga_monitor:vga_monitor|text3[15][3][6]  ; Stuck at GND due to stuck port data_in              ;
; vga_monitor:vga_monitor|text3[15][2][0]  ; Stuck at VCC due to stuck port data_in              ;
; vga_monitor:vga_monitor|text3[15][2][1]  ; Stuck at GND due to stuck port data_in              ;
; vga_monitor:vga_monitor|text3[15][2][2]  ; Stuck at VCC due to stuck port data_in              ;
; vga_monitor:vga_monitor|text3[15][2][3]  ; Stuck at GND due to stuck port data_in              ;
; vga_monitor:vga_monitor|text3[15][2][4]  ; Stuck at GND due to stuck port data_in              ;
; vga_monitor:vga_monitor|text3[15][2][5]  ; Stuck at GND due to stuck port data_in              ;
; vga_monitor:vga_monitor|text3[15][2][6]  ; Stuck at VCC due to stuck port data_in              ;
; vga_monitor:vga_monitor|text3[15][1][0]  ; Stuck at GND due to stuck port data_in              ;
; vga_monitor:vga_monitor|text3[15][1][1]  ; Stuck at GND due to stuck port data_in              ;
; vga_monitor:vga_monitor|text3[15][1][2]  ; Stuck at GND due to stuck port data_in              ;
; vga_monitor:vga_monitor|text3[15][1][3]  ; Stuck at GND due to stuck port data_in              ;
; vga_monitor:vga_monitor|text3[15][1][4]  ; Stuck at VCC due to stuck port data_in              ;
; vga_monitor:vga_monitor|text3[15][1][5]  ; Stuck at VCC due to stuck port data_in              ;
; vga_monitor:vga_monitor|text3[15][1][6]  ; Stuck at GND due to stuck port data_in              ;
; vga_monitor:vga_monitor|text3[15][0][0]  ; Stuck at GND due to stuck port data_in              ;
; vga_monitor:vga_monitor|text3[15][0][1]  ; Stuck at GND due to stuck port data_in              ;
; vga_monitor:vga_monitor|text3[15][0][2]  ; Stuck at GND due to stuck port data_in              ;
; vga_monitor:vga_monitor|text3[15][0][3]  ; Stuck at VCC due to stuck port data_in              ;
; vga_monitor:vga_monitor|text3[15][0][4]  ; Stuck at VCC due to stuck port data_in              ;
; vga_monitor:vga_monitor|text3[15][0][5]  ; Stuck at VCC due to stuck port data_in              ;
; vga_monitor:vga_monitor|text3[15][0][6]  ; Stuck at VCC due to stuck port data_in              ;
; vga_monitor:vga_monitor|text3[14][9][0]  ; Stuck at VCC due to stuck port data_in              ;
; vga_monitor:vga_monitor|text3[14][9][1]  ; Stuck at VCC due to stuck port data_in              ;
; vga_monitor:vga_monitor|text3[14][9][2]  ; Stuck at VCC due to stuck port data_in              ;
; vga_monitor:vga_monitor|text3[14][9][3]  ; Stuck at VCC due to stuck port data_in              ;
; vga_monitor:vga_monitor|text3[14][9][4]  ; Stuck at VCC due to stuck port data_in              ;
; vga_monitor:vga_monitor|text3[14][9][5]  ; Stuck at GND due to stuck port data_in              ;
; vga_monitor:vga_monitor|text3[14][9][6]  ; Stuck at VCC due to stuck port data_in              ;
; vga_monitor:vga_monitor|text3[14][4][0]  ; Stuck at GND due to stuck port data_in              ;
; vga_monitor:vga_monitor|text3[14][4][1]  ; Stuck at GND due to stuck port data_in              ;
; vga_monitor:vga_monitor|text3[14][4][2]  ; Stuck at GND due to stuck port data_in              ;
; vga_monitor:vga_monitor|text3[14][4][3]  ; Stuck at GND due to stuck port data_in              ;
; vga_monitor:vga_monitor|text3[14][4][4]  ; Stuck at GND due to stuck port data_in              ;
; vga_monitor:vga_monitor|text3[14][4][5]  ; Stuck at VCC due to stuck port data_in              ;
; vga_monitor:vga_monitor|text3[14][4][6]  ; Stuck at GND due to stuck port data_in              ;
; vga_monitor:vga_monitor|text3[14][3][0]  ; Stuck at GND due to stuck port data_in              ;
; vga_monitor:vga_monitor|text3[14][3][1]  ; Stuck at VCC due to stuck port data_in              ;
; vga_monitor:vga_monitor|text3[14][3][2]  ; Stuck at GND due to stuck port data_in              ;
; vga_monitor:vga_monitor|text3[14][3][3]  ; Stuck at VCC due to stuck port data_in              ;
; vga_monitor:vga_monitor|text3[14][3][4]  ; Stuck at VCC due to stuck port data_in              ;
; vga_monitor:vga_monitor|text3[14][3][5]  ; Stuck at VCC due to stuck port data_in              ;
; vga_monitor:vga_monitor|text3[14][3][6]  ; Stuck at GND due to stuck port data_in              ;
; vga_monitor:vga_monitor|text3[14][2][0]  ; Stuck at GND due to stuck port data_in              ;
; vga_monitor:vga_monitor|text3[14][2][1]  ; Stuck at GND due to stuck port data_in              ;
; vga_monitor:vga_monitor|text3[14][2][2]  ; Stuck at VCC due to stuck port data_in              ;
; vga_monitor:vga_monitor|text3[14][2][3]  ; Stuck at GND due to stuck port data_in              ;
; vga_monitor:vga_monitor|text3[14][2][4]  ; Stuck at GND due to stuck port data_in              ;
; vga_monitor:vga_monitor|text3[14][2][5]  ; Stuck at GND due to stuck port data_in              ;
; vga_monitor:vga_monitor|text3[14][2][6]  ; Stuck at VCC due to stuck port data_in              ;
; vga_monitor:vga_monitor|text3[14][1][0]  ; Stuck at GND due to stuck port data_in              ;
; vga_monitor:vga_monitor|text3[14][1][1]  ; Stuck at GND due to stuck port data_in              ;
; vga_monitor:vga_monitor|text3[14][1][2]  ; Stuck at GND due to stuck port data_in              ;
; vga_monitor:vga_monitor|text3[14][1][3]  ; Stuck at GND due to stuck port data_in              ;
; vga_monitor:vga_monitor|text3[14][1][4]  ; Stuck at VCC due to stuck port data_in              ;
; vga_monitor:vga_monitor|text3[14][1][5]  ; Stuck at VCC due to stuck port data_in              ;
; vga_monitor:vga_monitor|text3[14][1][6]  ; Stuck at GND due to stuck port data_in              ;
; vga_monitor:vga_monitor|text3[14][0][0]  ; Stuck at GND due to stuck port data_in              ;
; vga_monitor:vga_monitor|text3[14][0][1]  ; Stuck at GND due to stuck port data_in              ;
; vga_monitor:vga_monitor|text3[14][0][2]  ; Stuck at GND due to stuck port data_in              ;
; vga_monitor:vga_monitor|text3[14][0][3]  ; Stuck at VCC due to stuck port data_in              ;
; vga_monitor:vga_monitor|text3[14][0][4]  ; Stuck at VCC due to stuck port data_in              ;
; vga_monitor:vga_monitor|text3[14][0][5]  ; Stuck at VCC due to stuck port data_in              ;
; vga_monitor:vga_monitor|text3[14][0][6]  ; Stuck at VCC due to stuck port data_in              ;
; vga_monitor:vga_monitor|text3[13][9][0]  ; Stuck at VCC due to stuck port data_in              ;
; vga_monitor:vga_monitor|text3[13][9][1]  ; Stuck at VCC due to stuck port data_in              ;
; vga_monitor:vga_monitor|text3[13][9][2]  ; Stuck at VCC due to stuck port data_in              ;
; vga_monitor:vga_monitor|text3[13][9][3]  ; Stuck at VCC due to stuck port data_in              ;
; vga_monitor:vga_monitor|text3[13][9][4]  ; Stuck at VCC due to stuck port data_in              ;
; vga_monitor:vga_monitor|text3[13][9][5]  ; Stuck at GND due to stuck port data_in              ;
; vga_monitor:vga_monitor|text3[13][9][6]  ; Stuck at VCC due to stuck port data_in              ;
; vga_monitor:vga_monitor|text3[13][4][0]  ; Stuck at GND due to stuck port data_in              ;
; vga_monitor:vga_monitor|text3[13][4][1]  ; Stuck at GND due to stuck port data_in              ;
; vga_monitor:vga_monitor|text3[13][4][2]  ; Stuck at GND due to stuck port data_in              ;
; vga_monitor:vga_monitor|text3[13][4][3]  ; Stuck at GND due to stuck port data_in              ;
; vga_monitor:vga_monitor|text3[13][4][4]  ; Stuck at GND due to stuck port data_in              ;
; vga_monitor:vga_monitor|text3[13][4][5]  ; Stuck at VCC due to stuck port data_in              ;
; vga_monitor:vga_monitor|text3[13][4][6]  ; Stuck at GND due to stuck port data_in              ;
; vga_monitor:vga_monitor|text3[13][3][0]  ; Stuck at GND due to stuck port data_in              ;
; vga_monitor:vga_monitor|text3[13][3][1]  ; Stuck at VCC due to stuck port data_in              ;
; vga_monitor:vga_monitor|text3[13][3][2]  ; Stuck at GND due to stuck port data_in              ;
; vga_monitor:vga_monitor|text3[13][3][3]  ; Stuck at VCC due to stuck port data_in              ;
; vga_monitor:vga_monitor|text3[13][3][4]  ; Stuck at VCC due to stuck port data_in              ;
; vga_monitor:vga_monitor|text3[13][3][5]  ; Stuck at VCC due to stuck port data_in              ;
; vga_monitor:vga_monitor|text3[13][3][6]  ; Stuck at GND due to stuck port data_in              ;
; vga_monitor:vga_monitor|text3[13][2][0]  ; Stuck at VCC due to stuck port data_in              ;
; vga_monitor:vga_monitor|text3[13][2][1]  ; Stuck at VCC due to stuck port data_in              ;
; vga_monitor:vga_monitor|text3[13][2][2]  ; Stuck at GND due to stuck port data_in              ;
; vga_monitor:vga_monitor|text3[13][2][3]  ; Stuck at GND due to stuck port data_in              ;
; vga_monitor:vga_monitor|text3[13][2][4]  ; Stuck at GND due to stuck port data_in              ;
; vga_monitor:vga_monitor|text3[13][2][5]  ; Stuck at GND due to stuck port data_in              ;
; vga_monitor:vga_monitor|text3[13][2][6]  ; Stuck at VCC due to stuck port data_in              ;
; vga_monitor:vga_monitor|text3[13][1][0]  ; Stuck at GND due to stuck port data_in              ;
; vga_monitor:vga_monitor|text3[13][1][1]  ; Stuck at GND due to stuck port data_in              ;
; vga_monitor:vga_monitor|text3[13][1][2]  ; Stuck at GND due to stuck port data_in              ;
; vga_monitor:vga_monitor|text3[13][1][3]  ; Stuck at GND due to stuck port data_in              ;
; vga_monitor:vga_monitor|text3[13][1][4]  ; Stuck at VCC due to stuck port data_in              ;
; vga_monitor:vga_monitor|text3[13][1][5]  ; Stuck at VCC due to stuck port data_in              ;
; vga_monitor:vga_monitor|text3[13][1][6]  ; Stuck at GND due to stuck port data_in              ;
; vga_monitor:vga_monitor|text3[13][0][0]  ; Stuck at GND due to stuck port data_in              ;
; vga_monitor:vga_monitor|text3[13][0][1]  ; Stuck at GND due to stuck port data_in              ;
; vga_monitor:vga_monitor|text3[13][0][2]  ; Stuck at GND due to stuck port data_in              ;
; vga_monitor:vga_monitor|text3[13][0][3]  ; Stuck at VCC due to stuck port data_in              ;
; vga_monitor:vga_monitor|text3[13][0][4]  ; Stuck at VCC due to stuck port data_in              ;
; vga_monitor:vga_monitor|text3[13][0][5]  ; Stuck at VCC due to stuck port data_in              ;
; vga_monitor:vga_monitor|text3[13][0][6]  ; Stuck at VCC due to stuck port data_in              ;
; vga_monitor:vga_monitor|text3[12][9][0]  ; Stuck at VCC due to stuck port data_in              ;
; vga_monitor:vga_monitor|text3[12][9][1]  ; Stuck at VCC due to stuck port data_in              ;
; vga_monitor:vga_monitor|text3[12][9][2]  ; Stuck at VCC due to stuck port data_in              ;
; vga_monitor:vga_monitor|text3[12][9][3]  ; Stuck at VCC due to stuck port data_in              ;
; vga_monitor:vga_monitor|text3[12][9][4]  ; Stuck at VCC due to stuck port data_in              ;
; vga_monitor:vga_monitor|text3[12][9][5]  ; Stuck at GND due to stuck port data_in              ;
; vga_monitor:vga_monitor|text3[12][9][6]  ; Stuck at VCC due to stuck port data_in              ;
; vga_monitor:vga_monitor|text3[12][4][0]  ; Stuck at GND due to stuck port data_in              ;
; vga_monitor:vga_monitor|text3[12][4][1]  ; Stuck at GND due to stuck port data_in              ;
; vga_monitor:vga_monitor|text3[12][4][2]  ; Stuck at GND due to stuck port data_in              ;
; vga_monitor:vga_monitor|text3[12][4][3]  ; Stuck at GND due to stuck port data_in              ;
; vga_monitor:vga_monitor|text3[12][4][4]  ; Stuck at GND due to stuck port data_in              ;
; vga_monitor:vga_monitor|text3[12][4][5]  ; Stuck at VCC due to stuck port data_in              ;
; vga_monitor:vga_monitor|text3[12][4][6]  ; Stuck at GND due to stuck port data_in              ;
; vga_monitor:vga_monitor|text3[12][3][0]  ; Stuck at GND due to stuck port data_in              ;
; vga_monitor:vga_monitor|text3[12][3][1]  ; Stuck at VCC due to stuck port data_in              ;
; vga_monitor:vga_monitor|text3[12][3][2]  ; Stuck at GND due to stuck port data_in              ;
; vga_monitor:vga_monitor|text3[12][3][3]  ; Stuck at VCC due to stuck port data_in              ;
; vga_monitor:vga_monitor|text3[12][3][4]  ; Stuck at VCC due to stuck port data_in              ;
; vga_monitor:vga_monitor|text3[12][3][5]  ; Stuck at VCC due to stuck port data_in              ;
; vga_monitor:vga_monitor|text3[12][3][6]  ; Stuck at GND due to stuck port data_in              ;
; vga_monitor:vga_monitor|text3[12][2][0]  ; Stuck at GND due to stuck port data_in              ;
; vga_monitor:vga_monitor|text3[12][2][1]  ; Stuck at VCC due to stuck port data_in              ;
; vga_monitor:vga_monitor|text3[12][2][2]  ; Stuck at GND due to stuck port data_in              ;
; vga_monitor:vga_monitor|text3[12][2][3]  ; Stuck at GND due to stuck port data_in              ;
; vga_monitor:vga_monitor|text3[12][2][4]  ; Stuck at GND due to stuck port data_in              ;
; vga_monitor:vga_monitor|text3[12][2][5]  ; Stuck at GND due to stuck port data_in              ;
; vga_monitor:vga_monitor|text3[12][2][6]  ; Stuck at VCC due to stuck port data_in              ;
; vga_monitor:vga_monitor|text3[12][1][0]  ; Stuck at GND due to stuck port data_in              ;
; vga_monitor:vga_monitor|text3[12][1][1]  ; Stuck at GND due to stuck port data_in              ;
; vga_monitor:vga_monitor|text3[12][1][2]  ; Stuck at GND due to stuck port data_in              ;
; vga_monitor:vga_monitor|text3[12][1][3]  ; Stuck at GND due to stuck port data_in              ;
; vga_monitor:vga_monitor|text3[12][1][4]  ; Stuck at VCC due to stuck port data_in              ;
; vga_monitor:vga_monitor|text3[12][1][5]  ; Stuck at VCC due to stuck port data_in              ;
; vga_monitor:vga_monitor|text3[12][1][6]  ; Stuck at GND due to stuck port data_in              ;
; vga_monitor:vga_monitor|text3[12][0][0]  ; Stuck at GND due to stuck port data_in              ;
; vga_monitor:vga_monitor|text3[12][0][1]  ; Stuck at GND due to stuck port data_in              ;
; vga_monitor:vga_monitor|text3[12][0][2]  ; Stuck at GND due to stuck port data_in              ;
; vga_monitor:vga_monitor|text3[12][0][3]  ; Stuck at VCC due to stuck port data_in              ;
; vga_monitor:vga_monitor|text3[12][0][4]  ; Stuck at VCC due to stuck port data_in              ;
; vga_monitor:vga_monitor|text3[12][0][5]  ; Stuck at VCC due to stuck port data_in              ;
; vga_monitor:vga_monitor|text3[12][0][6]  ; Stuck at VCC due to stuck port data_in              ;
; vga_monitor:vga_monitor|text3[11][9][0]  ; Stuck at VCC due to stuck port data_in              ;
; vga_monitor:vga_monitor|text3[11][9][1]  ; Stuck at VCC due to stuck port data_in              ;
; vga_monitor:vga_monitor|text3[11][9][2]  ; Stuck at VCC due to stuck port data_in              ;
; vga_monitor:vga_monitor|text3[11][9][3]  ; Stuck at VCC due to stuck port data_in              ;
; vga_monitor:vga_monitor|text3[11][9][4]  ; Stuck at VCC due to stuck port data_in              ;
; vga_monitor:vga_monitor|text3[11][9][5]  ; Stuck at GND due to stuck port data_in              ;
; vga_monitor:vga_monitor|text3[11][9][6]  ; Stuck at VCC due to stuck port data_in              ;
; vga_monitor:vga_monitor|text3[11][4][0]  ; Stuck at GND due to stuck port data_in              ;
; vga_monitor:vga_monitor|text3[11][4][1]  ; Stuck at GND due to stuck port data_in              ;
; vga_monitor:vga_monitor|text3[11][4][2]  ; Stuck at GND due to stuck port data_in              ;
; vga_monitor:vga_monitor|text3[11][4][3]  ; Stuck at GND due to stuck port data_in              ;
; vga_monitor:vga_monitor|text3[11][4][4]  ; Stuck at GND due to stuck port data_in              ;
; vga_monitor:vga_monitor|text3[11][4][5]  ; Stuck at VCC due to stuck port data_in              ;
; vga_monitor:vga_monitor|text3[11][4][6]  ; Stuck at GND due to stuck port data_in              ;
; vga_monitor:vga_monitor|text3[11][3][0]  ; Stuck at GND due to stuck port data_in              ;
; vga_monitor:vga_monitor|text3[11][3][1]  ; Stuck at VCC due to stuck port data_in              ;
; vga_monitor:vga_monitor|text3[11][3][2]  ; Stuck at GND due to stuck port data_in              ;
; vga_monitor:vga_monitor|text3[11][3][3]  ; Stuck at VCC due to stuck port data_in              ;
; vga_monitor:vga_monitor|text3[11][3][4]  ; Stuck at VCC due to stuck port data_in              ;
; vga_monitor:vga_monitor|text3[11][3][5]  ; Stuck at VCC due to stuck port data_in              ;
; vga_monitor:vga_monitor|text3[11][3][6]  ; Stuck at GND due to stuck port data_in              ;
; vga_monitor:vga_monitor|text3[11][2][0]  ; Stuck at VCC due to stuck port data_in              ;
; vga_monitor:vga_monitor|text3[11][2][1]  ; Stuck at GND due to stuck port data_in              ;
; vga_monitor:vga_monitor|text3[11][2][2]  ; Stuck at GND due to stuck port data_in              ;
; vga_monitor:vga_monitor|text3[11][2][3]  ; Stuck at GND due to stuck port data_in              ;
; vga_monitor:vga_monitor|text3[11][2][4]  ; Stuck at GND due to stuck port data_in              ;
; vga_monitor:vga_monitor|text3[11][2][5]  ; Stuck at GND due to stuck port data_in              ;
; vga_monitor:vga_monitor|text3[11][2][6]  ; Stuck at VCC due to stuck port data_in              ;
; vga_monitor:vga_monitor|text3[11][1][0]  ; Stuck at GND due to stuck port data_in              ;
; vga_monitor:vga_monitor|text3[11][1][1]  ; Stuck at GND due to stuck port data_in              ;
; vga_monitor:vga_monitor|text3[11][1][2]  ; Stuck at GND due to stuck port data_in              ;
; vga_monitor:vga_monitor|text3[11][1][3]  ; Stuck at GND due to stuck port data_in              ;
; vga_monitor:vga_monitor|text3[11][1][4]  ; Stuck at VCC due to stuck port data_in              ;
; vga_monitor:vga_monitor|text3[11][1][5]  ; Stuck at VCC due to stuck port data_in              ;
; vga_monitor:vga_monitor|text3[11][1][6]  ; Stuck at GND due to stuck port data_in              ;
; vga_monitor:vga_monitor|text3[11][0][0]  ; Stuck at GND due to stuck port data_in              ;
; vga_monitor:vga_monitor|text3[11][0][1]  ; Stuck at GND due to stuck port data_in              ;
; vga_monitor:vga_monitor|text3[11][0][2]  ; Stuck at GND due to stuck port data_in              ;
; vga_monitor:vga_monitor|text3[11][0][3]  ; Stuck at VCC due to stuck port data_in              ;
; vga_monitor:vga_monitor|text3[11][0][4]  ; Stuck at VCC due to stuck port data_in              ;
; vga_monitor:vga_monitor|text3[11][0][5]  ; Stuck at VCC due to stuck port data_in              ;
; vga_monitor:vga_monitor|text3[11][0][6]  ; Stuck at VCC due to stuck port data_in              ;
; vga_monitor:vga_monitor|text3[10][9][0]  ; Stuck at VCC due to stuck port data_in              ;
; vga_monitor:vga_monitor|text3[10][9][1]  ; Stuck at VCC due to stuck port data_in              ;
; vga_monitor:vga_monitor|text3[10][9][2]  ; Stuck at VCC due to stuck port data_in              ;
; vga_monitor:vga_monitor|text3[10][9][3]  ; Stuck at VCC due to stuck port data_in              ;
; vga_monitor:vga_monitor|text3[10][9][4]  ; Stuck at VCC due to stuck port data_in              ;
; vga_monitor:vga_monitor|text3[10][9][5]  ; Stuck at GND due to stuck port data_in              ;
; vga_monitor:vga_monitor|text3[10][9][6]  ; Stuck at VCC due to stuck port data_in              ;
; vga_monitor:vga_monitor|text3[10][4][0]  ; Stuck at GND due to stuck port data_in              ;
; vga_monitor:vga_monitor|text3[10][4][1]  ; Stuck at GND due to stuck port data_in              ;
; vga_monitor:vga_monitor|text3[10][4][2]  ; Stuck at GND due to stuck port data_in              ;
; vga_monitor:vga_monitor|text3[10][4][3]  ; Stuck at GND due to stuck port data_in              ;
; vga_monitor:vga_monitor|text3[10][4][4]  ; Stuck at GND due to stuck port data_in              ;
; vga_monitor:vga_monitor|text3[10][4][5]  ; Stuck at VCC due to stuck port data_in              ;
; vga_monitor:vga_monitor|text3[10][4][6]  ; Stuck at GND due to stuck port data_in              ;
; vga_monitor:vga_monitor|text3[10][3][0]  ; Stuck at GND due to stuck port data_in              ;
; vga_monitor:vga_monitor|text3[10][3][1]  ; Stuck at VCC due to stuck port data_in              ;
; vga_monitor:vga_monitor|text3[10][3][2]  ; Stuck at GND due to stuck port data_in              ;
; vga_monitor:vga_monitor|text3[10][3][3]  ; Stuck at VCC due to stuck port data_in              ;
; vga_monitor:vga_monitor|text3[10][3][4]  ; Stuck at VCC due to stuck port data_in              ;
; vga_monitor:vga_monitor|text3[10][3][5]  ; Stuck at VCC due to stuck port data_in              ;
; vga_monitor:vga_monitor|text3[10][3][6]  ; Stuck at GND due to stuck port data_in              ;
; vga_monitor:vga_monitor|text3[10][2][0]  ; Stuck at VCC due to stuck port data_in              ;
; vga_monitor:vga_monitor|text3[10][2][1]  ; Stuck at GND due to stuck port data_in              ;
; vga_monitor:vga_monitor|text3[10][2][2]  ; Stuck at GND due to stuck port data_in              ;
; vga_monitor:vga_monitor|text3[10][2][3]  ; Stuck at VCC due to stuck port data_in              ;
; vga_monitor:vga_monitor|text3[10][2][4]  ; Stuck at VCC due to stuck port data_in              ;
; vga_monitor:vga_monitor|text3[10][2][5]  ; Stuck at VCC due to stuck port data_in              ;
; vga_monitor:vga_monitor|text3[10][2][6]  ; Stuck at GND due to stuck port data_in              ;
; vga_monitor:vga_monitor|text3[10][1][0]  ; Stuck at GND due to stuck port data_in              ;
; vga_monitor:vga_monitor|text3[10][1][1]  ; Stuck at GND due to stuck port data_in              ;
; vga_monitor:vga_monitor|text3[10][1][2]  ; Stuck at GND due to stuck port data_in              ;
; vga_monitor:vga_monitor|text3[10][1][3]  ; Stuck at GND due to stuck port data_in              ;
; vga_monitor:vga_monitor|text3[10][1][4]  ; Stuck at VCC due to stuck port data_in              ;
; vga_monitor:vga_monitor|text3[10][1][5]  ; Stuck at VCC due to stuck port data_in              ;
; vga_monitor:vga_monitor|text3[10][1][6]  ; Stuck at GND due to stuck port data_in              ;
; vga_monitor:vga_monitor|text3[10][0][0]  ; Stuck at GND due to stuck port data_in              ;
; vga_monitor:vga_monitor|text3[10][0][1]  ; Stuck at GND due to stuck port data_in              ;
; vga_monitor:vga_monitor|text3[10][0][2]  ; Stuck at GND due to stuck port data_in              ;
; vga_monitor:vga_monitor|text3[10][0][3]  ; Stuck at VCC due to stuck port data_in              ;
; vga_monitor:vga_monitor|text3[10][0][4]  ; Stuck at VCC due to stuck port data_in              ;
; vga_monitor:vga_monitor|text3[10][0][5]  ; Stuck at VCC due to stuck port data_in              ;
; vga_monitor:vga_monitor|text3[10][0][6]  ; Stuck at VCC due to stuck port data_in              ;
; vga_monitor:vga_monitor|text3[9][9][0]   ; Stuck at VCC due to stuck port data_in              ;
; vga_monitor:vga_monitor|text3[9][9][1]   ; Stuck at VCC due to stuck port data_in              ;
; vga_monitor:vga_monitor|text3[9][9][2]   ; Stuck at VCC due to stuck port data_in              ;
; vga_monitor:vga_monitor|text3[9][9][3]   ; Stuck at VCC due to stuck port data_in              ;
; vga_monitor:vga_monitor|text3[9][9][4]   ; Stuck at VCC due to stuck port data_in              ;
; vga_monitor:vga_monitor|text3[9][9][5]   ; Stuck at GND due to stuck port data_in              ;
; vga_monitor:vga_monitor|text3[9][9][6]   ; Stuck at VCC due to stuck port data_in              ;
; vga_monitor:vga_monitor|text3[9][4][0]   ; Stuck at GND due to stuck port data_in              ;
; vga_monitor:vga_monitor|text3[9][4][1]   ; Stuck at GND due to stuck port data_in              ;
; vga_monitor:vga_monitor|text3[9][4][2]   ; Stuck at GND due to stuck port data_in              ;
; vga_monitor:vga_monitor|text3[9][4][3]   ; Stuck at GND due to stuck port data_in              ;
; vga_monitor:vga_monitor|text3[9][4][4]   ; Stuck at GND due to stuck port data_in              ;
; vga_monitor:vga_monitor|text3[9][4][5]   ; Stuck at VCC due to stuck port data_in              ;
; vga_monitor:vga_monitor|text3[9][4][6]   ; Stuck at GND due to stuck port data_in              ;
; vga_monitor:vga_monitor|text3[9][3][0]   ; Stuck at GND due to stuck port data_in              ;
; vga_monitor:vga_monitor|text3[9][3][1]   ; Stuck at VCC due to stuck port data_in              ;
; vga_monitor:vga_monitor|text3[9][3][2]   ; Stuck at GND due to stuck port data_in              ;
; vga_monitor:vga_monitor|text3[9][3][3]   ; Stuck at VCC due to stuck port data_in              ;
; vga_monitor:vga_monitor|text3[9][3][4]   ; Stuck at VCC due to stuck port data_in              ;
; vga_monitor:vga_monitor|text3[9][3][5]   ; Stuck at VCC due to stuck port data_in              ;
; vga_monitor:vga_monitor|text3[9][3][6]   ; Stuck at GND due to stuck port data_in              ;
; vga_monitor:vga_monitor|text3[9][2][0]   ; Stuck at GND due to stuck port data_in              ;
; vga_monitor:vga_monitor|text3[9][2][1]   ; Stuck at GND due to stuck port data_in              ;
; vga_monitor:vga_monitor|text3[9][2][2]   ; Stuck at GND due to stuck port data_in              ;
; vga_monitor:vga_monitor|text3[9][2][3]   ; Stuck at VCC due to stuck port data_in              ;
; vga_monitor:vga_monitor|text3[9][2][4]   ; Stuck at VCC due to stuck port data_in              ;
; vga_monitor:vga_monitor|text3[9][2][5]   ; Stuck at VCC due to stuck port data_in              ;
; vga_monitor:vga_monitor|text3[9][2][6]   ; Stuck at GND due to stuck port data_in              ;
; vga_monitor:vga_monitor|text3[9][1][0]   ; Stuck at GND due to stuck port data_in              ;
; vga_monitor:vga_monitor|text3[9][1][1]   ; Stuck at GND due to stuck port data_in              ;
; vga_monitor:vga_monitor|text3[9][1][2]   ; Stuck at GND due to stuck port data_in              ;
; vga_monitor:vga_monitor|text3[9][1][3]   ; Stuck at GND due to stuck port data_in              ;
; vga_monitor:vga_monitor|text3[9][1][4]   ; Stuck at VCC due to stuck port data_in              ;
; vga_monitor:vga_monitor|text3[9][1][5]   ; Stuck at VCC due to stuck port data_in              ;
; vga_monitor:vga_monitor|text3[9][1][6]   ; Stuck at GND due to stuck port data_in              ;
; vga_monitor:vga_monitor|text3[9][0][0]   ; Stuck at GND due to stuck port data_in              ;
; vga_monitor:vga_monitor|text3[9][0][1]   ; Stuck at GND due to stuck port data_in              ;
; vga_monitor:vga_monitor|text3[9][0][2]   ; Stuck at GND due to stuck port data_in              ;
; vga_monitor:vga_monitor|text3[9][0][3]   ; Stuck at VCC due to stuck port data_in              ;
; vga_monitor:vga_monitor|text3[9][0][4]   ; Stuck at VCC due to stuck port data_in              ;
; vga_monitor:vga_monitor|text3[9][0][5]   ; Stuck at VCC due to stuck port data_in              ;
; vga_monitor:vga_monitor|text3[9][0][6]   ; Stuck at VCC due to stuck port data_in              ;
; vga_monitor:vga_monitor|text3[8][9][0]   ; Stuck at VCC due to stuck port data_in              ;
; vga_monitor:vga_monitor|text3[8][9][1]   ; Stuck at VCC due to stuck port data_in              ;
; vga_monitor:vga_monitor|text3[8][9][2]   ; Stuck at VCC due to stuck port data_in              ;
; vga_monitor:vga_monitor|text3[8][9][3]   ; Stuck at VCC due to stuck port data_in              ;
; vga_monitor:vga_monitor|text3[8][9][4]   ; Stuck at VCC due to stuck port data_in              ;
; vga_monitor:vga_monitor|text3[8][9][5]   ; Stuck at GND due to stuck port data_in              ;
; vga_monitor:vga_monitor|text3[8][9][6]   ; Stuck at VCC due to stuck port data_in              ;
; vga_monitor:vga_monitor|text3[8][4][0]   ; Stuck at GND due to stuck port data_in              ;
; vga_monitor:vga_monitor|text3[8][4][1]   ; Stuck at GND due to stuck port data_in              ;
; vga_monitor:vga_monitor|text3[8][4][2]   ; Stuck at GND due to stuck port data_in              ;
; vga_monitor:vga_monitor|text3[8][4][3]   ; Stuck at GND due to stuck port data_in              ;
; vga_monitor:vga_monitor|text3[8][4][4]   ; Stuck at GND due to stuck port data_in              ;
; vga_monitor:vga_monitor|text3[8][4][5]   ; Stuck at VCC due to stuck port data_in              ;
; vga_monitor:vga_monitor|text3[8][4][6]   ; Stuck at GND due to stuck port data_in              ;
; vga_monitor:vga_monitor|text3[8][3][0]   ; Stuck at GND due to stuck port data_in              ;
; vga_monitor:vga_monitor|text3[8][3][1]   ; Stuck at VCC due to stuck port data_in              ;
; vga_monitor:vga_monitor|text3[8][3][2]   ; Stuck at GND due to stuck port data_in              ;
; vga_monitor:vga_monitor|text3[8][3][3]   ; Stuck at VCC due to stuck port data_in              ;
; vga_monitor:vga_monitor|text3[8][3][4]   ; Stuck at VCC due to stuck port data_in              ;
; vga_monitor:vga_monitor|text3[8][3][5]   ; Stuck at VCC due to stuck port data_in              ;
; vga_monitor:vga_monitor|text3[8][3][6]   ; Stuck at GND due to stuck port data_in              ;
; vga_monitor:vga_monitor|text3[8][2][0]   ; Stuck at VCC due to stuck port data_in              ;
; vga_monitor:vga_monitor|text3[8][2][1]   ; Stuck at VCC due to stuck port data_in              ;
; vga_monitor:vga_monitor|text3[8][2][2]   ; Stuck at VCC due to stuck port data_in              ;
; vga_monitor:vga_monitor|text3[8][2][3]   ; Stuck at GND due to stuck port data_in              ;
; vga_monitor:vga_monitor|text3[8][2][4]   ; Stuck at VCC due to stuck port data_in              ;
; vga_monitor:vga_monitor|text3[8][2][5]   ; Stuck at VCC due to stuck port data_in              ;
; vga_monitor:vga_monitor|text3[8][2][6]   ; Stuck at GND due to stuck port data_in              ;
; vga_monitor:vga_monitor|text3[8][1][0]   ; Stuck at GND due to stuck port data_in              ;
; vga_monitor:vga_monitor|text3[8][1][1]   ; Stuck at GND due to stuck port data_in              ;
; vga_monitor:vga_monitor|text3[8][1][2]   ; Stuck at GND due to stuck port data_in              ;
; vga_monitor:vga_monitor|text3[8][1][3]   ; Stuck at GND due to stuck port data_in              ;
; vga_monitor:vga_monitor|text3[8][1][4]   ; Stuck at VCC due to stuck port data_in              ;
; vga_monitor:vga_monitor|text3[8][1][5]   ; Stuck at VCC due to stuck port data_in              ;
; vga_monitor:vga_monitor|text3[8][1][6]   ; Stuck at GND due to stuck port data_in              ;
; vga_monitor:vga_monitor|text3[8][0][0]   ; Stuck at GND due to stuck port data_in              ;
; vga_monitor:vga_monitor|text3[8][0][1]   ; Stuck at GND due to stuck port data_in              ;
; vga_monitor:vga_monitor|text3[8][0][2]   ; Stuck at GND due to stuck port data_in              ;
; vga_monitor:vga_monitor|text3[8][0][3]   ; Stuck at VCC due to stuck port data_in              ;
; vga_monitor:vga_monitor|text3[8][0][4]   ; Stuck at VCC due to stuck port data_in              ;
; vga_monitor:vga_monitor|text3[8][0][5]   ; Stuck at VCC due to stuck port data_in              ;
; vga_monitor:vga_monitor|text3[8][0][6]   ; Stuck at VCC due to stuck port data_in              ;
; vga_monitor:vga_monitor|text3[7][9][0]   ; Stuck at VCC due to stuck port data_in              ;
; vga_monitor:vga_monitor|text3[7][9][1]   ; Stuck at VCC due to stuck port data_in              ;
; vga_monitor:vga_monitor|text3[7][9][2]   ; Stuck at VCC due to stuck port data_in              ;
; vga_monitor:vga_monitor|text3[7][9][3]   ; Stuck at VCC due to stuck port data_in              ;
; vga_monitor:vga_monitor|text3[7][9][4]   ; Stuck at VCC due to stuck port data_in              ;
; vga_monitor:vga_monitor|text3[7][9][5]   ; Stuck at GND due to stuck port data_in              ;
; vga_monitor:vga_monitor|text3[7][9][6]   ; Stuck at VCC due to stuck port data_in              ;
; vga_monitor:vga_monitor|text3[7][4][0]   ; Stuck at GND due to stuck port data_in              ;
; vga_monitor:vga_monitor|text3[7][4][1]   ; Stuck at GND due to stuck port data_in              ;
; vga_monitor:vga_monitor|text3[7][4][2]   ; Stuck at GND due to stuck port data_in              ;
; vga_monitor:vga_monitor|text3[7][4][3]   ; Stuck at GND due to stuck port data_in              ;
; vga_monitor:vga_monitor|text3[7][4][4]   ; Stuck at GND due to stuck port data_in              ;
; vga_monitor:vga_monitor|text3[7][4][5]   ; Stuck at VCC due to stuck port data_in              ;
; vga_monitor:vga_monitor|text3[7][4][6]   ; Stuck at GND due to stuck port data_in              ;
; vga_monitor:vga_monitor|text3[7][3][0]   ; Stuck at GND due to stuck port data_in              ;
; vga_monitor:vga_monitor|text3[7][3][1]   ; Stuck at VCC due to stuck port data_in              ;
; vga_monitor:vga_monitor|text3[7][3][2]   ; Stuck at GND due to stuck port data_in              ;
; vga_monitor:vga_monitor|text3[7][3][3]   ; Stuck at VCC due to stuck port data_in              ;
; vga_monitor:vga_monitor|text3[7][3][4]   ; Stuck at VCC due to stuck port data_in              ;
; vga_monitor:vga_monitor|text3[7][3][5]   ; Stuck at VCC due to stuck port data_in              ;
; vga_monitor:vga_monitor|text3[7][3][6]   ; Stuck at GND due to stuck port data_in              ;
; vga_monitor:vga_monitor|text3[7][2][0]   ; Stuck at GND due to stuck port data_in              ;
; vga_monitor:vga_monitor|text3[7][2][1]   ; Stuck at VCC due to stuck port data_in              ;
; vga_monitor:vga_monitor|text3[7][2][2]   ; Stuck at VCC due to stuck port data_in              ;
; vga_monitor:vga_monitor|text3[7][2][3]   ; Stuck at GND due to stuck port data_in              ;
; vga_monitor:vga_monitor|text3[7][2][4]   ; Stuck at VCC due to stuck port data_in              ;
; vga_monitor:vga_monitor|text3[7][2][5]   ; Stuck at VCC due to stuck port data_in              ;
; vga_monitor:vga_monitor|text3[7][2][6]   ; Stuck at GND due to stuck port data_in              ;
; vga_monitor:vga_monitor|text3[7][1][0]   ; Stuck at GND due to stuck port data_in              ;
; vga_monitor:vga_monitor|text3[7][1][1]   ; Stuck at GND due to stuck port data_in              ;
; vga_monitor:vga_monitor|text3[7][1][2]   ; Stuck at GND due to stuck port data_in              ;
; vga_monitor:vga_monitor|text3[7][1][3]   ; Stuck at GND due to stuck port data_in              ;
; vga_monitor:vga_monitor|text3[7][1][4]   ; Stuck at VCC due to stuck port data_in              ;
; vga_monitor:vga_monitor|text3[7][1][5]   ; Stuck at VCC due to stuck port data_in              ;
; vga_monitor:vga_monitor|text3[7][1][6]   ; Stuck at GND due to stuck port data_in              ;
; vga_monitor:vga_monitor|text3[7][0][0]   ; Stuck at GND due to stuck port data_in              ;
; vga_monitor:vga_monitor|text3[7][0][1]   ; Stuck at GND due to stuck port data_in              ;
; vga_monitor:vga_monitor|text3[7][0][2]   ; Stuck at GND due to stuck port data_in              ;
; vga_monitor:vga_monitor|text3[7][0][3]   ; Stuck at VCC due to stuck port data_in              ;
; vga_monitor:vga_monitor|text3[7][0][4]   ; Stuck at VCC due to stuck port data_in              ;
; vga_monitor:vga_monitor|text3[7][0][5]   ; Stuck at VCC due to stuck port data_in              ;
; vga_monitor:vga_monitor|text3[7][0][6]   ; Stuck at VCC due to stuck port data_in              ;
; vga_monitor:vga_monitor|text3[6][9][0]   ; Stuck at VCC due to stuck port data_in              ;
; vga_monitor:vga_monitor|text3[6][9][1]   ; Stuck at VCC due to stuck port data_in              ;
; vga_monitor:vga_monitor|text3[6][9][2]   ; Stuck at VCC due to stuck port data_in              ;
; vga_monitor:vga_monitor|text3[6][9][3]   ; Stuck at VCC due to stuck port data_in              ;
; vga_monitor:vga_monitor|text3[6][9][4]   ; Stuck at VCC due to stuck port data_in              ;
; vga_monitor:vga_monitor|text3[6][9][5]   ; Stuck at GND due to stuck port data_in              ;
; vga_monitor:vga_monitor|text3[6][9][6]   ; Stuck at VCC due to stuck port data_in              ;
; vga_monitor:vga_monitor|text3[6][4][0]   ; Stuck at GND due to stuck port data_in              ;
; vga_monitor:vga_monitor|text3[6][4][1]   ; Stuck at GND due to stuck port data_in              ;
; vga_monitor:vga_monitor|text3[6][4][2]   ; Stuck at GND due to stuck port data_in              ;
; vga_monitor:vga_monitor|text3[6][4][3]   ; Stuck at GND due to stuck port data_in              ;
; vga_monitor:vga_monitor|text3[6][4][4]   ; Stuck at GND due to stuck port data_in              ;
; vga_monitor:vga_monitor|text3[6][4][5]   ; Stuck at VCC due to stuck port data_in              ;
; vga_monitor:vga_monitor|text3[6][4][6]   ; Stuck at GND due to stuck port data_in              ;
; vga_monitor:vga_monitor|text3[6][3][0]   ; Stuck at GND due to stuck port data_in              ;
; vga_monitor:vga_monitor|text3[6][3][1]   ; Stuck at VCC due to stuck port data_in              ;
; vga_monitor:vga_monitor|text3[6][3][2]   ; Stuck at GND due to stuck port data_in              ;
; vga_monitor:vga_monitor|text3[6][3][3]   ; Stuck at VCC due to stuck port data_in              ;
; vga_monitor:vga_monitor|text3[6][3][4]   ; Stuck at VCC due to stuck port data_in              ;
; vga_monitor:vga_monitor|text3[6][3][5]   ; Stuck at VCC due to stuck port data_in              ;
; vga_monitor:vga_monitor|text3[6][3][6]   ; Stuck at GND due to stuck port data_in              ;
; vga_monitor:vga_monitor|text3[6][2][0]   ; Stuck at VCC due to stuck port data_in              ;
; vga_monitor:vga_monitor|text3[6][2][1]   ; Stuck at GND due to stuck port data_in              ;
; vga_monitor:vga_monitor|text3[6][2][2]   ; Stuck at VCC due to stuck port data_in              ;
; vga_monitor:vga_monitor|text3[6][2][3]   ; Stuck at GND due to stuck port data_in              ;
; vga_monitor:vga_monitor|text3[6][2][4]   ; Stuck at VCC due to stuck port data_in              ;
; vga_monitor:vga_monitor|text3[6][2][5]   ; Stuck at VCC due to stuck port data_in              ;
; vga_monitor:vga_monitor|text3[6][2][6]   ; Stuck at GND due to stuck port data_in              ;
; vga_monitor:vga_monitor|text3[6][1][0]   ; Stuck at GND due to stuck port data_in              ;
; vga_monitor:vga_monitor|text3[6][1][1]   ; Stuck at GND due to stuck port data_in              ;
; vga_monitor:vga_monitor|text3[6][1][2]   ; Stuck at GND due to stuck port data_in              ;
; vga_monitor:vga_monitor|text3[6][1][3]   ; Stuck at GND due to stuck port data_in              ;
; vga_monitor:vga_monitor|text3[6][1][4]   ; Stuck at VCC due to stuck port data_in              ;
; vga_monitor:vga_monitor|text3[6][1][5]   ; Stuck at VCC due to stuck port data_in              ;
; vga_monitor:vga_monitor|text3[6][1][6]   ; Stuck at GND due to stuck port data_in              ;
; vga_monitor:vga_monitor|text3[6][0][0]   ; Stuck at GND due to stuck port data_in              ;
; vga_monitor:vga_monitor|text3[6][0][1]   ; Stuck at GND due to stuck port data_in              ;
; vga_monitor:vga_monitor|text3[6][0][2]   ; Stuck at GND due to stuck port data_in              ;
; vga_monitor:vga_monitor|text3[6][0][3]   ; Stuck at VCC due to stuck port data_in              ;
; vga_monitor:vga_monitor|text3[6][0][4]   ; Stuck at VCC due to stuck port data_in              ;
; vga_monitor:vga_monitor|text3[6][0][5]   ; Stuck at VCC due to stuck port data_in              ;
; vga_monitor:vga_monitor|text3[6][0][6]   ; Stuck at VCC due to stuck port data_in              ;
; vga_monitor:vga_monitor|text3[5][9][0]   ; Stuck at VCC due to stuck port data_in              ;
; vga_monitor:vga_monitor|text3[5][9][1]   ; Stuck at VCC due to stuck port data_in              ;
; vga_monitor:vga_monitor|text3[5][9][2]   ; Stuck at VCC due to stuck port data_in              ;
; vga_monitor:vga_monitor|text3[5][9][3]   ; Stuck at VCC due to stuck port data_in              ;
; vga_monitor:vga_monitor|text3[5][9][4]   ; Stuck at VCC due to stuck port data_in              ;
; vga_monitor:vga_monitor|text3[5][9][5]   ; Stuck at GND due to stuck port data_in              ;
; vga_monitor:vga_monitor|text3[5][9][6]   ; Stuck at VCC due to stuck port data_in              ;
; vga_monitor:vga_monitor|text3[5][4][0]   ; Stuck at GND due to stuck port data_in              ;
; vga_monitor:vga_monitor|text3[5][4][1]   ; Stuck at GND due to stuck port data_in              ;
; vga_monitor:vga_monitor|text3[5][4][2]   ; Stuck at GND due to stuck port data_in              ;
; vga_monitor:vga_monitor|text3[5][4][3]   ; Stuck at GND due to stuck port data_in              ;
; vga_monitor:vga_monitor|text3[5][4][4]   ; Stuck at GND due to stuck port data_in              ;
; vga_monitor:vga_monitor|text3[5][4][5]   ; Stuck at VCC due to stuck port data_in              ;
; vga_monitor:vga_monitor|text3[5][4][6]   ; Stuck at GND due to stuck port data_in              ;
; vga_monitor:vga_monitor|text3[5][3][0]   ; Stuck at GND due to stuck port data_in              ;
; vga_monitor:vga_monitor|text3[5][3][1]   ; Stuck at VCC due to stuck port data_in              ;
; vga_monitor:vga_monitor|text3[5][3][2]   ; Stuck at GND due to stuck port data_in              ;
; vga_monitor:vga_monitor|text3[5][3][3]   ; Stuck at VCC due to stuck port data_in              ;
; vga_monitor:vga_monitor|text3[5][3][4]   ; Stuck at VCC due to stuck port data_in              ;
; vga_monitor:vga_monitor|text3[5][3][5]   ; Stuck at VCC due to stuck port data_in              ;
; vga_monitor:vga_monitor|text3[5][3][6]   ; Stuck at GND due to stuck port data_in              ;
; vga_monitor:vga_monitor|text3[5][2][0]   ; Stuck at GND due to stuck port data_in              ;
; vga_monitor:vga_monitor|text3[5][2][1]   ; Stuck at GND due to stuck port data_in              ;
; vga_monitor:vga_monitor|text3[5][2][2]   ; Stuck at VCC due to stuck port data_in              ;
; vga_monitor:vga_monitor|text3[5][2][3]   ; Stuck at GND due to stuck port data_in              ;
; vga_monitor:vga_monitor|text3[5][2][4]   ; Stuck at VCC due to stuck port data_in              ;
; vga_monitor:vga_monitor|text3[5][2][5]   ; Stuck at VCC due to stuck port data_in              ;
; vga_monitor:vga_monitor|text3[5][2][6]   ; Stuck at GND due to stuck port data_in              ;
; vga_monitor:vga_monitor|text3[5][1][0]   ; Stuck at GND due to stuck port data_in              ;
; vga_monitor:vga_monitor|text3[5][1][1]   ; Stuck at GND due to stuck port data_in              ;
; vga_monitor:vga_monitor|text3[5][1][2]   ; Stuck at GND due to stuck port data_in              ;
; vga_monitor:vga_monitor|text3[5][1][3]   ; Stuck at GND due to stuck port data_in              ;
; vga_monitor:vga_monitor|text3[5][1][4]   ; Stuck at VCC due to stuck port data_in              ;
; vga_monitor:vga_monitor|text3[5][1][5]   ; Stuck at VCC due to stuck port data_in              ;
; vga_monitor:vga_monitor|text3[5][1][6]   ; Stuck at GND due to stuck port data_in              ;
; vga_monitor:vga_monitor|text3[5][0][0]   ; Stuck at GND due to stuck port data_in              ;
; vga_monitor:vga_monitor|text3[5][0][1]   ; Stuck at GND due to stuck port data_in              ;
; vga_monitor:vga_monitor|text3[5][0][2]   ; Stuck at GND due to stuck port data_in              ;
; vga_monitor:vga_monitor|text3[5][0][3]   ; Stuck at VCC due to stuck port data_in              ;
; vga_monitor:vga_monitor|text3[5][0][4]   ; Stuck at VCC due to stuck port data_in              ;
; vga_monitor:vga_monitor|text3[5][0][5]   ; Stuck at VCC due to stuck port data_in              ;
; vga_monitor:vga_monitor|text3[5][0][6]   ; Stuck at VCC due to stuck port data_in              ;
; vga_monitor:vga_monitor|text3[4][9][0]   ; Stuck at VCC due to stuck port data_in              ;
; vga_monitor:vga_monitor|text3[4][9][1]   ; Stuck at VCC due to stuck port data_in              ;
; vga_monitor:vga_monitor|text3[4][9][2]   ; Stuck at VCC due to stuck port data_in              ;
; vga_monitor:vga_monitor|text3[4][9][3]   ; Stuck at VCC due to stuck port data_in              ;
; vga_monitor:vga_monitor|text3[4][9][4]   ; Stuck at VCC due to stuck port data_in              ;
; vga_monitor:vga_monitor|text3[4][9][5]   ; Stuck at GND due to stuck port data_in              ;
; vga_monitor:vga_monitor|text3[4][9][6]   ; Stuck at VCC due to stuck port data_in              ;
; vga_monitor:vga_monitor|text3[4][4][0]   ; Stuck at GND due to stuck port data_in              ;
; vga_monitor:vga_monitor|text3[4][4][1]   ; Stuck at GND due to stuck port data_in              ;
; vga_monitor:vga_monitor|text3[4][4][2]   ; Stuck at GND due to stuck port data_in              ;
; vga_monitor:vga_monitor|text3[4][4][3]   ; Stuck at GND due to stuck port data_in              ;
; vga_monitor:vga_monitor|text3[4][4][4]   ; Stuck at GND due to stuck port data_in              ;
; vga_monitor:vga_monitor|text3[4][4][5]   ; Stuck at VCC due to stuck port data_in              ;
; vga_monitor:vga_monitor|text3[4][4][6]   ; Stuck at GND due to stuck port data_in              ;
; vga_monitor:vga_monitor|text3[4][3][0]   ; Stuck at GND due to stuck port data_in              ;
; vga_monitor:vga_monitor|text3[4][3][1]   ; Stuck at VCC due to stuck port data_in              ;
; vga_monitor:vga_monitor|text3[4][3][2]   ; Stuck at GND due to stuck port data_in              ;
; vga_monitor:vga_monitor|text3[4][3][3]   ; Stuck at VCC due to stuck port data_in              ;
; vga_monitor:vga_monitor|text3[4][3][4]   ; Stuck at VCC due to stuck port data_in              ;
; vga_monitor:vga_monitor|text3[4][3][5]   ; Stuck at VCC due to stuck port data_in              ;
; vga_monitor:vga_monitor|text3[4][3][6]   ; Stuck at GND due to stuck port data_in              ;
; vga_monitor:vga_monitor|text3[4][2][0]   ; Stuck at VCC due to stuck port data_in              ;
; vga_monitor:vga_monitor|text3[4][2][1]   ; Stuck at VCC due to stuck port data_in              ;
; vga_monitor:vga_monitor|text3[4][2][2]   ; Stuck at GND due to stuck port data_in              ;
; vga_monitor:vga_monitor|text3[4][2][3]   ; Stuck at GND due to stuck port data_in              ;
; vga_monitor:vga_monitor|text3[4][2][4]   ; Stuck at VCC due to stuck port data_in              ;
; vga_monitor:vga_monitor|text3[4][2][5]   ; Stuck at VCC due to stuck port data_in              ;
; vga_monitor:vga_monitor|text3[4][2][6]   ; Stuck at GND due to stuck port data_in              ;
; vga_monitor:vga_monitor|text3[4][1][0]   ; Stuck at GND due to stuck port data_in              ;
; vga_monitor:vga_monitor|text3[4][1][1]   ; Stuck at GND due to stuck port data_in              ;
; vga_monitor:vga_monitor|text3[4][1][2]   ; Stuck at GND due to stuck port data_in              ;
; vga_monitor:vga_monitor|text3[4][1][3]   ; Stuck at GND due to stuck port data_in              ;
; vga_monitor:vga_monitor|text3[4][1][4]   ; Stuck at VCC due to stuck port data_in              ;
; vga_monitor:vga_monitor|text3[4][1][5]   ; Stuck at VCC due to stuck port data_in              ;
; vga_monitor:vga_monitor|text3[4][1][6]   ; Stuck at GND due to stuck port data_in              ;
; vga_monitor:vga_monitor|text3[4][0][0]   ; Stuck at GND due to stuck port data_in              ;
; vga_monitor:vga_monitor|text3[4][0][1]   ; Stuck at GND due to stuck port data_in              ;
; vga_monitor:vga_monitor|text3[4][0][2]   ; Stuck at GND due to stuck port data_in              ;
; vga_monitor:vga_monitor|text3[4][0][3]   ; Stuck at VCC due to stuck port data_in              ;
; vga_monitor:vga_monitor|text3[4][0][4]   ; Stuck at VCC due to stuck port data_in              ;
; vga_monitor:vga_monitor|text3[4][0][5]   ; Stuck at VCC due to stuck port data_in              ;
; vga_monitor:vga_monitor|text3[4][0][6]   ; Stuck at VCC due to stuck port data_in              ;
; vga_monitor:vga_monitor|text3[3][9][0]   ; Stuck at VCC due to stuck port data_in              ;
; vga_monitor:vga_monitor|text3[3][9][1]   ; Stuck at VCC due to stuck port data_in              ;
; vga_monitor:vga_monitor|text3[3][9][2]   ; Stuck at VCC due to stuck port data_in              ;
; vga_monitor:vga_monitor|text3[3][9][3]   ; Stuck at VCC due to stuck port data_in              ;
; vga_monitor:vga_monitor|text3[3][9][4]   ; Stuck at VCC due to stuck port data_in              ;
; vga_monitor:vga_monitor|text3[3][9][5]   ; Stuck at GND due to stuck port data_in              ;
; vga_monitor:vga_monitor|text3[3][9][6]   ; Stuck at VCC due to stuck port data_in              ;
; vga_monitor:vga_monitor|text3[3][4][0]   ; Stuck at GND due to stuck port data_in              ;
; vga_monitor:vga_monitor|text3[3][4][1]   ; Stuck at GND due to stuck port data_in              ;
; vga_monitor:vga_monitor|text3[3][4][2]   ; Stuck at GND due to stuck port data_in              ;
; vga_monitor:vga_monitor|text3[3][4][3]   ; Stuck at GND due to stuck port data_in              ;
; vga_monitor:vga_monitor|text3[3][4][4]   ; Stuck at GND due to stuck port data_in              ;
; vga_monitor:vga_monitor|text3[3][4][5]   ; Stuck at VCC due to stuck port data_in              ;
; vga_monitor:vga_monitor|text3[3][4][6]   ; Stuck at GND due to stuck port data_in              ;
; vga_monitor:vga_monitor|text3[3][3][0]   ; Stuck at GND due to stuck port data_in              ;
; vga_monitor:vga_monitor|text3[3][3][1]   ; Stuck at VCC due to stuck port data_in              ;
; vga_monitor:vga_monitor|text3[3][3][2]   ; Stuck at GND due to stuck port data_in              ;
; vga_monitor:vga_monitor|text3[3][3][3]   ; Stuck at VCC due to stuck port data_in              ;
; vga_monitor:vga_monitor|text3[3][3][4]   ; Stuck at VCC due to stuck port data_in              ;
; vga_monitor:vga_monitor|text3[3][3][5]   ; Stuck at VCC due to stuck port data_in              ;
; vga_monitor:vga_monitor|text3[3][3][6]   ; Stuck at GND due to stuck port data_in              ;
; vga_monitor:vga_monitor|text3[3][2][0]   ; Stuck at GND due to stuck port data_in              ;
; vga_monitor:vga_monitor|text3[3][2][1]   ; Stuck at VCC due to stuck port data_in              ;
; vga_monitor:vga_monitor|text3[3][2][2]   ; Stuck at GND due to stuck port data_in              ;
; vga_monitor:vga_monitor|text3[3][2][3]   ; Stuck at GND due to stuck port data_in              ;
; vga_monitor:vga_monitor|text3[3][2][4]   ; Stuck at VCC due to stuck port data_in              ;
; vga_monitor:vga_monitor|text3[3][2][5]   ; Stuck at VCC due to stuck port data_in              ;
; vga_monitor:vga_monitor|text3[3][2][6]   ; Stuck at GND due to stuck port data_in              ;
; vga_monitor:vga_monitor|text3[3][1][0]   ; Stuck at GND due to stuck port data_in              ;
; vga_monitor:vga_monitor|text3[3][1][1]   ; Stuck at GND due to stuck port data_in              ;
; vga_monitor:vga_monitor|text3[3][1][2]   ; Stuck at GND due to stuck port data_in              ;
; vga_monitor:vga_monitor|text3[3][1][3]   ; Stuck at GND due to stuck port data_in              ;
; vga_monitor:vga_monitor|text3[3][1][4]   ; Stuck at VCC due to stuck port data_in              ;
; vga_monitor:vga_monitor|text3[3][1][5]   ; Stuck at VCC due to stuck port data_in              ;
; vga_monitor:vga_monitor|text3[3][1][6]   ; Stuck at GND due to stuck port data_in              ;
; vga_monitor:vga_monitor|text3[3][0][0]   ; Stuck at GND due to stuck port data_in              ;
; vga_monitor:vga_monitor|text3[3][0][1]   ; Stuck at GND due to stuck port data_in              ;
; vga_monitor:vga_monitor|text3[3][0][2]   ; Stuck at GND due to stuck port data_in              ;
; vga_monitor:vga_monitor|text3[3][0][3]   ; Stuck at VCC due to stuck port data_in              ;
; vga_monitor:vga_monitor|text3[3][0][4]   ; Stuck at VCC due to stuck port data_in              ;
; vga_monitor:vga_monitor|text3[3][0][5]   ; Stuck at VCC due to stuck port data_in              ;
; vga_monitor:vga_monitor|text3[3][0][6]   ; Stuck at VCC due to stuck port data_in              ;
; vga_monitor:vga_monitor|text3[2][9][0]   ; Stuck at VCC due to stuck port data_in              ;
; vga_monitor:vga_monitor|text3[2][9][1]   ; Stuck at VCC due to stuck port data_in              ;
; vga_monitor:vga_monitor|text3[2][9][2]   ; Stuck at VCC due to stuck port data_in              ;
; vga_monitor:vga_monitor|text3[2][9][3]   ; Stuck at VCC due to stuck port data_in              ;
; vga_monitor:vga_monitor|text3[2][9][4]   ; Stuck at VCC due to stuck port data_in              ;
; vga_monitor:vga_monitor|text3[2][9][5]   ; Stuck at GND due to stuck port data_in              ;
; vga_monitor:vga_monitor|text3[2][9][6]   ; Stuck at VCC due to stuck port data_in              ;
; vga_monitor:vga_monitor|text3[2][4][0]   ; Stuck at GND due to stuck port data_in              ;
; vga_monitor:vga_monitor|text3[2][4][1]   ; Stuck at GND due to stuck port data_in              ;
; vga_monitor:vga_monitor|text3[2][4][2]   ; Stuck at GND due to stuck port data_in              ;
; vga_monitor:vga_monitor|text3[2][4][3]   ; Stuck at GND due to stuck port data_in              ;
; vga_monitor:vga_monitor|text3[2][4][4]   ; Stuck at GND due to stuck port data_in              ;
; vga_monitor:vga_monitor|text3[2][4][5]   ; Stuck at VCC due to stuck port data_in              ;
; vga_monitor:vga_monitor|text3[2][4][6]   ; Stuck at GND due to stuck port data_in              ;
; vga_monitor:vga_monitor|text3[2][3][0]   ; Stuck at GND due to stuck port data_in              ;
; vga_monitor:vga_monitor|text3[2][3][1]   ; Stuck at VCC due to stuck port data_in              ;
; vga_monitor:vga_monitor|text3[2][3][2]   ; Stuck at GND due to stuck port data_in              ;
; vga_monitor:vga_monitor|text3[2][3][3]   ; Stuck at VCC due to stuck port data_in              ;
; vga_monitor:vga_monitor|text3[2][3][4]   ; Stuck at VCC due to stuck port data_in              ;
; vga_monitor:vga_monitor|text3[2][3][5]   ; Stuck at VCC due to stuck port data_in              ;
; vga_monitor:vga_monitor|text3[2][3][6]   ; Stuck at GND due to stuck port data_in              ;
; vga_monitor:vga_monitor|text3[2][2][0]   ; Stuck at VCC due to stuck port data_in              ;
; vga_monitor:vga_monitor|text3[2][2][1]   ; Stuck at GND due to stuck port data_in              ;
; vga_monitor:vga_monitor|text3[2][2][2]   ; Stuck at GND due to stuck port data_in              ;
; vga_monitor:vga_monitor|text3[2][2][3]   ; Stuck at GND due to stuck port data_in              ;
; vga_monitor:vga_monitor|text3[2][2][4]   ; Stuck at VCC due to stuck port data_in              ;
; vga_monitor:vga_monitor|text3[2][2][5]   ; Stuck at VCC due to stuck port data_in              ;
; vga_monitor:vga_monitor|text3[2][2][6]   ; Stuck at GND due to stuck port data_in              ;
; vga_monitor:vga_monitor|text3[2][1][0]   ; Stuck at GND due to stuck port data_in              ;
; vga_monitor:vga_monitor|text3[2][1][1]   ; Stuck at GND due to stuck port data_in              ;
; vga_monitor:vga_monitor|text3[2][1][2]   ; Stuck at GND due to stuck port data_in              ;
; vga_monitor:vga_monitor|text3[2][1][3]   ; Stuck at GND due to stuck port data_in              ;
; vga_monitor:vga_monitor|text3[2][1][4]   ; Stuck at VCC due to stuck port data_in              ;
; vga_monitor:vga_monitor|text3[2][1][5]   ; Stuck at VCC due to stuck port data_in              ;
; vga_monitor:vga_monitor|text3[2][1][6]   ; Stuck at GND due to stuck port data_in              ;
; vga_monitor:vga_monitor|text3[2][0][0]   ; Stuck at GND due to stuck port data_in              ;
; vga_monitor:vga_monitor|text3[2][0][1]   ; Stuck at GND due to stuck port data_in              ;
; vga_monitor:vga_monitor|text3[2][0][2]   ; Stuck at GND due to stuck port data_in              ;
; vga_monitor:vga_monitor|text3[2][0][3]   ; Stuck at VCC due to stuck port data_in              ;
; vga_monitor:vga_monitor|text3[2][0][4]   ; Stuck at VCC due to stuck port data_in              ;
; vga_monitor:vga_monitor|text3[2][0][5]   ; Stuck at VCC due to stuck port data_in              ;
; vga_monitor:vga_monitor|text3[2][0][6]   ; Stuck at VCC due to stuck port data_in              ;
; vga_monitor:vga_monitor|text3[1][9][0]   ; Stuck at VCC due to stuck port data_in              ;
; vga_monitor:vga_monitor|text3[1][9][1]   ; Stuck at VCC due to stuck port data_in              ;
; vga_monitor:vga_monitor|text3[1][9][2]   ; Stuck at VCC due to stuck port data_in              ;
; vga_monitor:vga_monitor|text3[1][9][3]   ; Stuck at VCC due to stuck port data_in              ;
; vga_monitor:vga_monitor|text3[1][9][4]   ; Stuck at VCC due to stuck port data_in              ;
; vga_monitor:vga_monitor|text3[1][9][5]   ; Stuck at GND due to stuck port data_in              ;
; vga_monitor:vga_monitor|text3[1][9][6]   ; Stuck at VCC due to stuck port data_in              ;
; vga_monitor:vga_monitor|text3[1][4][0]   ; Stuck at GND due to stuck port data_in              ;
; vga_monitor:vga_monitor|text3[1][4][1]   ; Stuck at GND due to stuck port data_in              ;
; vga_monitor:vga_monitor|text3[1][4][2]   ; Stuck at GND due to stuck port data_in              ;
; vga_monitor:vga_monitor|text3[1][4][3]   ; Stuck at GND due to stuck port data_in              ;
; vga_monitor:vga_monitor|text3[1][4][4]   ; Stuck at GND due to stuck port data_in              ;
; vga_monitor:vga_monitor|text3[1][4][5]   ; Stuck at VCC due to stuck port data_in              ;
; vga_monitor:vga_monitor|text3[1][4][6]   ; Stuck at GND due to stuck port data_in              ;
; vga_monitor:vga_monitor|text3[1][3][0]   ; Stuck at GND due to stuck port data_in              ;
; vga_monitor:vga_monitor|text3[1][3][1]   ; Stuck at VCC due to stuck port data_in              ;
; vga_monitor:vga_monitor|text3[1][3][2]   ; Stuck at GND due to stuck port data_in              ;
; vga_monitor:vga_monitor|text3[1][3][3]   ; Stuck at VCC due to stuck port data_in              ;
; vga_monitor:vga_monitor|text3[1][3][4]   ; Stuck at VCC due to stuck port data_in              ;
; vga_monitor:vga_monitor|text3[1][3][5]   ; Stuck at VCC due to stuck port data_in              ;
; vga_monitor:vga_monitor|text3[1][3][6]   ; Stuck at GND due to stuck port data_in              ;
; vga_monitor:vga_monitor|text3[1][2][0]   ; Stuck at GND due to stuck port data_in              ;
; vga_monitor:vga_monitor|text3[1][2][1]   ; Stuck at GND due to stuck port data_in              ;
; vga_monitor:vga_monitor|text3[1][2][2]   ; Stuck at GND due to stuck port data_in              ;
; vga_monitor:vga_monitor|text3[1][2][3]   ; Stuck at GND due to stuck port data_in              ;
; vga_monitor:vga_monitor|text3[1][2][4]   ; Stuck at VCC due to stuck port data_in              ;
; vga_monitor:vga_monitor|text3[1][2][5]   ; Stuck at VCC due to stuck port data_in              ;
; vga_monitor:vga_monitor|text3[1][2][6]   ; Stuck at GND due to stuck port data_in              ;
; vga_monitor:vga_monitor|text3[1][1][0]   ; Stuck at GND due to stuck port data_in              ;
; vga_monitor:vga_monitor|text3[1][1][1]   ; Stuck at GND due to stuck port data_in              ;
; vga_monitor:vga_monitor|text3[1][1][2]   ; Stuck at GND due to stuck port data_in              ;
; vga_monitor:vga_monitor|text3[1][1][3]   ; Stuck at GND due to stuck port data_in              ;
; vga_monitor:vga_monitor|text3[1][1][4]   ; Stuck at VCC due to stuck port data_in              ;
; vga_monitor:vga_monitor|text3[1][1][5]   ; Stuck at VCC due to stuck port data_in              ;
; vga_monitor:vga_monitor|text3[1][1][6]   ; Stuck at GND due to stuck port data_in              ;
; vga_monitor:vga_monitor|text3[1][0][0]   ; Stuck at GND due to stuck port data_in              ;
; vga_monitor:vga_monitor|text3[1][0][1]   ; Stuck at GND due to stuck port data_in              ;
; vga_monitor:vga_monitor|text3[1][0][2]   ; Stuck at GND due to stuck port data_in              ;
; vga_monitor:vga_monitor|text3[1][0][3]   ; Stuck at VCC due to stuck port data_in              ;
; vga_monitor:vga_monitor|text3[1][0][4]   ; Stuck at VCC due to stuck port data_in              ;
; vga_monitor:vga_monitor|text3[1][0][5]   ; Stuck at VCC due to stuck port data_in              ;
; vga_monitor:vga_monitor|text3[1][0][6]   ; Stuck at VCC due to stuck port data_in              ;
; vga_monitor:vga_monitor|text3[0][3][0]   ; Stuck at VCC due to stuck port data_in              ;
; vga_monitor:vga_monitor|text3[0][3][1]   ; Stuck at GND due to stuck port data_in              ;
; vga_monitor:vga_monitor|text3[0][3][2]   ; Stuck at GND due to stuck port data_in              ;
; vga_monitor:vga_monitor|text3[0][3][3]   ; Stuck at VCC due to stuck port data_in              ;
; vga_monitor:vga_monitor|text3[0][3][4]   ; Stuck at GND due to stuck port data_in              ;
; vga_monitor:vga_monitor|text3[0][3][5]   ; Stuck at GND due to stuck port data_in              ;
; vga_monitor:vga_monitor|text3[0][3][6]   ; Stuck at VCC due to stuck port data_in              ;
; vga_monitor:vga_monitor|text3[0][2][0]   ; Stuck at VCC due to stuck port data_in              ;
; vga_monitor:vga_monitor|text3[0][2][1]   ; Stuck at VCC due to stuck port data_in              ;
; vga_monitor:vga_monitor|text3[0][2][2]   ; Stuck at VCC due to stuck port data_in              ;
; vga_monitor:vga_monitor|text3[0][2][3]   ; Stuck at GND due to stuck port data_in              ;
; vga_monitor:vga_monitor|text3[0][2][4]   ; Stuck at GND due to stuck port data_in              ;
; vga_monitor:vga_monitor|text3[0][2][5]   ; Stuck at GND due to stuck port data_in              ;
; vga_monitor:vga_monitor|text3[0][2][6]   ; Stuck at VCC due to stuck port data_in              ;
; vga_monitor:vga_monitor|text3[0][1][0]   ; Stuck at VCC due to stuck port data_in              ;
; vga_monitor:vga_monitor|text3[0][1][1]   ; Stuck at GND due to stuck port data_in              ;
; vga_monitor:vga_monitor|text3[0][1][2]   ; Stuck at VCC due to stuck port data_in              ;
; vga_monitor:vga_monitor|text3[0][1][3]   ; Stuck at GND due to stuck port data_in              ;
; vga_monitor:vga_monitor|text3[0][1][4]   ; Stuck at GND due to stuck port data_in              ;
; vga_monitor:vga_monitor|text3[0][1][5]   ; Stuck at GND due to stuck port data_in              ;
; vga_monitor:vga_monitor|text3[0][1][6]   ; Stuck at VCC due to stuck port data_in              ;
; vga_monitor:vga_monitor|text3[0][0][0]   ; Stuck at GND due to stuck port data_in              ;
; vga_monitor:vga_monitor|text3[0][0][1]   ; Stuck at VCC due to stuck port data_in              ;
; vga_monitor:vga_monitor|text3[0][0][2]   ; Stuck at GND due to stuck port data_in              ;
; vga_monitor:vga_monitor|text3[0][0][3]   ; Stuck at GND due to stuck port data_in              ;
; vga_monitor:vga_monitor|text3[0][0][4]   ; Stuck at VCC due to stuck port data_in              ;
; vga_monitor:vga_monitor|text3[0][0][5]   ; Stuck at GND due to stuck port data_in              ;
; vga_monitor:vga_monitor|text3[0][0][6]   ; Stuck at VCC due to stuck port data_in              ;
; vga_monitor:vga_monitor|text2[16][3][0]  ; Stuck at GND due to stuck port data_in              ;
; vga_monitor:vga_monitor|text2[16][3][1]  ; Stuck at GND due to stuck port data_in              ;
; vga_monitor:vga_monitor|text2[16][3][2]  ; Stuck at GND due to stuck port data_in              ;
; vga_monitor:vga_monitor|text2[16][3][3]  ; Stuck at GND due to stuck port data_in              ;
; vga_monitor:vga_monitor|text2[16][3][4]  ; Stuck at GND due to stuck port data_in              ;
; vga_monitor:vga_monitor|text2[16][3][5]  ; Stuck at VCC due to stuck port data_in              ;
; vga_monitor:vga_monitor|text2[16][3][6]  ; Stuck at GND due to stuck port data_in              ;
; vga_monitor:vga_monitor|text2[16][2][0]  ; Stuck at GND due to stuck port data_in              ;
; vga_monitor:vga_monitor|text2[16][2][1]  ; Stuck at VCC due to stuck port data_in              ;
; vga_monitor:vga_monitor|text2[16][2][2]  ; Stuck at GND due to stuck port data_in              ;
; vga_monitor:vga_monitor|text2[16][2][3]  ; Stuck at VCC due to stuck port data_in              ;
; vga_monitor:vga_monitor|text2[16][2][4]  ; Stuck at VCC due to stuck port data_in              ;
; vga_monitor:vga_monitor|text2[16][2][5]  ; Stuck at VCC due to stuck port data_in              ;
; vga_monitor:vga_monitor|text2[16][2][6]  ; Stuck at GND due to stuck port data_in              ;
; vga_monitor:vga_monitor|text2[16][1][0]  ; Stuck at VCC due to stuck port data_in              ;
; vga_monitor:vga_monitor|text2[16][1][1]  ; Stuck at VCC due to stuck port data_in              ;
; vga_monitor:vga_monitor|text2[16][1][2]  ; Stuck at GND due to stuck port data_in              ;
; vga_monitor:vga_monitor|text2[16][1][3]  ; Stuck at GND due to stuck port data_in              ;
; vga_monitor:vga_monitor|text2[16][1][4]  ; Stuck at GND due to stuck port data_in              ;
; vga_monitor:vga_monitor|text2[16][1][5]  ; Stuck at GND due to stuck port data_in              ;
; vga_monitor:vga_monitor|text2[16][1][6]  ; Stuck at VCC due to stuck port data_in              ;
; vga_monitor:vga_monitor|text2[16][0][0]  ; Stuck at VCC due to stuck port data_in              ;
; vga_monitor:vga_monitor|text2[16][0][1]  ; Stuck at VCC due to stuck port data_in              ;
; vga_monitor:vga_monitor|text2[16][0][2]  ; Stuck at GND due to stuck port data_in              ;
; vga_monitor:vga_monitor|text2[16][0][3]  ; Stuck at GND due to stuck port data_in              ;
; vga_monitor:vga_monitor|text2[16][0][4]  ; Stuck at VCC due to stuck port data_in              ;
; vga_monitor:vga_monitor|text2[16][0][5]  ; Stuck at VCC due to stuck port data_in              ;
; vga_monitor:vga_monitor|text2[16][0][6]  ; Stuck at GND due to stuck port data_in              ;
; vga_monitor:vga_monitor|text2[15][3][0]  ; Stuck at GND due to stuck port data_in              ;
; vga_monitor:vga_monitor|text2[15][3][1]  ; Stuck at GND due to stuck port data_in              ;
; vga_monitor:vga_monitor|text2[15][3][2]  ; Stuck at GND due to stuck port data_in              ;
; vga_monitor:vga_monitor|text2[15][3][3]  ; Stuck at GND due to stuck port data_in              ;
; vga_monitor:vga_monitor|text2[15][3][4]  ; Stuck at GND due to stuck port data_in              ;
; vga_monitor:vga_monitor|text2[15][3][5]  ; Stuck at VCC due to stuck port data_in              ;
; vga_monitor:vga_monitor|text2[15][3][6]  ; Stuck at GND due to stuck port data_in              ;
; vga_monitor:vga_monitor|text2[15][2][0]  ; Stuck at GND due to stuck port data_in              ;
; vga_monitor:vga_monitor|text2[15][2][1]  ; Stuck at VCC due to stuck port data_in              ;
; vga_monitor:vga_monitor|text2[15][2][2]  ; Stuck at GND due to stuck port data_in              ;
; vga_monitor:vga_monitor|text2[15][2][3]  ; Stuck at VCC due to stuck port data_in              ;
; vga_monitor:vga_monitor|text2[15][2][4]  ; Stuck at VCC due to stuck port data_in              ;
; vga_monitor:vga_monitor|text2[15][2][5]  ; Stuck at VCC due to stuck port data_in              ;
; vga_monitor:vga_monitor|text2[15][2][6]  ; Stuck at GND due to stuck port data_in              ;
; vga_monitor:vga_monitor|text2[15][1][0]  ; Stuck at GND due to stuck port data_in              ;
; vga_monitor:vga_monitor|text2[15][1][1]  ; Stuck at GND due to stuck port data_in              ;
; vga_monitor:vga_monitor|text2[15][1][2]  ; Stuck at GND due to stuck port data_in              ;
; vga_monitor:vga_monitor|text2[15][1][3]  ; Stuck at VCC due to stuck port data_in              ;
; vga_monitor:vga_monitor|text2[15][1][4]  ; Stuck at VCC due to stuck port data_in              ;
; vga_monitor:vga_monitor|text2[15][1][5]  ; Stuck at VCC due to stuck port data_in              ;
; vga_monitor:vga_monitor|text2[15][1][6]  ; Stuck at GND due to stuck port data_in              ;
; vga_monitor:vga_monitor|text2[15][0][0]  ; Stuck at VCC due to stuck port data_in              ;
; vga_monitor:vga_monitor|text2[15][0][1]  ; Stuck at VCC due to stuck port data_in              ;
; vga_monitor:vga_monitor|text2[15][0][2]  ; Stuck at GND due to stuck port data_in              ;
; vga_monitor:vga_monitor|text2[15][0][3]  ; Stuck at GND due to stuck port data_in              ;
; vga_monitor:vga_monitor|text2[15][0][4]  ; Stuck at VCC due to stuck port data_in              ;
; vga_monitor:vga_monitor|text2[15][0][5]  ; Stuck at VCC due to stuck port data_in              ;
; vga_monitor:vga_monitor|text2[15][0][6]  ; Stuck at GND due to stuck port data_in              ;
; vga_monitor:vga_monitor|text2[14][3][0]  ; Stuck at GND due to stuck port data_in              ;
; vga_monitor:vga_monitor|text2[14][3][1]  ; Stuck at GND due to stuck port data_in              ;
; vga_monitor:vga_monitor|text2[14][3][2]  ; Stuck at GND due to stuck port data_in              ;
; vga_monitor:vga_monitor|text2[14][3][3]  ; Stuck at GND due to stuck port data_in              ;
; vga_monitor:vga_monitor|text2[14][3][4]  ; Stuck at GND due to stuck port data_in              ;
; vga_monitor:vga_monitor|text2[14][3][5]  ; Stuck at VCC due to stuck port data_in              ;
; vga_monitor:vga_monitor|text2[14][3][6]  ; Stuck at GND due to stuck port data_in              ;
; vga_monitor:vga_monitor|text2[14][2][0]  ; Stuck at GND due to stuck port data_in              ;
; vga_monitor:vga_monitor|text2[14][2][1]  ; Stuck at VCC due to stuck port data_in              ;
; vga_monitor:vga_monitor|text2[14][2][2]  ; Stuck at GND due to stuck port data_in              ;
; vga_monitor:vga_monitor|text2[14][2][3]  ; Stuck at VCC due to stuck port data_in              ;
; vga_monitor:vga_monitor|text2[14][2][4]  ; Stuck at VCC due to stuck port data_in              ;
; vga_monitor:vga_monitor|text2[14][2][5]  ; Stuck at VCC due to stuck port data_in              ;
; vga_monitor:vga_monitor|text2[14][2][6]  ; Stuck at GND due to stuck port data_in              ;
; vga_monitor:vga_monitor|text2[14][1][0]  ; Stuck at GND due to stuck port data_in              ;
; vga_monitor:vga_monitor|text2[14][1][1]  ; Stuck at GND due to stuck port data_in              ;
; vga_monitor:vga_monitor|text2[14][1][2]  ; Stuck at VCC due to stuck port data_in              ;
; vga_monitor:vga_monitor|text2[14][1][3]  ; Stuck at GND due to stuck port data_in              ;
; vga_monitor:vga_monitor|text2[14][1][4]  ; Stuck at VCC due to stuck port data_in              ;
; vga_monitor:vga_monitor|text2[14][1][5]  ; Stuck at VCC due to stuck port data_in              ;
; vga_monitor:vga_monitor|text2[14][1][6]  ; Stuck at GND due to stuck port data_in              ;
; vga_monitor:vga_monitor|text2[14][0][0]  ; Stuck at VCC due to stuck port data_in              ;
; vga_monitor:vga_monitor|text2[14][0][1]  ; Stuck at VCC due to stuck port data_in              ;
; vga_monitor:vga_monitor|text2[14][0][2]  ; Stuck at GND due to stuck port data_in              ;
; vga_monitor:vga_monitor|text2[14][0][3]  ; Stuck at GND due to stuck port data_in              ;
; vga_monitor:vga_monitor|text2[14][0][4]  ; Stuck at VCC due to stuck port data_in              ;
; vga_monitor:vga_monitor|text2[14][0][5]  ; Stuck at VCC due to stuck port data_in              ;
; vga_monitor:vga_monitor|text2[14][0][6]  ; Stuck at GND due to stuck port data_in              ;
; vga_monitor:vga_monitor|text2[13][3][0]  ; Stuck at GND due to stuck port data_in              ;
; vga_monitor:vga_monitor|text2[13][3][1]  ; Stuck at GND due to stuck port data_in              ;
; vga_monitor:vga_monitor|text2[13][3][2]  ; Stuck at GND due to stuck port data_in              ;
; vga_monitor:vga_monitor|text2[13][3][3]  ; Stuck at GND due to stuck port data_in              ;
; vga_monitor:vga_monitor|text2[13][3][4]  ; Stuck at GND due to stuck port data_in              ;
; vga_monitor:vga_monitor|text2[13][3][5]  ; Stuck at VCC due to stuck port data_in              ;
; vga_monitor:vga_monitor|text2[13][3][6]  ; Stuck at GND due to stuck port data_in              ;
; vga_monitor:vga_monitor|text2[13][2][0]  ; Stuck at GND due to stuck port data_in              ;
; vga_monitor:vga_monitor|text2[13][2][1]  ; Stuck at VCC due to stuck port data_in              ;
; vga_monitor:vga_monitor|text2[13][2][2]  ; Stuck at GND due to stuck port data_in              ;
; vga_monitor:vga_monitor|text2[13][2][3]  ; Stuck at VCC due to stuck port data_in              ;
; vga_monitor:vga_monitor|text2[13][2][4]  ; Stuck at VCC due to stuck port data_in              ;
; vga_monitor:vga_monitor|text2[13][2][5]  ; Stuck at VCC due to stuck port data_in              ;
; vga_monitor:vga_monitor|text2[13][2][6]  ; Stuck at GND due to stuck port data_in              ;
; vga_monitor:vga_monitor|text2[13][1][0]  ; Stuck at GND due to stuck port data_in              ;
; vga_monitor:vga_monitor|text2[13][1][1]  ; Stuck at GND due to stuck port data_in              ;
; vga_monitor:vga_monitor|text2[13][1][2]  ; Stuck at GND due to stuck port data_in              ;
; vga_monitor:vga_monitor|text2[13][1][3]  ; Stuck at GND due to stuck port data_in              ;
; vga_monitor:vga_monitor|text2[13][1][4]  ; Stuck at VCC due to stuck port data_in              ;
; vga_monitor:vga_monitor|text2[13][1][5]  ; Stuck at VCC due to stuck port data_in              ;
; vga_monitor:vga_monitor|text2[13][1][6]  ; Stuck at GND due to stuck port data_in              ;
; vga_monitor:vga_monitor|text2[13][0][0]  ; Stuck at VCC due to stuck port data_in              ;
; vga_monitor:vga_monitor|text2[13][0][1]  ; Stuck at VCC due to stuck port data_in              ;
; vga_monitor:vga_monitor|text2[13][0][2]  ; Stuck at GND due to stuck port data_in              ;
; vga_monitor:vga_monitor|text2[13][0][3]  ; Stuck at GND due to stuck port data_in              ;
; vga_monitor:vga_monitor|text2[13][0][4]  ; Stuck at VCC due to stuck port data_in              ;
; vga_monitor:vga_monitor|text2[13][0][5]  ; Stuck at VCC due to stuck port data_in              ;
; vga_monitor:vga_monitor|text2[13][0][6]  ; Stuck at GND due to stuck port data_in              ;
; vga_monitor:vga_monitor|text2[12][3][0]  ; Stuck at GND due to stuck port data_in              ;
; vga_monitor:vga_monitor|text2[12][3][1]  ; Stuck at GND due to stuck port data_in              ;
; vga_monitor:vga_monitor|text2[12][3][2]  ; Stuck at GND due to stuck port data_in              ;
; vga_monitor:vga_monitor|text2[12][3][3]  ; Stuck at GND due to stuck port data_in              ;
; vga_monitor:vga_monitor|text2[12][3][4]  ; Stuck at GND due to stuck port data_in              ;
; vga_monitor:vga_monitor|text2[12][3][5]  ; Stuck at VCC due to stuck port data_in              ;
; vga_monitor:vga_monitor|text2[12][3][6]  ; Stuck at GND due to stuck port data_in              ;
; vga_monitor:vga_monitor|text2[12][2][0]  ; Stuck at GND due to stuck port data_in              ;
; vga_monitor:vga_monitor|text2[12][2][1]  ; Stuck at VCC due to stuck port data_in              ;
; vga_monitor:vga_monitor|text2[12][2][2]  ; Stuck at GND due to stuck port data_in              ;
; vga_monitor:vga_monitor|text2[12][2][3]  ; Stuck at VCC due to stuck port data_in              ;
; vga_monitor:vga_monitor|text2[12][2][4]  ; Stuck at VCC due to stuck port data_in              ;
; vga_monitor:vga_monitor|text2[12][2][5]  ; Stuck at VCC due to stuck port data_in              ;
; vga_monitor:vga_monitor|text2[12][2][6]  ; Stuck at GND due to stuck port data_in              ;
; vga_monitor:vga_monitor|text2[12][1][0]  ; Stuck at VCC due to stuck port data_in              ;
; vga_monitor:vga_monitor|text2[12][1][1]  ; Stuck at VCC due to stuck port data_in              ;
; vga_monitor:vga_monitor|text2[12][1][2]  ; Stuck at GND due to stuck port data_in              ;
; vga_monitor:vga_monitor|text2[12][1][3]  ; Stuck at GND due to stuck port data_in              ;
; vga_monitor:vga_monitor|text2[12][1][4]  ; Stuck at GND due to stuck port data_in              ;
; vga_monitor:vga_monitor|text2[12][1][5]  ; Stuck at GND due to stuck port data_in              ;
; vga_monitor:vga_monitor|text2[12][1][6]  ; Stuck at VCC due to stuck port data_in              ;
; vga_monitor:vga_monitor|text2[12][0][0]  ; Stuck at GND due to stuck port data_in              ;
; vga_monitor:vga_monitor|text2[12][0][1]  ; Stuck at VCC due to stuck port data_in              ;
; vga_monitor:vga_monitor|text2[12][0][2]  ; Stuck at GND due to stuck port data_in              ;
; vga_monitor:vga_monitor|text2[12][0][3]  ; Stuck at GND due to stuck port data_in              ;
; vga_monitor:vga_monitor|text2[12][0][4]  ; Stuck at VCC due to stuck port data_in              ;
; vga_monitor:vga_monitor|text2[12][0][5]  ; Stuck at VCC due to stuck port data_in              ;
; vga_monitor:vga_monitor|text2[12][0][6]  ; Stuck at GND due to stuck port data_in              ;
; vga_monitor:vga_monitor|text2[11][3][0]  ; Stuck at GND due to stuck port data_in              ;
; vga_monitor:vga_monitor|text2[11][3][1]  ; Stuck at GND due to stuck port data_in              ;
; vga_monitor:vga_monitor|text2[11][3][2]  ; Stuck at GND due to stuck port data_in              ;
; vga_monitor:vga_monitor|text2[11][3][3]  ; Stuck at GND due to stuck port data_in              ;
; vga_monitor:vga_monitor|text2[11][3][4]  ; Stuck at GND due to stuck port data_in              ;
; vga_monitor:vga_monitor|text2[11][3][5]  ; Stuck at VCC due to stuck port data_in              ;
; vga_monitor:vga_monitor|text2[11][3][6]  ; Stuck at GND due to stuck port data_in              ;
; vga_monitor:vga_monitor|text2[11][2][0]  ; Stuck at GND due to stuck port data_in              ;
; vga_monitor:vga_monitor|text2[11][2][1]  ; Stuck at VCC due to stuck port data_in              ;
; vga_monitor:vga_monitor|text2[11][2][2]  ; Stuck at GND due to stuck port data_in              ;
; vga_monitor:vga_monitor|text2[11][2][3]  ; Stuck at VCC due to stuck port data_in              ;
; vga_monitor:vga_monitor|text2[11][2][4]  ; Stuck at VCC due to stuck port data_in              ;
; vga_monitor:vga_monitor|text2[11][2][5]  ; Stuck at VCC due to stuck port data_in              ;
; vga_monitor:vga_monitor|text2[11][2][6]  ; Stuck at GND due to stuck port data_in              ;
; vga_monitor:vga_monitor|text2[11][1][0]  ; Stuck at GND due to stuck port data_in              ;
; vga_monitor:vga_monitor|text2[11][1][1]  ; Stuck at GND due to stuck port data_in              ;
; vga_monitor:vga_monitor|text2[11][1][2]  ; Stuck at GND due to stuck port data_in              ;
; vga_monitor:vga_monitor|text2[11][1][3]  ; Stuck at VCC due to stuck port data_in              ;
; vga_monitor:vga_monitor|text2[11][1][4]  ; Stuck at VCC due to stuck port data_in              ;
; vga_monitor:vga_monitor|text2[11][1][5]  ; Stuck at VCC due to stuck port data_in              ;
; vga_monitor:vga_monitor|text2[11][1][6]  ; Stuck at GND due to stuck port data_in              ;
; vga_monitor:vga_monitor|text2[11][0][0]  ; Stuck at GND due to stuck port data_in              ;
; vga_monitor:vga_monitor|text2[11][0][1]  ; Stuck at VCC due to stuck port data_in              ;
; vga_monitor:vga_monitor|text2[11][0][2]  ; Stuck at GND due to stuck port data_in              ;
; vga_monitor:vga_monitor|text2[11][0][3]  ; Stuck at GND due to stuck port data_in              ;
; vga_monitor:vga_monitor|text2[11][0][4]  ; Stuck at VCC due to stuck port data_in              ;
; vga_monitor:vga_monitor|text2[11][0][5]  ; Stuck at VCC due to stuck port data_in              ;
; vga_monitor:vga_monitor|text2[11][0][6]  ; Stuck at GND due to stuck port data_in              ;
; vga_monitor:vga_monitor|text2[10][3][0]  ; Stuck at GND due to stuck port data_in              ;
; vga_monitor:vga_monitor|text2[10][3][1]  ; Stuck at GND due to stuck port data_in              ;
; vga_monitor:vga_monitor|text2[10][3][2]  ; Stuck at GND due to stuck port data_in              ;
; vga_monitor:vga_monitor|text2[10][3][3]  ; Stuck at GND due to stuck port data_in              ;
; vga_monitor:vga_monitor|text2[10][3][4]  ; Stuck at GND due to stuck port data_in              ;
; vga_monitor:vga_monitor|text2[10][3][5]  ; Stuck at VCC due to stuck port data_in              ;
; vga_monitor:vga_monitor|text2[10][3][6]  ; Stuck at GND due to stuck port data_in              ;
; vga_monitor:vga_monitor|text2[10][2][0]  ; Stuck at GND due to stuck port data_in              ;
; vga_monitor:vga_monitor|text2[10][2][1]  ; Stuck at VCC due to stuck port data_in              ;
; vga_monitor:vga_monitor|text2[10][2][2]  ; Stuck at GND due to stuck port data_in              ;
; vga_monitor:vga_monitor|text2[10][2][3]  ; Stuck at VCC due to stuck port data_in              ;
; vga_monitor:vga_monitor|text2[10][2][4]  ; Stuck at VCC due to stuck port data_in              ;
; vga_monitor:vga_monitor|text2[10][2][5]  ; Stuck at VCC due to stuck port data_in              ;
; vga_monitor:vga_monitor|text2[10][2][6]  ; Stuck at GND due to stuck port data_in              ;
; vga_monitor:vga_monitor|text2[10][1][0]  ; Stuck at GND due to stuck port data_in              ;
; vga_monitor:vga_monitor|text2[10][1][1]  ; Stuck at GND due to stuck port data_in              ;
; vga_monitor:vga_monitor|text2[10][1][2]  ; Stuck at VCC due to stuck port data_in              ;
; vga_monitor:vga_monitor|text2[10][1][3]  ; Stuck at GND due to stuck port data_in              ;
; vga_monitor:vga_monitor|text2[10][1][4]  ; Stuck at VCC due to stuck port data_in              ;
; vga_monitor:vga_monitor|text2[10][1][5]  ; Stuck at VCC due to stuck port data_in              ;
; vga_monitor:vga_monitor|text2[10][1][6]  ; Stuck at GND due to stuck port data_in              ;
; vga_monitor:vga_monitor|text2[10][0][0]  ; Stuck at GND due to stuck port data_in              ;
; vga_monitor:vga_monitor|text2[10][0][1]  ; Stuck at VCC due to stuck port data_in              ;
; vga_monitor:vga_monitor|text2[10][0][2]  ; Stuck at GND due to stuck port data_in              ;
; vga_monitor:vga_monitor|text2[10][0][3]  ; Stuck at GND due to stuck port data_in              ;
; vga_monitor:vga_monitor|text2[10][0][4]  ; Stuck at VCC due to stuck port data_in              ;
; vga_monitor:vga_monitor|text2[10][0][5]  ; Stuck at VCC due to stuck port data_in              ;
; vga_monitor:vga_monitor|text2[10][0][6]  ; Stuck at GND due to stuck port data_in              ;
; vga_monitor:vga_monitor|text2[9][3][0]   ; Stuck at GND due to stuck port data_in              ;
; vga_monitor:vga_monitor|text2[9][3][1]   ; Stuck at GND due to stuck port data_in              ;
; vga_monitor:vga_monitor|text2[9][3][2]   ; Stuck at GND due to stuck port data_in              ;
; vga_monitor:vga_monitor|text2[9][3][3]   ; Stuck at GND due to stuck port data_in              ;
; vga_monitor:vga_monitor|text2[9][3][4]   ; Stuck at GND due to stuck port data_in              ;
; vga_monitor:vga_monitor|text2[9][3][5]   ; Stuck at VCC due to stuck port data_in              ;
; vga_monitor:vga_monitor|text2[9][3][6]   ; Stuck at GND due to stuck port data_in              ;
; vga_monitor:vga_monitor|text2[9][2][0]   ; Stuck at GND due to stuck port data_in              ;
; vga_monitor:vga_monitor|text2[9][2][1]   ; Stuck at VCC due to stuck port data_in              ;
; vga_monitor:vga_monitor|text2[9][2][2]   ; Stuck at GND due to stuck port data_in              ;
; vga_monitor:vga_monitor|text2[9][2][3]   ; Stuck at VCC due to stuck port data_in              ;
; vga_monitor:vga_monitor|text2[9][2][4]   ; Stuck at VCC due to stuck port data_in              ;
; vga_monitor:vga_monitor|text2[9][2][5]   ; Stuck at VCC due to stuck port data_in              ;
; vga_monitor:vga_monitor|text2[9][2][6]   ; Stuck at GND due to stuck port data_in              ;
; vga_monitor:vga_monitor|text2[9][1][0]   ; Stuck at GND due to stuck port data_in              ;
; vga_monitor:vga_monitor|text2[9][1][1]   ; Stuck at GND due to stuck port data_in              ;
; vga_monitor:vga_monitor|text2[9][1][2]   ; Stuck at GND due to stuck port data_in              ;
; vga_monitor:vga_monitor|text2[9][1][3]   ; Stuck at GND due to stuck port data_in              ;
; vga_monitor:vga_monitor|text2[9][1][4]   ; Stuck at VCC due to stuck port data_in              ;
; vga_monitor:vga_monitor|text2[9][1][5]   ; Stuck at VCC due to stuck port data_in              ;
; vga_monitor:vga_monitor|text2[9][1][6]   ; Stuck at GND due to stuck port data_in              ;
; vga_monitor:vga_monitor|text2[9][0][0]   ; Stuck at GND due to stuck port data_in              ;
; vga_monitor:vga_monitor|text2[9][0][1]   ; Stuck at VCC due to stuck port data_in              ;
; vga_monitor:vga_monitor|text2[9][0][2]   ; Stuck at GND due to stuck port data_in              ;
; vga_monitor:vga_monitor|text2[9][0][3]   ; Stuck at GND due to stuck port data_in              ;
; vga_monitor:vga_monitor|text2[9][0][4]   ; Stuck at VCC due to stuck port data_in              ;
; vga_monitor:vga_monitor|text2[9][0][5]   ; Stuck at VCC due to stuck port data_in              ;
; vga_monitor:vga_monitor|text2[9][0][6]   ; Stuck at GND due to stuck port data_in              ;
; vga_monitor:vga_monitor|text2[8][3][0]   ; Stuck at GND due to stuck port data_in              ;
; vga_monitor:vga_monitor|text2[8][3][1]   ; Stuck at GND due to stuck port data_in              ;
; vga_monitor:vga_monitor|text2[8][3][2]   ; Stuck at GND due to stuck port data_in              ;
; vga_monitor:vga_monitor|text2[8][3][3]   ; Stuck at GND due to stuck port data_in              ;
; vga_monitor:vga_monitor|text2[8][3][4]   ; Stuck at GND due to stuck port data_in              ;
; vga_monitor:vga_monitor|text2[8][3][5]   ; Stuck at VCC due to stuck port data_in              ;
; vga_monitor:vga_monitor|text2[8][3][6]   ; Stuck at GND due to stuck port data_in              ;
; vga_monitor:vga_monitor|text2[8][2][0]   ; Stuck at GND due to stuck port data_in              ;
; vga_monitor:vga_monitor|text2[8][2][1]   ; Stuck at VCC due to stuck port data_in              ;
; vga_monitor:vga_monitor|text2[8][2][2]   ; Stuck at GND due to stuck port data_in              ;
; vga_monitor:vga_monitor|text2[8][2][3]   ; Stuck at VCC due to stuck port data_in              ;
; vga_monitor:vga_monitor|text2[8][2][4]   ; Stuck at VCC due to stuck port data_in              ;
; vga_monitor:vga_monitor|text2[8][2][5]   ; Stuck at VCC due to stuck port data_in              ;
; vga_monitor:vga_monitor|text2[8][2][6]   ; Stuck at GND due to stuck port data_in              ;
; vga_monitor:vga_monitor|text2[8][1][0]   ; Stuck at VCC due to stuck port data_in              ;
; vga_monitor:vga_monitor|text2[8][1][1]   ; Stuck at VCC due to stuck port data_in              ;
; vga_monitor:vga_monitor|text2[8][1][2]   ; Stuck at GND due to stuck port data_in              ;
; vga_monitor:vga_monitor|text2[8][1][3]   ; Stuck at GND due to stuck port data_in              ;
; vga_monitor:vga_monitor|text2[8][1][4]   ; Stuck at GND due to stuck port data_in              ;
; vga_monitor:vga_monitor|text2[8][1][5]   ; Stuck at GND due to stuck port data_in              ;
; vga_monitor:vga_monitor|text2[8][1][6]   ; Stuck at VCC due to stuck port data_in              ;
; vga_monitor:vga_monitor|text2[8][0][0]   ; Stuck at VCC due to stuck port data_in              ;
; vga_monitor:vga_monitor|text2[8][0][1]   ; Stuck at GND due to stuck port data_in              ;
; vga_monitor:vga_monitor|text2[8][0][2]   ; Stuck at GND due to stuck port data_in              ;
; vga_monitor:vga_monitor|text2[8][0][3]   ; Stuck at GND due to stuck port data_in              ;
; vga_monitor:vga_monitor|text2[8][0][4]   ; Stuck at VCC due to stuck port data_in              ;
; vga_monitor:vga_monitor|text2[8][0][5]   ; Stuck at VCC due to stuck port data_in              ;
; vga_monitor:vga_monitor|text2[8][0][6]   ; Stuck at GND due to stuck port data_in              ;
; vga_monitor:vga_monitor|text2[7][3][0]   ; Stuck at GND due to stuck port data_in              ;
; vga_monitor:vga_monitor|text2[7][3][1]   ; Stuck at GND due to stuck port data_in              ;
; vga_monitor:vga_monitor|text2[7][3][2]   ; Stuck at GND due to stuck port data_in              ;
; vga_monitor:vga_monitor|text2[7][3][3]   ; Stuck at GND due to stuck port data_in              ;
; vga_monitor:vga_monitor|text2[7][3][4]   ; Stuck at GND due to stuck port data_in              ;
; vga_monitor:vga_monitor|text2[7][3][5]   ; Stuck at VCC due to stuck port data_in              ;
; vga_monitor:vga_monitor|text2[7][3][6]   ; Stuck at GND due to stuck port data_in              ;
; vga_monitor:vga_monitor|text2[7][2][0]   ; Stuck at GND due to stuck port data_in              ;
; vga_monitor:vga_monitor|text2[7][2][1]   ; Stuck at VCC due to stuck port data_in              ;
; vga_monitor:vga_monitor|text2[7][2][2]   ; Stuck at GND due to stuck port data_in              ;
; vga_monitor:vga_monitor|text2[7][2][3]   ; Stuck at VCC due to stuck port data_in              ;
; vga_monitor:vga_monitor|text2[7][2][4]   ; Stuck at VCC due to stuck port data_in              ;
; vga_monitor:vga_monitor|text2[7][2][5]   ; Stuck at VCC due to stuck port data_in              ;
; vga_monitor:vga_monitor|text2[7][2][6]   ; Stuck at GND due to stuck port data_in              ;
; vga_monitor:vga_monitor|text2[7][1][0]   ; Stuck at GND due to stuck port data_in              ;
; vga_monitor:vga_monitor|text2[7][1][1]   ; Stuck at GND due to stuck port data_in              ;
; vga_monitor:vga_monitor|text2[7][1][2]   ; Stuck at GND due to stuck port data_in              ;
; vga_monitor:vga_monitor|text2[7][1][3]   ; Stuck at VCC due to stuck port data_in              ;
; vga_monitor:vga_monitor|text2[7][1][4]   ; Stuck at VCC due to stuck port data_in              ;
; vga_monitor:vga_monitor|text2[7][1][5]   ; Stuck at VCC due to stuck port data_in              ;
; vga_monitor:vga_monitor|text2[7][1][6]   ; Stuck at GND due to stuck port data_in              ;
; vga_monitor:vga_monitor|text2[7][0][0]   ; Stuck at VCC due to stuck port data_in              ;
; vga_monitor:vga_monitor|text2[7][0][1]   ; Stuck at GND due to stuck port data_in              ;
; vga_monitor:vga_monitor|text2[7][0][2]   ; Stuck at GND due to stuck port data_in              ;
; vga_monitor:vga_monitor|text2[7][0][3]   ; Stuck at GND due to stuck port data_in              ;
; vga_monitor:vga_monitor|text2[7][0][4]   ; Stuck at VCC due to stuck port data_in              ;
; vga_monitor:vga_monitor|text2[7][0][5]   ; Stuck at VCC due to stuck port data_in              ;
; vga_monitor:vga_monitor|text2[7][0][6]   ; Stuck at GND due to stuck port data_in              ;
; vga_monitor:vga_monitor|text2[6][3][0]   ; Stuck at GND due to stuck port data_in              ;
; vga_monitor:vga_monitor|text2[6][3][1]   ; Stuck at GND due to stuck port data_in              ;
; vga_monitor:vga_monitor|text2[6][3][2]   ; Stuck at GND due to stuck port data_in              ;
; vga_monitor:vga_monitor|text2[6][3][3]   ; Stuck at GND due to stuck port data_in              ;
; vga_monitor:vga_monitor|text2[6][3][4]   ; Stuck at GND due to stuck port data_in              ;
; vga_monitor:vga_monitor|text2[6][3][5]   ; Stuck at VCC due to stuck port data_in              ;
; vga_monitor:vga_monitor|text2[6][3][6]   ; Stuck at GND due to stuck port data_in              ;
; vga_monitor:vga_monitor|text2[6][2][0]   ; Stuck at GND due to stuck port data_in              ;
; vga_monitor:vga_monitor|text2[6][2][1]   ; Stuck at VCC due to stuck port data_in              ;
; vga_monitor:vga_monitor|text2[6][2][2]   ; Stuck at GND due to stuck port data_in              ;
; vga_monitor:vga_monitor|text2[6][2][3]   ; Stuck at VCC due to stuck port data_in              ;
; vga_monitor:vga_monitor|text2[6][2][4]   ; Stuck at VCC due to stuck port data_in              ;
; vga_monitor:vga_monitor|text2[6][2][5]   ; Stuck at VCC due to stuck port data_in              ;
; vga_monitor:vga_monitor|text2[6][2][6]   ; Stuck at GND due to stuck port data_in              ;
; vga_monitor:vga_monitor|text2[6][1][0]   ; Stuck at GND due to stuck port data_in              ;
; vga_monitor:vga_monitor|text2[6][1][1]   ; Stuck at GND due to stuck port data_in              ;
; vga_monitor:vga_monitor|text2[6][1][2]   ; Stuck at VCC due to stuck port data_in              ;
; vga_monitor:vga_monitor|text2[6][1][3]   ; Stuck at GND due to stuck port data_in              ;
; vga_monitor:vga_monitor|text2[6][1][4]   ; Stuck at VCC due to stuck port data_in              ;
; vga_monitor:vga_monitor|text2[6][1][5]   ; Stuck at VCC due to stuck port data_in              ;
; vga_monitor:vga_monitor|text2[6][1][6]   ; Stuck at GND due to stuck port data_in              ;
; vga_monitor:vga_monitor|text2[6][0][0]   ; Stuck at VCC due to stuck port data_in              ;
; vga_monitor:vga_monitor|text2[6][0][1]   ; Stuck at GND due to stuck port data_in              ;
; vga_monitor:vga_monitor|text2[6][0][2]   ; Stuck at GND due to stuck port data_in              ;
; vga_monitor:vga_monitor|text2[6][0][3]   ; Stuck at GND due to stuck port data_in              ;
; vga_monitor:vga_monitor|text2[6][0][4]   ; Stuck at VCC due to stuck port data_in              ;
; vga_monitor:vga_monitor|text2[6][0][5]   ; Stuck at VCC due to stuck port data_in              ;
; vga_monitor:vga_monitor|text2[6][0][6]   ; Stuck at GND due to stuck port data_in              ;
; vga_monitor:vga_monitor|text2[5][3][0]   ; Stuck at GND due to stuck port data_in              ;
; vga_monitor:vga_monitor|text2[5][3][1]   ; Stuck at GND due to stuck port data_in              ;
; vga_monitor:vga_monitor|text2[5][3][2]   ; Stuck at GND due to stuck port data_in              ;
; vga_monitor:vga_monitor|text2[5][3][3]   ; Stuck at GND due to stuck port data_in              ;
; vga_monitor:vga_monitor|text2[5][3][4]   ; Stuck at GND due to stuck port data_in              ;
; vga_monitor:vga_monitor|text2[5][3][5]   ; Stuck at VCC due to stuck port data_in              ;
; vga_monitor:vga_monitor|text2[5][3][6]   ; Stuck at GND due to stuck port data_in              ;
; vga_monitor:vga_monitor|text2[5][2][0]   ; Stuck at GND due to stuck port data_in              ;
; vga_monitor:vga_monitor|text2[5][2][1]   ; Stuck at VCC due to stuck port data_in              ;
; vga_monitor:vga_monitor|text2[5][2][2]   ; Stuck at GND due to stuck port data_in              ;
; vga_monitor:vga_monitor|text2[5][2][3]   ; Stuck at VCC due to stuck port data_in              ;
; vga_monitor:vga_monitor|text2[5][2][4]   ; Stuck at VCC due to stuck port data_in              ;
; vga_monitor:vga_monitor|text2[5][2][5]   ; Stuck at VCC due to stuck port data_in              ;
; vga_monitor:vga_monitor|text2[5][2][6]   ; Stuck at GND due to stuck port data_in              ;
; vga_monitor:vga_monitor|text2[5][1][0]   ; Stuck at GND due to stuck port data_in              ;
; vga_monitor:vga_monitor|text2[5][1][1]   ; Stuck at GND due to stuck port data_in              ;
; vga_monitor:vga_monitor|text2[5][1][2]   ; Stuck at GND due to stuck port data_in              ;
; vga_monitor:vga_monitor|text2[5][1][3]   ; Stuck at GND due to stuck port data_in              ;
; vga_monitor:vga_monitor|text2[5][1][4]   ; Stuck at VCC due to stuck port data_in              ;
; vga_monitor:vga_monitor|text2[5][1][5]   ; Stuck at VCC due to stuck port data_in              ;
; vga_monitor:vga_monitor|text2[5][1][6]   ; Stuck at GND due to stuck port data_in              ;
; vga_monitor:vga_monitor|text2[5][0][0]   ; Stuck at VCC due to stuck port data_in              ;
; vga_monitor:vga_monitor|text2[5][0][1]   ; Stuck at GND due to stuck port data_in              ;
; vga_monitor:vga_monitor|text2[5][0][2]   ; Stuck at GND due to stuck port data_in              ;
; vga_monitor:vga_monitor|text2[5][0][3]   ; Stuck at GND due to stuck port data_in              ;
; vga_monitor:vga_monitor|text2[5][0][4]   ; Stuck at VCC due to stuck port data_in              ;
; vga_monitor:vga_monitor|text2[5][0][5]   ; Stuck at VCC due to stuck port data_in              ;
; vga_monitor:vga_monitor|text2[5][0][6]   ; Stuck at GND due to stuck port data_in              ;
; vga_monitor:vga_monitor|text2[4][3][0]   ; Stuck at GND due to stuck port data_in              ;
; vga_monitor:vga_monitor|text2[4][3][1]   ; Stuck at GND due to stuck port data_in              ;
; vga_monitor:vga_monitor|text2[4][3][2]   ; Stuck at GND due to stuck port data_in              ;
; vga_monitor:vga_monitor|text2[4][3][3]   ; Stuck at GND due to stuck port data_in              ;
; vga_monitor:vga_monitor|text2[4][3][4]   ; Stuck at GND due to stuck port data_in              ;
; vga_monitor:vga_monitor|text2[4][3][5]   ; Stuck at VCC due to stuck port data_in              ;
; vga_monitor:vga_monitor|text2[4][3][6]   ; Stuck at GND due to stuck port data_in              ;
; vga_monitor:vga_monitor|text2[4][2][0]   ; Stuck at GND due to stuck port data_in              ;
; vga_monitor:vga_monitor|text2[4][2][1]   ; Stuck at VCC due to stuck port data_in              ;
; vga_monitor:vga_monitor|text2[4][2][2]   ; Stuck at GND due to stuck port data_in              ;
; vga_monitor:vga_monitor|text2[4][2][3]   ; Stuck at VCC due to stuck port data_in              ;
; vga_monitor:vga_monitor|text2[4][2][4]   ; Stuck at VCC due to stuck port data_in              ;
; vga_monitor:vga_monitor|text2[4][2][5]   ; Stuck at VCC due to stuck port data_in              ;
; vga_monitor:vga_monitor|text2[4][2][6]   ; Stuck at GND due to stuck port data_in              ;
; vga_monitor:vga_monitor|text2[4][1][0]   ; Stuck at VCC due to stuck port data_in              ;
; vga_monitor:vga_monitor|text2[4][1][1]   ; Stuck at VCC due to stuck port data_in              ;
; vga_monitor:vga_monitor|text2[4][1][2]   ; Stuck at GND due to stuck port data_in              ;
; vga_monitor:vga_monitor|text2[4][1][3]   ; Stuck at GND due to stuck port data_in              ;
; vga_monitor:vga_monitor|text2[4][1][4]   ; Stuck at GND due to stuck port data_in              ;
; vga_monitor:vga_monitor|text2[4][1][5]   ; Stuck at GND due to stuck port data_in              ;
; vga_monitor:vga_monitor|text2[4][1][6]   ; Stuck at VCC due to stuck port data_in              ;
; vga_monitor:vga_monitor|text2[4][0][0]   ; Stuck at GND due to stuck port data_in              ;
; vga_monitor:vga_monitor|text2[4][0][1]   ; Stuck at GND due to stuck port data_in              ;
; vga_monitor:vga_monitor|text2[4][0][2]   ; Stuck at GND due to stuck port data_in              ;
; vga_monitor:vga_monitor|text2[4][0][3]   ; Stuck at GND due to stuck port data_in              ;
; vga_monitor:vga_monitor|text2[4][0][4]   ; Stuck at VCC due to stuck port data_in              ;
; vga_monitor:vga_monitor|text2[4][0][5]   ; Stuck at VCC due to stuck port data_in              ;
; vga_monitor:vga_monitor|text2[4][0][6]   ; Stuck at GND due to stuck port data_in              ;
; vga_monitor:vga_monitor|text2[3][3][0]   ; Stuck at GND due to stuck port data_in              ;
; vga_monitor:vga_monitor|text2[3][3][1]   ; Stuck at GND due to stuck port data_in              ;
; vga_monitor:vga_monitor|text2[3][3][2]   ; Stuck at GND due to stuck port data_in              ;
; vga_monitor:vga_monitor|text2[3][3][3]   ; Stuck at GND due to stuck port data_in              ;
; vga_monitor:vga_monitor|text2[3][3][4]   ; Stuck at GND due to stuck port data_in              ;
; vga_monitor:vga_monitor|text2[3][3][5]   ; Stuck at VCC due to stuck port data_in              ;
; vga_monitor:vga_monitor|text2[3][3][6]   ; Stuck at GND due to stuck port data_in              ;
; vga_monitor:vga_monitor|text2[3][2][0]   ; Stuck at GND due to stuck port data_in              ;
; vga_monitor:vga_monitor|text2[3][2][1]   ; Stuck at VCC due to stuck port data_in              ;
; vga_monitor:vga_monitor|text2[3][2][2]   ; Stuck at GND due to stuck port data_in              ;
; vga_monitor:vga_monitor|text2[3][2][3]   ; Stuck at VCC due to stuck port data_in              ;
; vga_monitor:vga_monitor|text2[3][2][4]   ; Stuck at VCC due to stuck port data_in              ;
; vga_monitor:vga_monitor|text2[3][2][5]   ; Stuck at VCC due to stuck port data_in              ;
; vga_monitor:vga_monitor|text2[3][2][6]   ; Stuck at GND due to stuck port data_in              ;
; vga_monitor:vga_monitor|text2[3][1][0]   ; Stuck at GND due to stuck port data_in              ;
; vga_monitor:vga_monitor|text2[3][1][1]   ; Stuck at GND due to stuck port data_in              ;
; vga_monitor:vga_monitor|text2[3][1][2]   ; Stuck at GND due to stuck port data_in              ;
; vga_monitor:vga_monitor|text2[3][1][3]   ; Stuck at VCC due to stuck port data_in              ;
; vga_monitor:vga_monitor|text2[3][1][4]   ; Stuck at VCC due to stuck port data_in              ;
; vga_monitor:vga_monitor|text2[3][1][5]   ; Stuck at VCC due to stuck port data_in              ;
; vga_monitor:vga_monitor|text2[3][1][6]   ; Stuck at GND due to stuck port data_in              ;
; vga_monitor:vga_monitor|text2[3][0][0]   ; Stuck at GND due to stuck port data_in              ;
; vga_monitor:vga_monitor|text2[3][0][1]   ; Stuck at GND due to stuck port data_in              ;
; vga_monitor:vga_monitor|text2[3][0][2]   ; Stuck at GND due to stuck port data_in              ;
; vga_monitor:vga_monitor|text2[3][0][3]   ; Stuck at GND due to stuck port data_in              ;
; vga_monitor:vga_monitor|text2[3][0][4]   ; Stuck at VCC due to stuck port data_in              ;
; vga_monitor:vga_monitor|text2[3][0][5]   ; Stuck at VCC due to stuck port data_in              ;
; vga_monitor:vga_monitor|text2[3][0][6]   ; Stuck at GND due to stuck port data_in              ;
; vga_monitor:vga_monitor|text2[2][3][0]   ; Stuck at GND due to stuck port data_in              ;
; vga_monitor:vga_monitor|text2[2][3][1]   ; Stuck at GND due to stuck port data_in              ;
; vga_monitor:vga_monitor|text2[2][3][2]   ; Stuck at GND due to stuck port data_in              ;
; vga_monitor:vga_monitor|text2[2][3][3]   ; Stuck at GND due to stuck port data_in              ;
; vga_monitor:vga_monitor|text2[2][3][4]   ; Stuck at GND due to stuck port data_in              ;
; vga_monitor:vga_monitor|text2[2][3][5]   ; Stuck at VCC due to stuck port data_in              ;
; vga_monitor:vga_monitor|text2[2][3][6]   ; Stuck at GND due to stuck port data_in              ;
; vga_monitor:vga_monitor|text2[2][2][0]   ; Stuck at GND due to stuck port data_in              ;
; vga_monitor:vga_monitor|text2[2][2][1]   ; Stuck at VCC due to stuck port data_in              ;
; vga_monitor:vga_monitor|text2[2][2][2]   ; Stuck at GND due to stuck port data_in              ;
; vga_monitor:vga_monitor|text2[2][2][3]   ; Stuck at VCC due to stuck port data_in              ;
; vga_monitor:vga_monitor|text2[2][2][4]   ; Stuck at VCC due to stuck port data_in              ;
; vga_monitor:vga_monitor|text2[2][2][5]   ; Stuck at VCC due to stuck port data_in              ;
; vga_monitor:vga_monitor|text2[2][2][6]   ; Stuck at GND due to stuck port data_in              ;
; vga_monitor:vga_monitor|text2[2][1][0]   ; Stuck at GND due to stuck port data_in              ;
; vga_monitor:vga_monitor|text2[2][1][1]   ; Stuck at GND due to stuck port data_in              ;
; vga_monitor:vga_monitor|text2[2][1][2]   ; Stuck at VCC due to stuck port data_in              ;
; vga_monitor:vga_monitor|text2[2][1][3]   ; Stuck at GND due to stuck port data_in              ;
; vga_monitor:vga_monitor|text2[2][1][4]   ; Stuck at VCC due to stuck port data_in              ;
; vga_monitor:vga_monitor|text2[2][1][5]   ; Stuck at VCC due to stuck port data_in              ;
; vga_monitor:vga_monitor|text2[2][1][6]   ; Stuck at GND due to stuck port data_in              ;
; vga_monitor:vga_monitor|text2[2][0][0]   ; Stuck at GND due to stuck port data_in              ;
; vga_monitor:vga_monitor|text2[2][0][1]   ; Stuck at GND due to stuck port data_in              ;
; vga_monitor:vga_monitor|text2[2][0][2]   ; Stuck at GND due to stuck port data_in              ;
; vga_monitor:vga_monitor|text2[2][0][3]   ; Stuck at GND due to stuck port data_in              ;
; vga_monitor:vga_monitor|text2[2][0][4]   ; Stuck at VCC due to stuck port data_in              ;
; vga_monitor:vga_monitor|text2[2][0][5]   ; Stuck at VCC due to stuck port data_in              ;
; vga_monitor:vga_monitor|text2[2][0][6]   ; Stuck at GND due to stuck port data_in              ;
; vga_monitor:vga_monitor|text2[1][3][0]   ; Stuck at GND due to stuck port data_in              ;
; vga_monitor:vga_monitor|text2[1][3][1]   ; Stuck at GND due to stuck port data_in              ;
; vga_monitor:vga_monitor|text2[1][3][2]   ; Stuck at GND due to stuck port data_in              ;
; vga_monitor:vga_monitor|text2[1][3][3]   ; Stuck at GND due to stuck port data_in              ;
; vga_monitor:vga_monitor|text2[1][3][4]   ; Stuck at GND due to stuck port data_in              ;
; vga_monitor:vga_monitor|text2[1][3][5]   ; Stuck at VCC due to stuck port data_in              ;
; vga_monitor:vga_monitor|text2[1][3][6]   ; Stuck at GND due to stuck port data_in              ;
; vga_monitor:vga_monitor|text2[1][2][0]   ; Stuck at GND due to stuck port data_in              ;
; vga_monitor:vga_monitor|text2[1][2][1]   ; Stuck at VCC due to stuck port data_in              ;
; vga_monitor:vga_monitor|text2[1][2][2]   ; Stuck at GND due to stuck port data_in              ;
; vga_monitor:vga_monitor|text2[1][2][3]   ; Stuck at VCC due to stuck port data_in              ;
; vga_monitor:vga_monitor|text2[1][2][4]   ; Stuck at VCC due to stuck port data_in              ;
; vga_monitor:vga_monitor|text2[1][2][5]   ; Stuck at VCC due to stuck port data_in              ;
; vga_monitor:vga_monitor|text2[1][2][6]   ; Stuck at GND due to stuck port data_in              ;
; vga_monitor:vga_monitor|text2[1][1][0]   ; Stuck at GND due to stuck port data_in              ;
; vga_monitor:vga_monitor|text2[1][1][1]   ; Stuck at GND due to stuck port data_in              ;
; vga_monitor:vga_monitor|text2[1][1][2]   ; Stuck at GND due to stuck port data_in              ;
; vga_monitor:vga_monitor|text2[1][1][3]   ; Stuck at GND due to stuck port data_in              ;
; vga_monitor:vga_monitor|text2[1][1][4]   ; Stuck at VCC due to stuck port data_in              ;
; vga_monitor:vga_monitor|text2[1][1][5]   ; Stuck at VCC due to stuck port data_in              ;
; vga_monitor:vga_monitor|text2[1][1][6]   ; Stuck at GND due to stuck port data_in              ;
; vga_monitor:vga_monitor|text2[1][0][0]   ; Stuck at GND due to stuck port data_in              ;
; vga_monitor:vga_monitor|text2[1][0][1]   ; Stuck at GND due to stuck port data_in              ;
; vga_monitor:vga_monitor|text2[1][0][2]   ; Stuck at GND due to stuck port data_in              ;
; vga_monitor:vga_monitor|text2[1][0][3]   ; Stuck at GND due to stuck port data_in              ;
; vga_monitor:vga_monitor|text2[1][0][4]   ; Stuck at VCC due to stuck port data_in              ;
; vga_monitor:vga_monitor|text2[1][0][5]   ; Stuck at VCC due to stuck port data_in              ;
; vga_monitor:vga_monitor|text2[1][0][6]   ; Stuck at GND due to stuck port data_in              ;
; vga_monitor:vga_monitor|text2[0][3][0]   ; Stuck at VCC due to stuck port data_in              ;
; vga_monitor:vga_monitor|text2[0][3][1]   ; Stuck at GND due to stuck port data_in              ;
; vga_monitor:vga_monitor|text2[0][3][2]   ; Stuck at VCC due to stuck port data_in              ;
; vga_monitor:vga_monitor|text2[0][3][3]   ; Stuck at VCC due to stuck port data_in              ;
; vga_monitor:vga_monitor|text2[0][3][4]   ; Stuck at GND due to stuck port data_in              ;
; vga_monitor:vga_monitor|text2[0][3][5]   ; Stuck at GND due to stuck port data_in              ;
; vga_monitor:vga_monitor|text2[0][3][6]   ; Stuck at VCC due to stuck port data_in              ;
; vga_monitor:vga_monitor|text2[0][2][0]   ; Stuck at VCC due to stuck port data_in              ;
; vga_monitor:vga_monitor|text2[0][2][1]   ; Stuck at GND due to stuck port data_in              ;
; vga_monitor:vga_monitor|text2[0][2][2]   ; Stuck at VCC due to stuck port data_in              ;
; vga_monitor:vga_monitor|text2[0][2][3]   ; Stuck at GND due to stuck port data_in              ;
; vga_monitor:vga_monitor|text2[0][2][4]   ; Stuck at GND due to stuck port data_in              ;
; vga_monitor:vga_monitor|text2[0][2][5]   ; Stuck at GND due to stuck port data_in              ;
; vga_monitor:vga_monitor|text2[0][2][6]   ; Stuck at VCC due to stuck port data_in              ;
; vga_monitor:vga_monitor|text2[0][1][0]   ; Stuck at VCC due to stuck port data_in              ;
; vga_monitor:vga_monitor|text2[0][1][1]   ; Stuck at GND due to stuck port data_in              ;
; vga_monitor:vga_monitor|text2[0][1][2]   ; Stuck at VCC due to stuck port data_in              ;
; vga_monitor:vga_monitor|text2[0][1][3]   ; Stuck at VCC due to stuck port data_in              ;
; vga_monitor:vga_monitor|text2[0][1][4]   ; Stuck at GND due to stuck port data_in              ;
; vga_monitor:vga_monitor|text2[0][1][5]   ; Stuck at GND due to stuck port data_in              ;
; vga_monitor:vga_monitor|text2[0][1][6]   ; Stuck at VCC due to stuck port data_in              ;
; vga_monitor:vga_monitor|text2[0][0][0]   ; Stuck at GND due to stuck port data_in              ;
; vga_monitor:vga_monitor|text2[0][0][1]   ; Stuck at GND due to stuck port data_in              ;
; vga_monitor:vga_monitor|text2[0][0][2]   ; Stuck at VCC due to stuck port data_in              ;
; vga_monitor:vga_monitor|text2[0][0][3]   ; Stuck at GND due to stuck port data_in              ;
; vga_monitor:vga_monitor|text2[0][0][4]   ; Stuck at GND due to stuck port data_in              ;
; vga_monitor:vga_monitor|text2[0][0][5]   ; Stuck at GND due to stuck port data_in              ;
; vga_monitor:vga_monitor|text2[0][0][6]   ; Stuck at VCC due to stuck port data_in              ;
; vga_monitor:vga_monitor|text[19][4][0]   ; Stuck at GND due to stuck port data_in              ;
; vga_monitor:vga_monitor|text[19][4][1]   ; Stuck at GND due to stuck port data_in              ;
; vga_monitor:vga_monitor|text[19][4][2]   ; Stuck at GND due to stuck port data_in              ;
; vga_monitor:vga_monitor|text[19][4][3]   ; Stuck at GND due to stuck port data_in              ;
; vga_monitor:vga_monitor|text[19][4][4]   ; Stuck at VCC due to stuck port data_in              ;
; vga_monitor:vga_monitor|text[19][4][5]   ; Stuck at VCC due to stuck port data_in              ;
; vga_monitor:vga_monitor|text[19][4][6]   ; Stuck at GND due to stuck port data_in              ;
; vga_monitor:vga_monitor|text[19][3][0]   ; Stuck at GND due to stuck port data_in              ;
; vga_monitor:vga_monitor|text[19][3][1]   ; Stuck at VCC due to stuck port data_in              ;
; vga_monitor:vga_monitor|text[19][3][2]   ; Stuck at GND due to stuck port data_in              ;
; vga_monitor:vga_monitor|text[19][3][3]   ; Stuck at VCC due to stuck port data_in              ;
; vga_monitor:vga_monitor|text[19][3][4]   ; Stuck at VCC due to stuck port data_in              ;
; vga_monitor:vga_monitor|text[19][3][5]   ; Stuck at VCC due to stuck port data_in              ;
; vga_monitor:vga_monitor|text[19][3][6]   ; Stuck at GND due to stuck port data_in              ;
; vga_monitor:vga_monitor|text[19][2][0]   ; Stuck at GND due to stuck port data_in              ;
; vga_monitor:vga_monitor|text[19][2][1]   ; Stuck at GND due to stuck port data_in              ;
; vga_monitor:vga_monitor|text[19][2][2]   ; Stuck at VCC due to stuck port data_in              ;
; vga_monitor:vga_monitor|text[19][2][3]   ; Stuck at VCC due to stuck port data_in              ;
; vga_monitor:vga_monitor|text[19][2][4]   ; Stuck at GND due to stuck port data_in              ;
; vga_monitor:vga_monitor|text[19][2][5]   ; Stuck at GND due to stuck port data_in              ;
; vga_monitor:vga_monitor|text[19][2][6]   ; Stuck at VCC due to stuck port data_in              ;
; vga_monitor:vga_monitor|text[19][1][0]   ; Stuck at VCC due to stuck port data_in              ;
; vga_monitor:vga_monitor|text[19][1][1]   ; Stuck at GND due to stuck port data_in              ;
; vga_monitor:vga_monitor|text[19][1][2]   ; Stuck at GND due to stuck port data_in              ;
; vga_monitor:vga_monitor|text[19][1][3]   ; Stuck at GND due to stuck port data_in              ;
; vga_monitor:vga_monitor|text[19][1][4]   ; Stuck at GND due to stuck port data_in              ;
; vga_monitor:vga_monitor|text[19][1][5]   ; Stuck at GND due to stuck port data_in              ;
; vga_monitor:vga_monitor|text[19][1][6]   ; Stuck at VCC due to stuck port data_in              ;
; vga_monitor:vga_monitor|text[19][0][0]   ; Stuck at GND due to stuck port data_in              ;
; vga_monitor:vga_monitor|text[19][0][1]   ; Stuck at VCC due to stuck port data_in              ;
; vga_monitor:vga_monitor|text[19][0][2]   ; Stuck at GND due to stuck port data_in              ;
; vga_monitor:vga_monitor|text[19][0][3]   ; Stuck at VCC due to stuck port data_in              ;
; vga_monitor:vga_monitor|text[19][0][4]   ; Stuck at GND due to stuck port data_in              ;
; vga_monitor:vga_monitor|text[19][0][5]   ; Stuck at GND due to stuck port data_in              ;
; vga_monitor:vga_monitor|text[19][0][6]   ; Stuck at VCC due to stuck port data_in              ;
; vga_monitor:vga_monitor|text[18][5][0]   ; Stuck at GND due to stuck port data_in              ;
; vga_monitor:vga_monitor|text[18][5][1]   ; Stuck at GND due to stuck port data_in              ;
; vga_monitor:vga_monitor|text[18][5][2]   ; Stuck at GND due to stuck port data_in              ;
; vga_monitor:vga_monitor|text[18][5][3]   ; Stuck at GND due to stuck port data_in              ;
; vga_monitor:vga_monitor|text[18][5][4]   ; Stuck at VCC due to stuck port data_in              ;
; vga_monitor:vga_monitor|text[18][5][5]   ; Stuck at VCC due to stuck port data_in              ;
; vga_monitor:vga_monitor|text[18][5][6]   ; Stuck at GND due to stuck port data_in              ;
; vga_monitor:vga_monitor|text[18][4][0]   ; Stuck at GND due to stuck port data_in              ;
; vga_monitor:vga_monitor|text[18][4][1]   ; Stuck at VCC due to stuck port data_in              ;
; vga_monitor:vga_monitor|text[18][4][2]   ; Stuck at GND due to stuck port data_in              ;
; vga_monitor:vga_monitor|text[18][4][3]   ; Stuck at VCC due to stuck port data_in              ;
; vga_monitor:vga_monitor|text[18][4][4]   ; Stuck at VCC due to stuck port data_in              ;
; vga_monitor:vga_monitor|text[18][4][5]   ; Stuck at VCC due to stuck port data_in              ;
; vga_monitor:vga_monitor|text[18][4][6]   ; Stuck at GND due to stuck port data_in              ;
; vga_monitor:vga_monitor|text[18][3][0]   ; Stuck at GND due to stuck port data_in              ;
; vga_monitor:vga_monitor|text[18][3][1]   ; Stuck at VCC due to stuck port data_in              ;
; vga_monitor:vga_monitor|text[18][3][2]   ; Stuck at GND due to stuck port data_in              ;
; vga_monitor:vga_monitor|text[18][3][3]   ; Stuck at GND due to stuck port data_in              ;
; vga_monitor:vga_monitor|text[18][3][4]   ; Stuck at VCC due to stuck port data_in              ;
; vga_monitor:vga_monitor|text[18][3][5]   ; Stuck at GND due to stuck port data_in              ;
; vga_monitor:vga_monitor|text[18][3][6]   ; Stuck at VCC due to stuck port data_in              ;
; vga_monitor:vga_monitor|text[18][2][0]   ; Stuck at GND due to stuck port data_in              ;
; vga_monitor:vga_monitor|text[18][2][1]   ; Stuck at GND due to stuck port data_in              ;
; vga_monitor:vga_monitor|text[18][2][2]   ; Stuck at VCC due to stuck port data_in              ;
; vga_monitor:vga_monitor|text[18][2][3]   ; Stuck at VCC due to stuck port data_in              ;
; vga_monitor:vga_monitor|text[18][2][4]   ; Stuck at GND due to stuck port data_in              ;
; vga_monitor:vga_monitor|text[18][2][5]   ; Stuck at GND due to stuck port data_in              ;
; vga_monitor:vga_monitor|text[18][2][6]   ; Stuck at VCC due to stuck port data_in              ;
; vga_monitor:vga_monitor|text[18][1][0]   ; Stuck at GND due to stuck port data_in              ;
; vga_monitor:vga_monitor|text[18][1][1]   ; Stuck at VCC due to stuck port data_in              ;
; vga_monitor:vga_monitor|text[18][1][2]   ; Stuck at GND due to stuck port data_in              ;
; vga_monitor:vga_monitor|text[18][1][3]   ; Stuck at VCC due to stuck port data_in              ;
; vga_monitor:vga_monitor|text[18][1][4]   ; Stuck at GND due to stuck port data_in              ;
; vga_monitor:vga_monitor|text[18][1][5]   ; Stuck at GND due to stuck port data_in              ;
; vga_monitor:vga_monitor|text[18][1][6]   ; Stuck at VCC due to stuck port data_in              ;
; vga_monitor:vga_monitor|text[17][3][0]   ; Stuck at GND due to stuck port data_in              ;
; vga_monitor:vga_monitor|text[17][3][1]   ; Stuck at VCC due to stuck port data_in              ;
; vga_monitor:vga_monitor|text[17][3][2]   ; Stuck at GND due to stuck port data_in              ;
; vga_monitor:vga_monitor|text[17][3][3]   ; Stuck at VCC due to stuck port data_in              ;
; vga_monitor:vga_monitor|text[17][3][4]   ; Stuck at VCC due to stuck port data_in              ;
; vga_monitor:vga_monitor|text[17][3][5]   ; Stuck at VCC due to stuck port data_in              ;
; vga_monitor:vga_monitor|text[17][3][6]   ; Stuck at GND due to stuck port data_in              ;
; vga_monitor:vga_monitor|text[17][2][0]   ; Stuck at VCC due to stuck port data_in              ;
; vga_monitor:vga_monitor|text[17][2][1]   ; Stuck at VCC due to stuck port data_in              ;
; vga_monitor:vga_monitor|text[17][2][2]   ; Stuck at VCC due to stuck port data_in              ;
; vga_monitor:vga_monitor|text[17][2][3]   ; Stuck at GND due to stuck port data_in              ;
; vga_monitor:vga_monitor|text[17][2][4]   ; Stuck at GND due to stuck port data_in              ;
; vga_monitor:vga_monitor|text[17][2][5]   ; Stuck at GND due to stuck port data_in              ;
; vga_monitor:vga_monitor|text[17][2][6]   ; Stuck at VCC due to stuck port data_in              ;
; vga_monitor:vga_monitor|text[17][1][0]   ; Stuck at GND due to stuck port data_in              ;
; vga_monitor:vga_monitor|text[17][1][1]   ; Stuck at GND due to stuck port data_in              ;
; vga_monitor:vga_monitor|text[17][1][2]   ; Stuck at VCC due to stuck port data_in              ;
; vga_monitor:vga_monitor|text[17][1][3]   ; Stuck at GND due to stuck port data_in              ;
; vga_monitor:vga_monitor|text[17][1][4]   ; Stuck at VCC due to stuck port data_in              ;
; vga_monitor:vga_monitor|text[17][1][5]   ; Stuck at GND due to stuck port data_in              ;
; vga_monitor:vga_monitor|text[17][1][6]   ; Stuck at VCC due to stuck port data_in              ;
; vga_monitor:vga_monitor|text[17][0][0]   ; Stuck at GND due to stuck port data_in              ;
; vga_monitor:vga_monitor|text[17][0][1]   ; Stuck at VCC due to stuck port data_in              ;
; vga_monitor:vga_monitor|text[17][0][2]   ; Stuck at GND due to stuck port data_in              ;
; vga_monitor:vga_monitor|text[17][0][3]   ; Stuck at GND due to stuck port data_in              ;
; vga_monitor:vga_monitor|text[17][0][4]   ; Stuck at GND due to stuck port data_in              ;
; vga_monitor:vga_monitor|text[17][0][5]   ; Stuck at GND due to stuck port data_in              ;
; vga_monitor:vga_monitor|text[17][0][6]   ; Stuck at VCC due to stuck port data_in              ;
; vga_monitor:vga_monitor|text[16][4][0]   ; Stuck at GND due to stuck port data_in              ;
; vga_monitor:vga_monitor|text[16][4][1]   ; Stuck at GND due to stuck port data_in              ;
; vga_monitor:vga_monitor|text[16][4][2]   ; Stuck at GND due to stuck port data_in              ;
; vga_monitor:vga_monitor|text[16][4][3]   ; Stuck at GND due to stuck port data_in              ;
; vga_monitor:vga_monitor|text[16][4][4]   ; Stuck at VCC due to stuck port data_in              ;
; vga_monitor:vga_monitor|text[16][4][5]   ; Stuck at VCC due to stuck port data_in              ;
; vga_monitor:vga_monitor|text[16][4][6]   ; Stuck at GND due to stuck port data_in              ;
; vga_monitor:vga_monitor|text[16][3][0]   ; Stuck at GND due to stuck port data_in              ;
; vga_monitor:vga_monitor|text[16][3][1]   ; Stuck at VCC due to stuck port data_in              ;
; vga_monitor:vga_monitor|text[16][3][2]   ; Stuck at GND due to stuck port data_in              ;
; vga_monitor:vga_monitor|text[16][3][3]   ; Stuck at VCC due to stuck port data_in              ;
; vga_monitor:vga_monitor|text[16][3][4]   ; Stuck at VCC due to stuck port data_in              ;
; vga_monitor:vga_monitor|text[16][3][5]   ; Stuck at VCC due to stuck port data_in              ;
; vga_monitor:vga_monitor|text[16][3][6]   ; Stuck at GND due to stuck port data_in              ;
; vga_monitor:vga_monitor|text[16][2][0]   ; Stuck at VCC due to stuck port data_in              ;
; vga_monitor:vga_monitor|text[16][2][1]   ; Stuck at VCC due to stuck port data_in              ;
; vga_monitor:vga_monitor|text[16][2][2]   ; Stuck at GND due to stuck port data_in              ;
; vga_monitor:vga_monitor|text[16][2][3]   ; Stuck at VCC due to stuck port data_in              ;
; vga_monitor:vga_monitor|text[16][2][4]   ; Stuck at GND due to stuck port data_in              ;
; vga_monitor:vga_monitor|text[16][2][5]   ; Stuck at GND due to stuck port data_in              ;
; vga_monitor:vga_monitor|text[16][2][6]   ; Stuck at VCC due to stuck port data_in              ;
; vga_monitor:vga_monitor|text[16][1][0]   ; Stuck at GND due to stuck port data_in              ;
; vga_monitor:vga_monitor|text[16][1][1]   ; Stuck at GND due to stuck port data_in              ;
; vga_monitor:vga_monitor|text[16][1][2]   ; Stuck at VCC due to stuck port data_in              ;
; vga_monitor:vga_monitor|text[16][1][3]   ; Stuck at GND due to stuck port data_in              ;
; vga_monitor:vga_monitor|text[16][1][4]   ; Stuck at VCC due to stuck port data_in              ;
; vga_monitor:vga_monitor|text[16][1][5]   ; Stuck at GND due to stuck port data_in              ;
; vga_monitor:vga_monitor|text[16][1][6]   ; Stuck at VCC due to stuck port data_in              ;
; vga_monitor:vga_monitor|text[16][0][0]   ; Stuck at GND due to stuck port data_in              ;
; vga_monitor:vga_monitor|text[16][0][1]   ; Stuck at VCC due to stuck port data_in              ;
; vga_monitor:vga_monitor|text[16][0][2]   ; Stuck at GND due to stuck port data_in              ;
; vga_monitor:vga_monitor|text[16][0][3]   ; Stuck at GND due to stuck port data_in              ;
; vga_monitor:vga_monitor|text[16][0][4]   ; Stuck at GND due to stuck port data_in              ;
; vga_monitor:vga_monitor|text[16][0][5]   ; Stuck at GND due to stuck port data_in              ;
; vga_monitor:vga_monitor|text[16][0][6]   ; Stuck at VCC due to stuck port data_in              ;
; vga_monitor:vga_monitor|text[15][6][0]   ; Stuck at GND due to stuck port data_in              ;
; vga_monitor:vga_monitor|text[15][6][1]   ; Stuck at GND due to stuck port data_in              ;
; vga_monitor:vga_monitor|text[15][6][2]   ; Stuck at GND due to stuck port data_in              ;
; vga_monitor:vga_monitor|text[15][6][3]   ; Stuck at GND due to stuck port data_in              ;
; vga_monitor:vga_monitor|text[15][6][4]   ; Stuck at VCC due to stuck port data_in              ;
; vga_monitor:vga_monitor|text[15][6][5]   ; Stuck at VCC due to stuck port data_in              ;
; vga_monitor:vga_monitor|text[15][6][6]   ; Stuck at GND due to stuck port data_in              ;
; vga_monitor:vga_monitor|text[15][5][0]   ; Stuck at GND due to stuck port data_in              ;
; vga_monitor:vga_monitor|text[15][5][1]   ; Stuck at GND due to stuck port data_in              ;
; vga_monitor:vga_monitor|text[15][5][2]   ; Stuck at GND due to stuck port data_in              ;
; vga_monitor:vga_monitor|text[15][5][3]   ; Stuck at GND due to stuck port data_in              ;
; vga_monitor:vga_monitor|text[15][5][4]   ; Stuck at VCC due to stuck port data_in              ;
; vga_monitor:vga_monitor|text[15][5][5]   ; Stuck at VCC due to stuck port data_in              ;
; vga_monitor:vga_monitor|text[15][5][6]   ; Stuck at GND due to stuck port data_in              ;
; vga_monitor:vga_monitor|text[15][4][0]   ; Stuck at GND due to stuck port data_in              ;
; vga_monitor:vga_monitor|text[15][4][1]   ; Stuck at GND due to stuck port data_in              ;
; vga_monitor:vga_monitor|text[15][4][2]   ; Stuck at GND due to stuck port data_in              ;
; vga_monitor:vga_monitor|text[15][4][3]   ; Stuck at GND due to stuck port data_in              ;
; vga_monitor:vga_monitor|text[15][4][4]   ; Stuck at VCC due to stuck port data_in              ;
; vga_monitor:vga_monitor|text[15][4][5]   ; Stuck at VCC due to stuck port data_in              ;
; vga_monitor:vga_monitor|text[15][4][6]   ; Stuck at GND due to stuck port data_in              ;
; vga_monitor:vga_monitor|text[15][3][0]   ; Stuck at GND due to stuck port data_in              ;
; vga_monitor:vga_monitor|text[15][3][1]   ; Stuck at VCC due to stuck port data_in              ;
; vga_monitor:vga_monitor|text[15][3][2]   ; Stuck at GND due to stuck port data_in              ;
; vga_monitor:vga_monitor|text[15][3][3]   ; Stuck at VCC due to stuck port data_in              ;
; vga_monitor:vga_monitor|text[15][3][4]   ; Stuck at VCC due to stuck port data_in              ;
; vga_monitor:vga_monitor|text[15][3][5]   ; Stuck at VCC due to stuck port data_in              ;
; vga_monitor:vga_monitor|text[15][3][6]   ; Stuck at GND due to stuck port data_in              ;
; vga_monitor:vga_monitor|text[15][2][0]   ; Stuck at GND due to stuck port data_in              ;
; vga_monitor:vga_monitor|text[15][2][1]   ; Stuck at GND due to stuck port data_in              ;
; vga_monitor:vga_monitor|text[15][2][2]   ; Stuck at GND due to stuck port data_in              ;
; vga_monitor:vga_monitor|text[15][2][3]   ; Stuck at GND due to stuck port data_in              ;
; vga_monitor:vga_monitor|text[15][2][4]   ; Stuck at VCC due to stuck port data_in              ;
; vga_monitor:vga_monitor|text[15][2][5]   ; Stuck at GND due to stuck port data_in              ;
; vga_monitor:vga_monitor|text[15][2][6]   ; Stuck at VCC due to stuck port data_in              ;
; vga_monitor:vga_monitor|text[15][1][0]   ; Stuck at VCC due to stuck port data_in              ;
; vga_monitor:vga_monitor|text[15][1][1]   ; Stuck at VCC due to stuck port data_in              ;
; vga_monitor:vga_monitor|text[15][1][2]   ; Stuck at VCC due to stuck port data_in              ;
; vga_monitor:vga_monitor|text[15][1][3]   ; Stuck at VCC due to stuck port data_in              ;
; vga_monitor:vga_monitor|text[15][1][4]   ; Stuck at GND due to stuck port data_in              ;
; vga_monitor:vga_monitor|text[15][1][5]   ; Stuck at GND due to stuck port data_in              ;
; vga_monitor:vga_monitor|text[15][1][6]   ; Stuck at VCC due to stuck port data_in              ;
; vga_monitor:vga_monitor|text[15][0][0]   ; Stuck at GND due to stuck port data_in              ;
; vga_monitor:vga_monitor|text[15][0][1]   ; Stuck at VCC due to stuck port data_in              ;
; vga_monitor:vga_monitor|text[15][0][2]   ; Stuck at GND due to stuck port data_in              ;
; vga_monitor:vga_monitor|text[15][0][3]   ; Stuck at GND due to stuck port data_in              ;
; vga_monitor:vga_monitor|text[15][0][4]   ; Stuck at GND due to stuck port data_in              ;
; vga_monitor:vga_monitor|text[15][0][5]   ; Stuck at GND due to stuck port data_in              ;
; vga_monitor:vga_monitor|text[15][0][6]   ; Stuck at VCC due to stuck port data_in              ;
; vga_monitor:vga_monitor|text[14][3][0]   ; Stuck at GND due to stuck port data_in              ;
; vga_monitor:vga_monitor|text[14][3][1]   ; Stuck at GND due to stuck port data_in              ;
; vga_monitor:vga_monitor|text[14][3][2]   ; Stuck at GND due to stuck port data_in              ;
; vga_monitor:vga_monitor|text[14][3][3]   ; Stuck at GND due to stuck port data_in              ;
; vga_monitor:vga_monitor|text[14][3][4]   ; Stuck at GND due to stuck port data_in              ;
; vga_monitor:vga_monitor|text[14][3][5]   ; Stuck at VCC due to stuck port data_in              ;
; vga_monitor:vga_monitor|text[14][3][6]   ; Stuck at GND due to stuck port data_in              ;
; vga_monitor:vga_monitor|text[14][2][0]   ; Stuck at VCC due to stuck port data_in              ;
; vga_monitor:vga_monitor|text[14][2][1]   ; Stuck at VCC due to stuck port data_in              ;
; vga_monitor:vga_monitor|text[14][2][2]   ; Stuck at GND due to stuck port data_in              ;
; vga_monitor:vga_monitor|text[14][2][3]   ; Stuck at GND due to stuck port data_in              ;
; vga_monitor:vga_monitor|text[14][2][4]   ; Stuck at GND due to stuck port data_in              ;
; vga_monitor:vga_monitor|text[14][2][5]   ; Stuck at GND due to stuck port data_in              ;
; vga_monitor:vga_monitor|text[14][2][6]   ; Stuck at VCC due to stuck port data_in              ;
; vga_monitor:vga_monitor|text[14][1][0]   ; Stuck at VCC due to stuck port data_in              ;
; vga_monitor:vga_monitor|text[14][1][1]   ; Stuck at VCC due to stuck port data_in              ;
; vga_monitor:vga_monitor|text[14][1][2]   ; Stuck at GND due to stuck port data_in              ;
; vga_monitor:vga_monitor|text[14][1][3]   ; Stuck at GND due to stuck port data_in              ;
; vga_monitor:vga_monitor|text[14][1][4]   ; Stuck at VCC due to stuck port data_in              ;
; vga_monitor:vga_monitor|text[14][1][5]   ; Stuck at GND due to stuck port data_in              ;
; vga_monitor:vga_monitor|text[14][1][6]   ; Stuck at VCC due to stuck port data_in              ;
; vga_monitor:vga_monitor|text[14][0][0]   ; Stuck at VCC due to stuck port data_in              ;
; vga_monitor:vga_monitor|text[14][0][1]   ; Stuck at GND due to stuck port data_in              ;
; vga_monitor:vga_monitor|text[14][0][2]   ; Stuck at GND due to stuck port data_in              ;
; vga_monitor:vga_monitor|text[14][0][3]   ; Stuck at VCC due to stuck port data_in              ;
; vga_monitor:vga_monitor|text[14][0][4]   ; Stuck at GND due to stuck port data_in              ;
; vga_monitor:vga_monitor|text[14][0][5]   ; Stuck at GND due to stuck port data_in              ;
; vga_monitor:vga_monitor|text[14][0][6]   ; Stuck at VCC due to stuck port data_in              ;
; vga_monitor:vga_monitor|text[13][3][0]   ; Stuck at GND due to stuck port data_in              ;
; vga_monitor:vga_monitor|text[13][3][1]   ; Stuck at GND due to stuck port data_in              ;
; vga_monitor:vga_monitor|text[13][3][2]   ; Stuck at GND due to stuck port data_in              ;
; vga_monitor:vga_monitor|text[13][3][3]   ; Stuck at GND due to stuck port data_in              ;
; vga_monitor:vga_monitor|text[13][3][4]   ; Stuck at GND due to stuck port data_in              ;
; vga_monitor:vga_monitor|text[13][3][5]   ; Stuck at VCC due to stuck port data_in              ;
; vga_monitor:vga_monitor|text[13][3][6]   ; Stuck at GND due to stuck port data_in              ;
; vga_monitor:vga_monitor|text[13][2][0]   ; Stuck at VCC due to stuck port data_in              ;
; vga_monitor:vga_monitor|text[13][2][1]   ; Stuck at GND due to stuck port data_in              ;
; vga_monitor:vga_monitor|text[13][2][2]   ; Stuck at VCC due to stuck port data_in              ;
; vga_monitor:vga_monitor|text[13][2][3]   ; Stuck at VCC due to stuck port data_in              ;
; vga_monitor:vga_monitor|text[13][2][4]   ; Stuck at GND due to stuck port data_in              ;
; vga_monitor:vga_monitor|text[13][2][5]   ; Stuck at GND due to stuck port data_in              ;
; vga_monitor:vga_monitor|text[13][2][6]   ; Stuck at VCC due to stuck port data_in              ;
; vga_monitor:vga_monitor|text[13][1][0]   ; Stuck at VCC due to stuck port data_in              ;
; vga_monitor:vga_monitor|text[13][1][1]   ; Stuck at GND due to stuck port data_in              ;
; vga_monitor:vga_monitor|text[13][1][2]   ; Stuck at VCC due to stuck port data_in              ;
; vga_monitor:vga_monitor|text[13][1][3]   ; Stuck at VCC due to stuck port data_in              ;
; vga_monitor:vga_monitor|text[13][1][4]   ; Stuck at GND due to stuck port data_in              ;
; vga_monitor:vga_monitor|text[13][1][5]   ; Stuck at GND due to stuck port data_in              ;
; vga_monitor:vga_monitor|text[13][1][6]   ; Stuck at VCC due to stuck port data_in              ;
; vga_monitor:vga_monitor|text[13][0][0]   ; Stuck at VCC due to stuck port data_in              ;
; vga_monitor:vga_monitor|text[13][0][1]   ; Stuck at GND due to stuck port data_in              ;
; vga_monitor:vga_monitor|text[13][0][2]   ; Stuck at GND due to stuck port data_in              ;
; vga_monitor:vga_monitor|text[13][0][3]   ; Stuck at VCC due to stuck port data_in              ;
; vga_monitor:vga_monitor|text[13][0][4]   ; Stuck at GND due to stuck port data_in              ;
; vga_monitor:vga_monitor|text[13][0][5]   ; Stuck at GND due to stuck port data_in              ;
; vga_monitor:vga_monitor|text[13][0][6]   ; Stuck at VCC due to stuck port data_in              ;
; vga_monitor:vga_monitor|text[12][3][0]   ; Stuck at GND due to stuck port data_in              ;
; vga_monitor:vga_monitor|text[12][3][1]   ; Stuck at GND due to stuck port data_in              ;
; vga_monitor:vga_monitor|text[12][3][2]   ; Stuck at GND due to stuck port data_in              ;
; vga_monitor:vga_monitor|text[12][3][3]   ; Stuck at GND due to stuck port data_in              ;
; vga_monitor:vga_monitor|text[12][3][4]   ; Stuck at GND due to stuck port data_in              ;
; vga_monitor:vga_monitor|text[12][3][5]   ; Stuck at VCC due to stuck port data_in              ;
; vga_monitor:vga_monitor|text[12][3][6]   ; Stuck at GND due to stuck port data_in              ;
; vga_monitor:vga_monitor|text[12][2][0]   ; Stuck at GND due to stuck port data_in              ;
; vga_monitor:vga_monitor|text[12][2][1]   ; Stuck at VCC due to stuck port data_in              ;
; vga_monitor:vga_monitor|text[12][2][2]   ; Stuck at GND due to stuck port data_in              ;
; vga_monitor:vga_monitor|text[12][2][3]   ; Stuck at GND due to stuck port data_in              ;
; vga_monitor:vga_monitor|text[12][2][4]   ; Stuck at GND due to stuck port data_in              ;
; vga_monitor:vga_monitor|text[12][2][5]   ; Stuck at GND due to stuck port data_in              ;
; vga_monitor:vga_monitor|text[12][2][6]   ; Stuck at VCC due to stuck port data_in              ;
; vga_monitor:vga_monitor|text[12][1][0]   ; Stuck at GND due to stuck port data_in              ;
; vga_monitor:vga_monitor|text[12][1][1]   ; Stuck at GND due to stuck port data_in              ;
; vga_monitor:vga_monitor|text[12][1][2]   ; Stuck at VCC due to stuck port data_in              ;
; vga_monitor:vga_monitor|text[12][1][3]   ; Stuck at VCC due to stuck port data_in              ;
; vga_monitor:vga_monitor|text[12][1][4]   ; Stuck at GND due to stuck port data_in              ;
; vga_monitor:vga_monitor|text[12][1][5]   ; Stuck at GND due to stuck port data_in              ;
; vga_monitor:vga_monitor|text[12][1][6]   ; Stuck at VCC due to stuck port data_in              ;
; vga_monitor:vga_monitor|text[12][0][0]   ; Stuck at VCC due to stuck port data_in              ;
; vga_monitor:vga_monitor|text[12][0][1]   ; Stuck at GND due to stuck port data_in              ;
; vga_monitor:vga_monitor|text[12][0][2]   ; Stuck at GND due to stuck port data_in              ;
; vga_monitor:vga_monitor|text[12][0][3]   ; Stuck at GND due to stuck port data_in              ;
; vga_monitor:vga_monitor|text[12][0][4]   ; Stuck at GND due to stuck port data_in              ;
; vga_monitor:vga_monitor|text[12][0][5]   ; Stuck at GND due to stuck port data_in              ;
; vga_monitor:vga_monitor|text[12][0][6]   ; Stuck at VCC due to stuck port data_in              ;
; vga_monitor:vga_monitor|text[11][3][0]   ; Stuck at GND due to stuck port data_in              ;
; vga_monitor:vga_monitor|text[11][3][1]   ; Stuck at GND due to stuck port data_in              ;
; vga_monitor:vga_monitor|text[11][3][2]   ; Stuck at GND due to stuck port data_in              ;
; vga_monitor:vga_monitor|text[11][3][3]   ; Stuck at GND due to stuck port data_in              ;
; vga_monitor:vga_monitor|text[11][3][4]   ; Stuck at GND due to stuck port data_in              ;
; vga_monitor:vga_monitor|text[11][3][5]   ; Stuck at VCC due to stuck port data_in              ;
; vga_monitor:vga_monitor|text[11][3][6]   ; Stuck at GND due to stuck port data_in              ;
; vga_monitor:vga_monitor|text[11][2][0]   ; Stuck at GND due to stuck port data_in              ;
; vga_monitor:vga_monitor|text[11][2][1]   ; Stuck at GND due to stuck port data_in              ;
; vga_monitor:vga_monitor|text[11][2][2]   ; Stuck at GND due to stuck port data_in              ;
; vga_monitor:vga_monitor|text[11][2][3]   ; Stuck at GND due to stuck port data_in              ;
; vga_monitor:vga_monitor|text[11][2][4]   ; Stuck at VCC due to stuck port data_in              ;
; vga_monitor:vga_monitor|text[11][2][5]   ; Stuck at GND due to stuck port data_in              ;
; vga_monitor:vga_monitor|text[11][2][6]   ; Stuck at VCC due to stuck port data_in              ;
; vga_monitor:vga_monitor|text[11][1][0]   ; Stuck at VCC due to stuck port data_in              ;
; vga_monitor:vga_monitor|text[11][1][1]   ; Stuck at VCC due to stuck port data_in              ;
; vga_monitor:vga_monitor|text[11][1][2]   ; Stuck at VCC due to stuck port data_in              ;
; vga_monitor:vga_monitor|text[11][1][3]   ; Stuck at VCC due to stuck port data_in              ;
; vga_monitor:vga_monitor|text[11][1][4]   ; Stuck at GND due to stuck port data_in              ;
; vga_monitor:vga_monitor|text[11][1][5]   ; Stuck at GND due to stuck port data_in              ;
; vga_monitor:vga_monitor|text[11][1][6]   ; Stuck at VCC due to stuck port data_in              ;
; vga_monitor:vga_monitor|text[11][0][0]   ; Stuck at VCC due to stuck port data_in              ;
; vga_monitor:vga_monitor|text[11][0][1]   ; Stuck at GND due to stuck port data_in              ;
; vga_monitor:vga_monitor|text[11][0][2]   ; Stuck at GND due to stuck port data_in              ;
; vga_monitor:vga_monitor|text[11][0][3]   ; Stuck at GND due to stuck port data_in              ;
; vga_monitor:vga_monitor|text[11][0][4]   ; Stuck at GND due to stuck port data_in              ;
; vga_monitor:vga_monitor|text[11][0][5]   ; Stuck at GND due to stuck port data_in              ;
; vga_monitor:vga_monitor|text[11][0][6]   ; Stuck at VCC due to stuck port data_in              ;
; vga_monitor:vga_monitor|text[10][3][0]   ; Stuck at GND due to stuck port data_in              ;
; vga_monitor:vga_monitor|text[10][3][1]   ; Stuck at GND due to stuck port data_in              ;
; vga_monitor:vga_monitor|text[10][3][2]   ; Stuck at GND due to stuck port data_in              ;
; vga_monitor:vga_monitor|text[10][3][3]   ; Stuck at GND due to stuck port data_in              ;
; vga_monitor:vga_monitor|text[10][3][4]   ; Stuck at GND due to stuck port data_in              ;
; vga_monitor:vga_monitor|text[10][3][5]   ; Stuck at VCC due to stuck port data_in              ;
; vga_monitor:vga_monitor|text[10][3][6]   ; Stuck at GND due to stuck port data_in              ;
; vga_monitor:vga_monitor|text[10][2][0]   ; Stuck at GND due to stuck port data_in              ;
; vga_monitor:vga_monitor|text[10][2][1]   ; Stuck at VCC due to stuck port data_in              ;
; vga_monitor:vga_monitor|text[10][2][2]   ; Stuck at GND due to stuck port data_in              ;
; vga_monitor:vga_monitor|text[10][2][3]   ; Stuck at VCC due to stuck port data_in              ;
; vga_monitor:vga_monitor|text[10][2][4]   ; Stuck at VCC due to stuck port data_in              ;
; vga_monitor:vga_monitor|text[10][2][5]   ; Stuck at VCC due to stuck port data_in              ;
; vga_monitor:vga_monitor|text[10][2][6]   ; Stuck at GND due to stuck port data_in              ;
; vga_monitor:vga_monitor|text[10][1][0]   ; Stuck at GND due to stuck port data_in              ;
; vga_monitor:vga_monitor|text[10][1][1]   ; Stuck at VCC due to stuck port data_in              ;
; vga_monitor:vga_monitor|text[10][1][2]   ; Stuck at GND due to stuck port data_in              ;
; vga_monitor:vga_monitor|text[10][1][3]   ; Stuck at GND due to stuck port data_in              ;
; vga_monitor:vga_monitor|text[10][1][4]   ; Stuck at GND due to stuck port data_in              ;
; vga_monitor:vga_monitor|text[10][1][5]   ; Stuck at GND due to stuck port data_in              ;
; vga_monitor:vga_monitor|text[10][1][6]   ; Stuck at VCC due to stuck port data_in              ;
; vga_monitor:vga_monitor|text[10][0][0]   ; Stuck at VCC due to stuck port data_in              ;
; vga_monitor:vga_monitor|text[10][0][1]   ; Stuck at VCC due to stuck port data_in              ;
; vga_monitor:vga_monitor|text[10][0][2]   ; Stuck at VCC due to stuck port data_in              ;
; vga_monitor:vga_monitor|text[10][0][3]   ; Stuck at GND due to stuck port data_in              ;
; vga_monitor:vga_monitor|text[10][0][4]   ; Stuck at VCC due to stuck port data_in              ;
; vga_monitor:vga_monitor|text[10][0][5]   ; Stuck at GND due to stuck port data_in              ;
; vga_monitor:vga_monitor|text[10][0][6]   ; Stuck at VCC due to stuck port data_in              ;
; vga_monitor:vga_monitor|text[9][4][0]    ; Stuck at GND due to stuck port data_in              ;
; vga_monitor:vga_monitor|text[9][4][1]    ; Stuck at GND due to stuck port data_in              ;
; vga_monitor:vga_monitor|text[9][4][2]    ; Stuck at GND due to stuck port data_in              ;
; vga_monitor:vga_monitor|text[9][4][3]    ; Stuck at GND due to stuck port data_in              ;
; vga_monitor:vga_monitor|text[9][4][4]    ; Stuck at GND due to stuck port data_in              ;
; vga_monitor:vga_monitor|text[9][4][5]    ; Stuck at VCC due to stuck port data_in              ;
; vga_monitor:vga_monitor|text[9][4][6]    ; Stuck at GND due to stuck port data_in              ;
; vga_monitor:vga_monitor|text[9][3][0]    ; Stuck at GND due to stuck port data_in              ;
; vga_monitor:vga_monitor|text[9][3][1]    ; Stuck at VCC due to stuck port data_in              ;
; vga_monitor:vga_monitor|text[9][3][2]    ; Stuck at GND due to stuck port data_in              ;
; vga_monitor:vga_monitor|text[9][3][3]    ; Stuck at VCC due to stuck port data_in              ;
; vga_monitor:vga_monitor|text[9][3][4]    ; Stuck at VCC due to stuck port data_in              ;
; vga_monitor:vga_monitor|text[9][3][5]    ; Stuck at VCC due to stuck port data_in              ;
; vga_monitor:vga_monitor|text[9][3][6]    ; Stuck at GND due to stuck port data_in              ;
; vga_monitor:vga_monitor|text[9][2][0]    ; Stuck at GND due to stuck port data_in              ;
; vga_monitor:vga_monitor|text[9][2][1]    ; Stuck at GND due to stuck port data_in              ;
; vga_monitor:vga_monitor|text[9][2][2]    ; Stuck at VCC due to stuck port data_in              ;
; vga_monitor:vga_monitor|text[9][2][3]    ; Stuck at GND due to stuck port data_in              ;
; vga_monitor:vga_monitor|text[9][2][4]    ; Stuck at GND due to stuck port data_in              ;
; vga_monitor:vga_monitor|text[9][2][5]    ; Stuck at GND due to stuck port data_in              ;
; vga_monitor:vga_monitor|text[9][2][6]    ; Stuck at VCC due to stuck port data_in              ;
; vga_monitor:vga_monitor|text[9][1][0]    ; Stuck at GND due to stuck port data_in              ;
; vga_monitor:vga_monitor|text[9][1][1]    ; Stuck at VCC due to stuck port data_in              ;
; vga_monitor:vga_monitor|text[9][1][2]    ; Stuck at GND due to stuck port data_in              ;
; vga_monitor:vga_monitor|text[9][1][3]    ; Stuck at GND due to stuck port data_in              ;
; vga_monitor:vga_monitor|text[9][1][4]    ; Stuck at VCC due to stuck port data_in              ;
; vga_monitor:vga_monitor|text[9][1][5]    ; Stuck at GND due to stuck port data_in              ;
; vga_monitor:vga_monitor|text[9][1][6]    ; Stuck at VCC due to stuck port data_in              ;
; vga_monitor:vga_monitor|text[9][0][0]    ; Stuck at VCC due to stuck port data_in              ;
; vga_monitor:vga_monitor|text[9][0][1]    ; Stuck at GND due to stuck port data_in              ;
; vga_monitor:vga_monitor|text[9][0][2]    ; Stuck at VCC due to stuck port data_in              ;
; vga_monitor:vga_monitor|text[9][0][3]    ; Stuck at VCC due to stuck port data_in              ;
; vga_monitor:vga_monitor|text[9][0][4]    ; Stuck at GND due to stuck port data_in              ;
; vga_monitor:vga_monitor|text[9][0][5]    ; Stuck at GND due to stuck port data_in              ;
; vga_monitor:vga_monitor|text[9][0][6]    ; Stuck at VCC due to stuck port data_in              ;
; vga_monitor:vga_monitor|text[8][3][0]    ; Stuck at GND due to stuck port data_in              ;
; vga_monitor:vga_monitor|text[8][3][1]    ; Stuck at GND due to stuck port data_in              ;
; vga_monitor:vga_monitor|text[8][3][2]    ; Stuck at GND due to stuck port data_in              ;
; vga_monitor:vga_monitor|text[8][3][3]    ; Stuck at GND due to stuck port data_in              ;
; vga_monitor:vga_monitor|text[8][3][4]    ; Stuck at GND due to stuck port data_in              ;
; vga_monitor:vga_monitor|text[8][3][5]    ; Stuck at VCC due to stuck port data_in              ;
; vga_monitor:vga_monitor|text[8][3][6]    ; Stuck at GND due to stuck port data_in              ;
; vga_monitor:vga_monitor|text[8][2][0]    ; Stuck at GND due to stuck port data_in              ;
; vga_monitor:vga_monitor|text[8][2][1]    ; Stuck at VCC due to stuck port data_in              ;
; vga_monitor:vga_monitor|text[8][2][2]    ; Stuck at GND due to stuck port data_in              ;
; vga_monitor:vga_monitor|text[8][2][3]    ; Stuck at VCC due to stuck port data_in              ;
; vga_monitor:vga_monitor|text[8][2][4]    ; Stuck at VCC due to stuck port data_in              ;
; vga_monitor:vga_monitor|text[8][2][5]    ; Stuck at VCC due to stuck port data_in              ;
; vga_monitor:vga_monitor|text[8][2][6]    ; Stuck at GND due to stuck port data_in              ;
; vga_monitor:vga_monitor|text[8][1][0]    ; Stuck at VCC due to stuck port data_in              ;
; vga_monitor:vga_monitor|text[8][1][1]    ; Stuck at VCC due to stuck port data_in              ;
; vga_monitor:vga_monitor|text[8][1][2]    ; Stuck at VCC due to stuck port data_in              ;
; vga_monitor:vga_monitor|text[8][1][3]    ; Stuck at GND due to stuck port data_in              ;
; vga_monitor:vga_monitor|text[8][1][4]    ; Stuck at VCC due to stuck port data_in              ;
; vga_monitor:vga_monitor|text[8][1][5]    ; Stuck at GND due to stuck port data_in              ;
; vga_monitor:vga_monitor|text[8][1][6]    ; Stuck at VCC due to stuck port data_in              ;
; vga_monitor:vga_monitor|text[8][0][0]    ; Stuck at VCC due to stuck port data_in              ;
; vga_monitor:vga_monitor|text[8][0][1]    ; Stuck at GND due to stuck port data_in              ;
; vga_monitor:vga_monitor|text[8][0][2]    ; Stuck at VCC due to stuck port data_in              ;
; vga_monitor:vga_monitor|text[8][0][3]    ; Stuck at VCC due to stuck port data_in              ;
; vga_monitor:vga_monitor|text[8][0][4]    ; Stuck at GND due to stuck port data_in              ;
; vga_monitor:vga_monitor|text[8][0][5]    ; Stuck at GND due to stuck port data_in              ;
; vga_monitor:vga_monitor|text[8][0][6]    ; Stuck at VCC due to stuck port data_in              ;
; vga_monitor:vga_monitor|text[7][3][0]    ; Stuck at GND due to stuck port data_in              ;
; vga_monitor:vga_monitor|text[7][3][1]    ; Stuck at GND due to stuck port data_in              ;
; vga_monitor:vga_monitor|text[7][3][2]    ; Stuck at GND due to stuck port data_in              ;
; vga_monitor:vga_monitor|text[7][3][3]    ; Stuck at GND due to stuck port data_in              ;
; vga_monitor:vga_monitor|text[7][3][4]    ; Stuck at GND due to stuck port data_in              ;
; vga_monitor:vga_monitor|text[7][3][5]    ; Stuck at VCC due to stuck port data_in              ;
; vga_monitor:vga_monitor|text[7][3][6]    ; Stuck at GND due to stuck port data_in              ;
; vga_monitor:vga_monitor|text[7][2][0]    ; Stuck at GND due to stuck port data_in              ;
; vga_monitor:vga_monitor|text[7][2][1]    ; Stuck at VCC due to stuck port data_in              ;
; vga_monitor:vga_monitor|text[7][2][2]    ; Stuck at GND due to stuck port data_in              ;
; vga_monitor:vga_monitor|text[7][2][3]    ; Stuck at VCC due to stuck port data_in              ;
; vga_monitor:vga_monitor|text[7][2][4]    ; Stuck at VCC due to stuck port data_in              ;
; vga_monitor:vga_monitor|text[7][2][5]    ; Stuck at VCC due to stuck port data_in              ;
; vga_monitor:vga_monitor|text[7][2][6]    ; Stuck at GND due to stuck port data_in              ;
; vga_monitor:vga_monitor|text[7][1][0]    ; Stuck at GND due to stuck port data_in              ;
; vga_monitor:vga_monitor|text[7][1][1]    ; Stuck at VCC due to stuck port data_in              ;
; vga_monitor:vga_monitor|text[7][1][2]    ; Stuck at GND due to stuck port data_in              ;
; vga_monitor:vga_monitor|text[7][1][3]    ; Stuck at GND due to stuck port data_in              ;
; vga_monitor:vga_monitor|text[7][1][4]    ; Stuck at VCC due to stuck port data_in              ;
; vga_monitor:vga_monitor|text[7][1][5]    ; Stuck at GND due to stuck port data_in              ;
; vga_monitor:vga_monitor|text[7][1][6]    ; Stuck at VCC due to stuck port data_in              ;
; vga_monitor:vga_monitor|text[7][0][0]    ; Stuck at VCC due to stuck port data_in              ;
; vga_monitor:vga_monitor|text[7][0][1]    ; Stuck at GND due to stuck port data_in              ;
; vga_monitor:vga_monitor|text[7][0][2]    ; Stuck at VCC due to stuck port data_in              ;
; vga_monitor:vga_monitor|text[7][0][3]    ; Stuck at VCC due to stuck port data_in              ;
; vga_monitor:vga_monitor|text[7][0][4]    ; Stuck at GND due to stuck port data_in              ;
; vga_monitor:vga_monitor|text[7][0][5]    ; Stuck at GND due to stuck port data_in              ;
; vga_monitor:vga_monitor|text[7][0][6]    ; Stuck at VCC due to stuck port data_in              ;
; vga_monitor:vga_monitor|text[6][3][0]    ; Stuck at GND due to stuck port data_in              ;
; vga_monitor:vga_monitor|text[6][3][1]    ; Stuck at GND due to stuck port data_in              ;
; vga_monitor:vga_monitor|text[6][3][2]    ; Stuck at GND due to stuck port data_in              ;
; vga_monitor:vga_monitor|text[6][3][3]    ; Stuck at GND due to stuck port data_in              ;
; vga_monitor:vga_monitor|text[6][3][4]    ; Stuck at GND due to stuck port data_in              ;
; vga_monitor:vga_monitor|text[6][3][5]    ; Stuck at VCC due to stuck port data_in              ;
; vga_monitor:vga_monitor|text[6][3][6]    ; Stuck at GND due to stuck port data_in              ;
; vga_monitor:vga_monitor|text[6][2][0]    ; Stuck at GND due to stuck port data_in              ;
; vga_monitor:vga_monitor|text[6][2][1]    ; Stuck at VCC due to stuck port data_in              ;
; vga_monitor:vga_monitor|text[6][2][2]    ; Stuck at GND due to stuck port data_in              ;
; vga_monitor:vga_monitor|text[6][2][3]    ; Stuck at VCC due to stuck port data_in              ;
; vga_monitor:vga_monitor|text[6][2][4]    ; Stuck at VCC due to stuck port data_in              ;
; vga_monitor:vga_monitor|text[6][2][5]    ; Stuck at VCC due to stuck port data_in              ;
; vga_monitor:vga_monitor|text[6][2][6]    ; Stuck at GND due to stuck port data_in              ;
; vga_monitor:vga_monitor|text[6][1][0]    ; Stuck at VCC due to stuck port data_in              ;
; vga_monitor:vga_monitor|text[6][1][1]    ; Stuck at VCC due to stuck port data_in              ;
; vga_monitor:vga_monitor|text[6][1][2]    ; Stuck at VCC due to stuck port data_in              ;
; vga_monitor:vga_monitor|text[6][1][3]    ; Stuck at GND due to stuck port data_in              ;
; vga_monitor:vga_monitor|text[6][1][4]    ; Stuck at VCC due to stuck port data_in              ;
; vga_monitor:vga_monitor|text[6][1][5]    ; Stuck at GND due to stuck port data_in              ;
; vga_monitor:vga_monitor|text[6][1][6]    ; Stuck at VCC due to stuck port data_in              ;
; vga_monitor:vga_monitor|text[6][0][0]    ; Stuck at GND due to stuck port data_in              ;
; vga_monitor:vga_monitor|text[6][0][1]    ; Stuck at VCC due to stuck port data_in              ;
; vga_monitor:vga_monitor|text[6][0][2]    ; Stuck at GND due to stuck port data_in              ;
; vga_monitor:vga_monitor|text[6][0][3]    ; Stuck at GND due to stuck port data_in              ;
; vga_monitor:vga_monitor|text[6][0][4]    ; Stuck at VCC due to stuck port data_in              ;
; vga_monitor:vga_monitor|text[6][0][5]    ; Stuck at GND due to stuck port data_in              ;
; vga_monitor:vga_monitor|text[6][0][6]    ; Stuck at VCC due to stuck port data_in              ;
; vga_monitor:vga_monitor|text[5][4][0]    ; Stuck at GND due to stuck port data_in              ;
; vga_monitor:vga_monitor|text[5][4][1]    ; Stuck at GND due to stuck port data_in              ;
; vga_monitor:vga_monitor|text[5][4][2]    ; Stuck at GND due to stuck port data_in              ;
; vga_monitor:vga_monitor|text[5][4][3]    ; Stuck at GND due to stuck port data_in              ;
; vga_monitor:vga_monitor|text[5][4][4]    ; Stuck at GND due to stuck port data_in              ;
; vga_monitor:vga_monitor|text[5][4][5]    ; Stuck at VCC due to stuck port data_in              ;
; vga_monitor:vga_monitor|text[5][4][6]    ; Stuck at GND due to stuck port data_in              ;
; vga_monitor:vga_monitor|text[5][3][0]    ; Stuck at GND due to stuck port data_in              ;
; vga_monitor:vga_monitor|text[5][3][1]    ; Stuck at VCC due to stuck port data_in              ;
; vga_monitor:vga_monitor|text[5][3][2]    ; Stuck at GND due to stuck port data_in              ;
; vga_monitor:vga_monitor|text[5][3][3]    ; Stuck at VCC due to stuck port data_in              ;
; vga_monitor:vga_monitor|text[5][3][4]    ; Stuck at VCC due to stuck port data_in              ;
; vga_monitor:vga_monitor|text[5][3][5]    ; Stuck at VCC due to stuck port data_in              ;
; vga_monitor:vga_monitor|text[5][3][6]    ; Stuck at GND due to stuck port data_in              ;
; vga_monitor:vga_monitor|text[5][2][0]    ; Stuck at VCC due to stuck port data_in              ;
; vga_monitor:vga_monitor|text[5][2][1]    ; Stuck at GND due to stuck port data_in              ;
; vga_monitor:vga_monitor|text[5][2][2]    ; Stuck at VCC due to stuck port data_in              ;
; vga_monitor:vga_monitor|text[5][2][3]    ; Stuck at GND due to stuck port data_in              ;
; vga_monitor:vga_monitor|text[5][2][4]    ; Stuck at VCC due to stuck port data_in              ;
; vga_monitor:vga_monitor|text[5][2][5]    ; Stuck at GND due to stuck port data_in              ;
; vga_monitor:vga_monitor|text[5][2][6]    ; Stuck at VCC due to stuck port data_in              ;
; vga_monitor:vga_monitor|text[5][1][0]    ; Stuck at GND due to stuck port data_in              ;
; vga_monitor:vga_monitor|text[5][1][1]    ; Stuck at GND due to stuck port data_in              ;
; vga_monitor:vga_monitor|text[5][1][2]    ; Stuck at VCC due to stuck port data_in              ;
; vga_monitor:vga_monitor|text[5][1][3]    ; Stuck at VCC due to stuck port data_in              ;
; vga_monitor:vga_monitor|text[5][1][4]    ; Stuck at GND due to stuck port data_in              ;
; vga_monitor:vga_monitor|text[5][1][5]    ; Stuck at GND due to stuck port data_in              ;
; vga_monitor:vga_monitor|text[5][1][6]    ; Stuck at VCC due to stuck port data_in              ;
; vga_monitor:vga_monitor|text[5][0][0]    ; Stuck at VCC due to stuck port data_in              ;
; vga_monitor:vga_monitor|text[5][0][1]    ; Stuck at GND due to stuck port data_in              ;
; vga_monitor:vga_monitor|text[5][0][2]    ; Stuck at GND due to stuck port data_in              ;
; vga_monitor:vga_monitor|text[5][0][3]    ; Stuck at GND due to stuck port data_in              ;
; vga_monitor:vga_monitor|text[5][0][4]    ; Stuck at GND due to stuck port data_in              ;
; vga_monitor:vga_monitor|text[5][0][5]    ; Stuck at GND due to stuck port data_in              ;
; vga_monitor:vga_monitor|text[5][0][6]    ; Stuck at VCC due to stuck port data_in              ;
; vga_monitor:vga_monitor|text[4][3][0]    ; Stuck at GND due to stuck port data_in              ;
; vga_monitor:vga_monitor|text[4][3][1]    ; Stuck at GND due to stuck port data_in              ;
; vga_monitor:vga_monitor|text[4][3][2]    ; Stuck at GND due to stuck port data_in              ;
; vga_monitor:vga_monitor|text[4][3][3]    ; Stuck at GND due to stuck port data_in              ;
; vga_monitor:vga_monitor|text[4][3][4]    ; Stuck at GND due to stuck port data_in              ;
; vga_monitor:vga_monitor|text[4][3][5]    ; Stuck at VCC due to stuck port data_in              ;
; vga_monitor:vga_monitor|text[4][3][6]    ; Stuck at GND due to stuck port data_in              ;
; vga_monitor:vga_monitor|text[4][2][0]    ; Stuck at GND due to stuck port data_in              ;
; vga_monitor:vga_monitor|text[4][2][1]    ; Stuck at VCC due to stuck port data_in              ;
; vga_monitor:vga_monitor|text[4][2][2]    ; Stuck at GND due to stuck port data_in              ;
; vga_monitor:vga_monitor|text[4][2][3]    ; Stuck at VCC due to stuck port data_in              ;
; vga_monitor:vga_monitor|text[4][2][4]    ; Stuck at VCC due to stuck port data_in              ;
; vga_monitor:vga_monitor|text[4][2][5]    ; Stuck at VCC due to stuck port data_in              ;
; vga_monitor:vga_monitor|text[4][2][6]    ; Stuck at GND due to stuck port data_in              ;
; vga_monitor:vga_monitor|text[4][1][0]    ; Stuck at GND due to stuck port data_in              ;
; vga_monitor:vga_monitor|text[4][1][1]    ; Stuck at GND due to stuck port data_in              ;
; vga_monitor:vga_monitor|text[4][1][2]    ; Stuck at VCC due to stuck port data_in              ;
; vga_monitor:vga_monitor|text[4][1][3]    ; Stuck at GND due to stuck port data_in              ;
; vga_monitor:vga_monitor|text[4][1][4]    ; Stuck at GND due to stuck port data_in              ;
; vga_monitor:vga_monitor|text[4][1][5]    ; Stuck at GND due to stuck port data_in              ;
; vga_monitor:vga_monitor|text[4][1][6]    ; Stuck at VCC due to stuck port data_in              ;
; vga_monitor:vga_monitor|text[4][0][0]    ; Stuck at GND due to stuck port data_in              ;
; vga_monitor:vga_monitor|text[4][0][1]    ; Stuck at VCC due to stuck port data_in              ;
; vga_monitor:vga_monitor|text[4][0][2]    ; Stuck at GND due to stuck port data_in              ;
; vga_monitor:vga_monitor|text[4][0][3]    ; Stuck at GND due to stuck port data_in              ;
; vga_monitor:vga_monitor|text[4][0][4]    ; Stuck at VCC due to stuck port data_in              ;
; vga_monitor:vga_monitor|text[4][0][5]    ; Stuck at GND due to stuck port data_in              ;
; vga_monitor:vga_monitor|text[4][0][6]    ; Stuck at VCC due to stuck port data_in              ;
; vga_monitor:vga_monitor|text[3][4][0]    ; Stuck at GND due to stuck port data_in              ;
; vga_monitor:vga_monitor|text[3][4][1]    ; Stuck at GND due to stuck port data_in              ;
; vga_monitor:vga_monitor|text[3][4][2]    ; Stuck at GND due to stuck port data_in              ;
; vga_monitor:vga_monitor|text[3][4][3]    ; Stuck at GND due to stuck port data_in              ;
; vga_monitor:vga_monitor|text[3][4][4]    ; Stuck at GND due to stuck port data_in              ;
; vga_monitor:vga_monitor|text[3][4][5]    ; Stuck at VCC due to stuck port data_in              ;
; vga_monitor:vga_monitor|text[3][4][6]    ; Stuck at GND due to stuck port data_in              ;
; vga_monitor:vga_monitor|text[3][3][0]    ; Stuck at GND due to stuck port data_in              ;
; vga_monitor:vga_monitor|text[3][3][1]    ; Stuck at VCC due to stuck port data_in              ;
; vga_monitor:vga_monitor|text[3][3][2]    ; Stuck at GND due to stuck port data_in              ;
; vga_monitor:vga_monitor|text[3][3][3]    ; Stuck at VCC due to stuck port data_in              ;
; vga_monitor:vga_monitor|text[3][3][4]    ; Stuck at VCC due to stuck port data_in              ;
; vga_monitor:vga_monitor|text[3][3][5]    ; Stuck at VCC due to stuck port data_in              ;
; vga_monitor:vga_monitor|text[3][3][6]    ; Stuck at GND due to stuck port data_in              ;
; vga_monitor:vga_monitor|text[3][2][0]    ; Stuck at GND due to stuck port data_in              ;
; vga_monitor:vga_monitor|text[3][2][1]    ; Stuck at VCC due to stuck port data_in              ;
; vga_monitor:vga_monitor|text[3][2][2]    ; Stuck at GND due to stuck port data_in              ;
; vga_monitor:vga_monitor|text[3][2][3]    ; Stuck at GND due to stuck port data_in              ;
; vga_monitor:vga_monitor|text[3][2][4]    ; Stuck at VCC due to stuck port data_in              ;
; vga_monitor:vga_monitor|text[3][2][5]    ; Stuck at VCC due to stuck port data_in              ;
; vga_monitor:vga_monitor|text[3][2][6]    ; Stuck at GND due to stuck port data_in              ;
; vga_monitor:vga_monitor|text[3][1][0]    ; Stuck at VCC due to stuck port data_in              ;
; vga_monitor:vga_monitor|text[3][1][1]    ; Stuck at VCC due to stuck port data_in              ;
; vga_monitor:vga_monitor|text[3][1][2]    ; Stuck at GND due to stuck port data_in              ;
; vga_monitor:vga_monitor|text[3][1][3]    ; Stuck at GND due to stuck port data_in              ;
; vga_monitor:vga_monitor|text[3][1][4]    ; Stuck at VCC due to stuck port data_in              ;
; vga_monitor:vga_monitor|text[3][1][5]    ; Stuck at GND due to stuck port data_in              ;
; vga_monitor:vga_monitor|text[3][1][6]    ; Stuck at VCC due to stuck port data_in              ;
; vga_monitor:vga_monitor|text[3][0][0]    ; Stuck at GND due to stuck port data_in              ;
; vga_monitor:vga_monitor|text[3][0][1]    ; Stuck at VCC due to stuck port data_in              ;
; vga_monitor:vga_monitor|text[3][0][2]    ; Stuck at GND due to stuck port data_in              ;
; vga_monitor:vga_monitor|text[3][0][3]    ; Stuck at GND due to stuck port data_in              ;
; vga_monitor:vga_monitor|text[3][0][4]    ; Stuck at VCC due to stuck port data_in              ;
; vga_monitor:vga_monitor|text[3][0][5]    ; Stuck at GND due to stuck port data_in              ;
; vga_monitor:vga_monitor|text[3][0][6]    ; Stuck at VCC due to stuck port data_in              ;
; vga_monitor:vga_monitor|text[2][4][0]    ; Stuck at GND due to stuck port data_in              ;
; vga_monitor:vga_monitor|text[2][4][1]    ; Stuck at GND due to stuck port data_in              ;
; vga_monitor:vga_monitor|text[2][4][2]    ; Stuck at GND due to stuck port data_in              ;
; vga_monitor:vga_monitor|text[2][4][3]    ; Stuck at GND due to stuck port data_in              ;
; vga_monitor:vga_monitor|text[2][4][4]    ; Stuck at GND due to stuck port data_in              ;
; vga_monitor:vga_monitor|text[2][4][5]    ; Stuck at VCC due to stuck port data_in              ;
; vga_monitor:vga_monitor|text[2][4][6]    ; Stuck at GND due to stuck port data_in              ;
; vga_monitor:vga_monitor|text[2][3][0]    ; Stuck at GND due to stuck port data_in              ;
; vga_monitor:vga_monitor|text[2][3][1]    ; Stuck at VCC due to stuck port data_in              ;
; vga_monitor:vga_monitor|text[2][3][2]    ; Stuck at GND due to stuck port data_in              ;
; vga_monitor:vga_monitor|text[2][3][3]    ; Stuck at VCC due to stuck port data_in              ;
; vga_monitor:vga_monitor|text[2][3][4]    ; Stuck at VCC due to stuck port data_in              ;
; vga_monitor:vga_monitor|text[2][3][5]    ; Stuck at VCC due to stuck port data_in              ;
; vga_monitor:vga_monitor|text[2][3][6]    ; Stuck at GND due to stuck port data_in              ;
; vga_monitor:vga_monitor|text[2][2][0]    ; Stuck at VCC due to stuck port data_in              ;
; vga_monitor:vga_monitor|text[2][2][1]    ; Stuck at GND due to stuck port data_in              ;
; vga_monitor:vga_monitor|text[2][2][2]    ; Stuck at GND due to stuck port data_in              ;
; vga_monitor:vga_monitor|text[2][2][3]    ; Stuck at GND due to stuck port data_in              ;
; vga_monitor:vga_monitor|text[2][2][4]    ; Stuck at VCC due to stuck port data_in              ;
; vga_monitor:vga_monitor|text[2][2][5]    ; Stuck at VCC due to stuck port data_in              ;
; vga_monitor:vga_monitor|text[2][2][6]    ; Stuck at GND due to stuck port data_in              ;
; vga_monitor:vga_monitor|text[2][1][0]    ; Stuck at VCC due to stuck port data_in              ;
; vga_monitor:vga_monitor|text[2][1][1]    ; Stuck at VCC due to stuck port data_in              ;
; vga_monitor:vga_monitor|text[2][1][2]    ; Stuck at GND due to stuck port data_in              ;
; vga_monitor:vga_monitor|text[2][1][3]    ; Stuck at GND due to stuck port data_in              ;
; vga_monitor:vga_monitor|text[2][1][4]    ; Stuck at VCC due to stuck port data_in              ;
; vga_monitor:vga_monitor|text[2][1][5]    ; Stuck at GND due to stuck port data_in              ;
; vga_monitor:vga_monitor|text[2][1][6]    ; Stuck at VCC due to stuck port data_in              ;
; vga_monitor:vga_monitor|text[2][0][0]    ; Stuck at GND due to stuck port data_in              ;
; vga_monitor:vga_monitor|text[2][0][1]    ; Stuck at VCC due to stuck port data_in              ;
; vga_monitor:vga_monitor|text[2][0][2]    ; Stuck at GND due to stuck port data_in              ;
; vga_monitor:vga_monitor|text[2][0][3]    ; Stuck at GND due to stuck port data_in              ;
; vga_monitor:vga_monitor|text[2][0][4]    ; Stuck at VCC due to stuck port data_in              ;
; vga_monitor:vga_monitor|text[2][0][5]    ; Stuck at GND due to stuck port data_in              ;
; vga_monitor:vga_monitor|text[2][0][6]    ; Stuck at VCC due to stuck port data_in              ;
; vga_monitor:vga_monitor|text[1][3][0]    ; Stuck at GND due to stuck port data_in              ;
; vga_monitor:vga_monitor|text[1][3][1]    ; Stuck at GND due to stuck port data_in              ;
; vga_monitor:vga_monitor|text[1][3][2]    ; Stuck at GND due to stuck port data_in              ;
; vga_monitor:vga_monitor|text[1][3][3]    ; Stuck at GND due to stuck port data_in              ;
; vga_monitor:vga_monitor|text[1][3][4]    ; Stuck at GND due to stuck port data_in              ;
; vga_monitor:vga_monitor|text[1][3][5]    ; Stuck at VCC due to stuck port data_in              ;
; vga_monitor:vga_monitor|text[1][3][6]    ; Stuck at GND due to stuck port data_in              ;
; vga_monitor:vga_monitor|text[1][2][0]    ; Stuck at GND due to stuck port data_in              ;
; vga_monitor:vga_monitor|text[1][2][1]    ; Stuck at VCC due to stuck port data_in              ;
; vga_monitor:vga_monitor|text[1][2][2]    ; Stuck at GND due to stuck port data_in              ;
; vga_monitor:vga_monitor|text[1][2][3]    ; Stuck at VCC due to stuck port data_in              ;
; vga_monitor:vga_monitor|text[1][2][4]    ; Stuck at VCC due to stuck port data_in              ;
; vga_monitor:vga_monitor|text[1][2][5]    ; Stuck at VCC due to stuck port data_in              ;
; vga_monitor:vga_monitor|text[1][2][6]    ; Stuck at GND due to stuck port data_in              ;
; vga_monitor:vga_monitor|text[1][1][0]    ; Stuck at VCC due to stuck port data_in              ;
; vga_monitor:vga_monitor|text[1][1][1]    ; Stuck at VCC due to stuck port data_in              ;
; vga_monitor:vga_monitor|text[1][1][2]    ; Stuck at GND due to stuck port data_in              ;
; vga_monitor:vga_monitor|text[1][1][3]    ; Stuck at GND due to stuck port data_in              ;
; vga_monitor:vga_monitor|text[1][1][4]    ; Stuck at GND due to stuck port data_in              ;
; vga_monitor:vga_monitor|text[1][1][5]    ; Stuck at GND due to stuck port data_in              ;
; vga_monitor:vga_monitor|text[1][1][6]    ; Stuck at VCC due to stuck port data_in              ;
; vga_monitor:vga_monitor|text[1][0][0]    ; Stuck at GND due to stuck port data_in              ;
; vga_monitor:vga_monitor|text[1][0][1]    ; Stuck at GND due to stuck port data_in              ;
; vga_monitor:vga_monitor|text[1][0][2]    ; Stuck at GND due to stuck port data_in              ;
; vga_monitor:vga_monitor|text[1][0][3]    ; Stuck at GND due to stuck port data_in              ;
; vga_monitor:vga_monitor|text[1][0][4]    ; Stuck at VCC due to stuck port data_in              ;
; vga_monitor:vga_monitor|text[1][0][5]    ; Stuck at GND due to stuck port data_in              ;
; vga_monitor:vga_monitor|text[1][0][6]    ; Stuck at VCC due to stuck port data_in              ;
; vga_monitor:vga_monitor|text[0][6][0]    ; Stuck at GND due to stuck port data_in              ;
; vga_monitor:vga_monitor|text[0][6][1]    ; Stuck at GND due to stuck port data_in              ;
; vga_monitor:vga_monitor|text[0][6][2]    ; Stuck at GND due to stuck port data_in              ;
; vga_monitor:vga_monitor|text[0][6][3]    ; Stuck at GND due to stuck port data_in              ;
; vga_monitor:vga_monitor|text[0][6][4]    ; Stuck at GND due to stuck port data_in              ;
; vga_monitor:vga_monitor|text[0][6][5]    ; Stuck at VCC due to stuck port data_in              ;
; vga_monitor:vga_monitor|text[0][6][6]    ; Stuck at GND due to stuck port data_in              ;
; vga_monitor:vga_monitor|text[0][5][0]    ; Stuck at GND due to stuck port data_in              ;
; vga_monitor:vga_monitor|text[0][5][1]    ; Stuck at VCC due to stuck port data_in              ;
; vga_monitor:vga_monitor|text[0][5][2]    ; Stuck at GND due to stuck port data_in              ;
; vga_monitor:vga_monitor|text[0][5][3]    ; Stuck at VCC due to stuck port data_in              ;
; vga_monitor:vga_monitor|text[0][5][4]    ; Stuck at VCC due to stuck port data_in              ;
; vga_monitor:vga_monitor|text[0][5][5]    ; Stuck at VCC due to stuck port data_in              ;
; vga_monitor:vga_monitor|text[0][5][6]    ; Stuck at GND due to stuck port data_in              ;
; vga_monitor:vga_monitor|text[0][4][0]    ; Stuck at GND due to stuck port data_in              ;
; vga_monitor:vga_monitor|text[0][4][1]    ; Stuck at VCC due to stuck port data_in              ;
; vga_monitor:vga_monitor|text[0][4][2]    ; Stuck at GND due to stuck port data_in              ;
; vga_monitor:vga_monitor|text[0][4][3]    ; Stuck at GND due to stuck port data_in              ;
; vga_monitor:vga_monitor|text[0][4][4]    ; Stuck at VCC due to stuck port data_in              ;
; vga_monitor:vga_monitor|text[0][4][5]    ; Stuck at GND due to stuck port data_in              ;
; vga_monitor:vga_monitor|text[0][4][6]    ; Stuck at VCC due to stuck port data_in              ;
; vga_monitor:vga_monitor|text[0][3][0]    ; Stuck at GND due to stuck port data_in              ;
; vga_monitor:vga_monitor|text[0][3][1]    ; Stuck at GND due to stuck port data_in              ;
; vga_monitor:vga_monitor|text[0][3][2]    ; Stuck at VCC due to stuck port data_in              ;
; vga_monitor:vga_monitor|text[0][3][3]    ; Stuck at GND due to stuck port data_in              ;
; vga_monitor:vga_monitor|text[0][3][4]    ; Stuck at VCC due to stuck port data_in              ;
; vga_monitor:vga_monitor|text[0][3][5]    ; Stuck at GND due to stuck port data_in              ;
; vga_monitor:vga_monitor|text[0][3][6]    ; Stuck at VCC due to stuck port data_in              ;
; vga_monitor:vga_monitor|text[0][2][0]    ; Stuck at VCC due to stuck port data_in              ;
; vga_monitor:vga_monitor|text[0][2][1]    ; Stuck at VCC due to stuck port data_in              ;
; vga_monitor:vga_monitor|text[0][2][2]    ; Stuck at GND due to stuck port data_in              ;
; vga_monitor:vga_monitor|text[0][2][3]    ; Stuck at GND due to stuck port data_in              ;
; vga_monitor:vga_monitor|text[0][2][4]    ; Stuck at VCC due to stuck port data_in              ;
; vga_monitor:vga_monitor|text[0][2][5]    ; Stuck at GND due to stuck port data_in              ;
; vga_monitor:vga_monitor|text[0][2][6]    ; Stuck at VCC due to stuck port data_in              ;
; vga_monitor:vga_monitor|text[0][1][0]    ; Stuck at GND due to stuck port data_in              ;
; vga_monitor:vga_monitor|text[0][1][1]    ; Stuck at VCC due to stuck port data_in              ;
; vga_monitor:vga_monitor|text[0][1][2]    ; Stuck at VCC due to stuck port data_in              ;
; vga_monitor:vga_monitor|text[0][1][3]    ; Stuck at VCC due to stuck port data_in              ;
; vga_monitor:vga_monitor|text[0][1][4]    ; Stuck at GND due to stuck port data_in              ;
; vga_monitor:vga_monitor|text[0][1][5]    ; Stuck at GND due to stuck port data_in              ;
; vga_monitor:vga_monitor|text[0][1][6]    ; Stuck at VCC due to stuck port data_in              ;
; vga_monitor:vga_monitor|text[0][0][0]    ; Stuck at VCC due to stuck port data_in              ;
; vga_monitor:vga_monitor|text[0][0][1]    ; Stuck at GND due to stuck port data_in              ;
; vga_monitor:vga_monitor|text[0][0][2]    ; Stuck at GND due to stuck port data_in              ;
; vga_monitor:vga_monitor|text[0][0][3]    ; Stuck at VCC due to stuck port data_in              ;
; vga_monitor:vga_monitor|text[0][0][4]    ; Stuck at GND due to stuck port data_in              ;
; vga_monitor:vga_monitor|text[0][0][5]    ; Stuck at GND due to stuck port data_in              ;
; vga_monitor:vga_monitor|text[0][0][6]    ; Stuck at VCC due to stuck port data_in              ;
; vga_monitor:vga_monitor|text[17][11][3]  ; Stuck at GND due to stuck port data_in              ;
; vga_monitor:vga_monitor|text[17][11][4]  ; Stuck at VCC due to stuck port data_in              ;
; vga_monitor:vga_monitor|text[17][11][5]  ; Stuck at VCC due to stuck port data_in              ;
; vga_monitor:vga_monitor|text[17][11][6]  ; Stuck at GND due to stuck port data_in              ;
; vga_monitor:vga_monitor|text[17][10][3]  ; Stuck at GND due to stuck port data_in              ;
; vga_monitor:vga_monitor|text[17][10][4]  ; Stuck at VCC due to stuck port data_in              ;
; vga_monitor:vga_monitor|text[17][10][5]  ; Stuck at VCC due to stuck port data_in              ;
; vga_monitor:vga_monitor|text[17][10][6]  ; Stuck at GND due to stuck port data_in              ;
; vga_monitor:vga_monitor|text[17][9][3]   ; Stuck at GND due to stuck port data_in              ;
; vga_monitor:vga_monitor|text[17][9][4]   ; Stuck at VCC due to stuck port data_in              ;
; vga_monitor:vga_monitor|text[17][9][5]   ; Stuck at VCC due to stuck port data_in              ;
; vga_monitor:vga_monitor|text[17][9][6]   ; Stuck at GND due to stuck port data_in              ;
; vga_monitor:vga_monitor|text[17][8][3]   ; Stuck at GND due to stuck port data_in              ;
; vga_monitor:vga_monitor|text[17][8][4]   ; Stuck at VCC due to stuck port data_in              ;
; vga_monitor:vga_monitor|text[17][8][5]   ; Stuck at VCC due to stuck port data_in              ;
; vga_monitor:vga_monitor|text[17][8][6]   ; Stuck at GND due to stuck port data_in              ;
; vga_monitor:vga_monitor|text[17][7][3]   ; Stuck at GND due to stuck port data_in              ;
; vga_monitor:vga_monitor|text[17][7][4]   ; Stuck at VCC due to stuck port data_in              ;
; vga_monitor:vga_monitor|text[17][7][5]   ; Stuck at VCC due to stuck port data_in              ;
; vga_monitor:vga_monitor|text[17][7][6]   ; Stuck at GND due to stuck port data_in              ;
; vga_monitor:vga_monitor|text[17][6][3]   ; Stuck at GND due to stuck port data_in              ;
; vga_monitor:vga_monitor|text[17][6][4]   ; Stuck at VCC due to stuck port data_in              ;
; vga_monitor:vga_monitor|text[17][6][5]   ; Stuck at VCC due to stuck port data_in              ;
; vga_monitor:vga_monitor|text[17][6][6]   ; Stuck at GND due to stuck port data_in              ;
; vga_monitor:vga_monitor|text[17][5][3]   ; Stuck at GND due to stuck port data_in              ;
; vga_monitor:vga_monitor|text[17][5][4]   ; Stuck at VCC due to stuck port data_in              ;
; vga_monitor:vga_monitor|text[17][5][5]   ; Stuck at VCC due to stuck port data_in              ;
; vga_monitor:vga_monitor|text[17][5][6]   ; Stuck at GND due to stuck port data_in              ;
; vga_monitor:vga_monitor|text[17][4][3]   ; Stuck at GND due to stuck port data_in              ;
; vga_monitor:vga_monitor|text[17][4][4]   ; Stuck at VCC due to stuck port data_in              ;
; vga_monitor:vga_monitor|text[17][4][5]   ; Stuck at VCC due to stuck port data_in              ;
; vga_monitor:vga_monitor|text[17][4][6]   ; Stuck at GND due to stuck port data_in              ;
; vga_monitor:vga_monitor|text[14][10][3]  ; Stuck at GND due to stuck port data_in              ;
; vga_monitor:vga_monitor|text[14][10][4]  ; Stuck at VCC due to stuck port data_in              ;
; vga_monitor:vga_monitor|text[14][10][5]  ; Stuck at VCC due to stuck port data_in              ;
; vga_monitor:vga_monitor|text[14][10][6]  ; Stuck at GND due to stuck port data_in              ;
; vga_monitor:vga_monitor|text[14][9][3]   ; Stuck at GND due to stuck port data_in              ;
; vga_monitor:vga_monitor|text[14][9][4]   ; Stuck at VCC due to stuck port data_in              ;
; vga_monitor:vga_monitor|text[14][9][5]   ; Stuck at VCC due to stuck port data_in              ;
; vga_monitor:vga_monitor|text[14][9][6]   ; Stuck at GND due to stuck port data_in              ;
; vga_monitor:vga_monitor|text[14][8][3]   ; Stuck at GND due to stuck port data_in              ;
; vga_monitor:vga_monitor|text[14][8][4]   ; Stuck at VCC due to stuck port data_in              ;
; vga_monitor:vga_monitor|text[14][8][5]   ; Stuck at VCC due to stuck port data_in              ;
; vga_monitor:vga_monitor|text[14][8][6]   ; Stuck at GND due to stuck port data_in              ;
; vga_monitor:vga_monitor|text[14][7][3]   ; Stuck at GND due to stuck port data_in              ;
; vga_monitor:vga_monitor|text[14][7][4]   ; Stuck at VCC due to stuck port data_in              ;
; vga_monitor:vga_monitor|text[14][7][5]   ; Stuck at VCC due to stuck port data_in              ;
; vga_monitor:vga_monitor|text[14][7][6]   ; Stuck at GND due to stuck port data_in              ;
; vga_monitor:vga_monitor|text[14][6][3]   ; Stuck at GND due to stuck port data_in              ;
; vga_monitor:vga_monitor|text[14][6][4]   ; Stuck at VCC due to stuck port data_in              ;
; vga_monitor:vga_monitor|text[14][6][5]   ; Stuck at VCC due to stuck port data_in              ;
; vga_monitor:vga_monitor|text[14][6][6]   ; Stuck at GND due to stuck port data_in              ;
; vga_monitor:vga_monitor|text[14][5][3]   ; Stuck at GND due to stuck port data_in              ;
; vga_monitor:vga_monitor|text[14][5][4]   ; Stuck at VCC due to stuck port data_in              ;
; vga_monitor:vga_monitor|text[14][5][5]   ; Stuck at VCC due to stuck port data_in              ;
; vga_monitor:vga_monitor|text[14][5][6]   ; Stuck at GND due to stuck port data_in              ;
; vga_monitor:vga_monitor|text[14][4][3]   ; Stuck at GND due to stuck port data_in              ;
; vga_monitor:vga_monitor|text[14][4][4]   ; Stuck at VCC due to stuck port data_in              ;
; vga_monitor:vga_monitor|text[14][4][5]   ; Stuck at VCC due to stuck port data_in              ;
; vga_monitor:vga_monitor|text[14][4][6]   ; Stuck at GND due to stuck port data_in              ;
; vga_monitor:vga_monitor|text[11][10][3]  ; Stuck at GND due to stuck port data_in              ;
; vga_monitor:vga_monitor|text[11][10][4]  ; Stuck at VCC due to stuck port data_in              ;
; vga_monitor:vga_monitor|text[11][10][5]  ; Stuck at VCC due to stuck port data_in              ;
; vga_monitor:vga_monitor|text[11][10][6]  ; Stuck at GND due to stuck port data_in              ;
; vga_monitor:vga_monitor|text[11][9][3]   ; Stuck at GND due to stuck port data_in              ;
; vga_monitor:vga_monitor|text[11][9][4]   ; Stuck at VCC due to stuck port data_in              ;
; vga_monitor:vga_monitor|text[11][9][5]   ; Stuck at VCC due to stuck port data_in              ;
; vga_monitor:vga_monitor|text[11][9][6]   ; Stuck at GND due to stuck port data_in              ;
; vga_monitor:vga_monitor|text[11][8][3]   ; Stuck at GND due to stuck port data_in              ;
; vga_monitor:vga_monitor|text[11][8][4]   ; Stuck at VCC due to stuck port data_in              ;
; vga_monitor:vga_monitor|text[11][8][5]   ; Stuck at VCC due to stuck port data_in              ;
; vga_monitor:vga_monitor|text[11][8][6]   ; Stuck at GND due to stuck port data_in              ;
; vga_monitor:vga_monitor|text[11][7][3]   ; Stuck at GND due to stuck port data_in              ;
; vga_monitor:vga_monitor|text[11][7][4]   ; Stuck at VCC due to stuck port data_in              ;
; vga_monitor:vga_monitor|text[11][7][5]   ; Stuck at VCC due to stuck port data_in              ;
; vga_monitor:vga_monitor|text[11][7][6]   ; Stuck at GND due to stuck port data_in              ;
; vga_monitor:vga_monitor|text[11][6][3]   ; Stuck at GND due to stuck port data_in              ;
; vga_monitor:vga_monitor|text[11][6][4]   ; Stuck at VCC due to stuck port data_in              ;
; vga_monitor:vga_monitor|text[11][6][5]   ; Stuck at VCC due to stuck port data_in              ;
; vga_monitor:vga_monitor|text[11][6][6]   ; Stuck at GND due to stuck port data_in              ;
; vga_monitor:vga_monitor|text[11][5][3]   ; Stuck at GND due to stuck port data_in              ;
; vga_monitor:vga_monitor|text[11][5][4]   ; Stuck at VCC due to stuck port data_in              ;
; vga_monitor:vga_monitor|text[11][5][5]   ; Stuck at VCC due to stuck port data_in              ;
; vga_monitor:vga_monitor|text[11][5][6]   ; Stuck at GND due to stuck port data_in              ;
; vga_monitor:vga_monitor|text[11][4][3]   ; Stuck at GND due to stuck port data_in              ;
; vga_monitor:vga_monitor|text[11][4][4]   ; Stuck at VCC due to stuck port data_in              ;
; vga_monitor:vga_monitor|text[11][4][5]   ; Stuck at VCC due to stuck port data_in              ;
; vga_monitor:vga_monitor|text[11][4][6]   ; Stuck at GND due to stuck port data_in              ;
; vga_monitor:vga_monitor|text[8][11][4]   ; Stuck at VCC due to stuck port data_in              ;
; vga_monitor:vga_monitor|text[8][11][5]   ; Stuck at VCC due to stuck port data_in              ;
; vga_monitor:vga_monitor|text[8][11][6]   ; Stuck at GND due to stuck port data_in              ;
; vga_monitor:vga_monitor|text[8][10][3]   ; Stuck at GND due to stuck port data_in              ;
; vga_monitor:vga_monitor|text[8][10][4]   ; Stuck at VCC due to stuck port data_in              ;
; vga_monitor:vga_monitor|text[8][10][5]   ; Stuck at VCC due to stuck port data_in              ;
; vga_monitor:vga_monitor|text[8][10][6]   ; Stuck at GND due to stuck port data_in              ;
; vga_monitor:vga_monitor|text[8][9][3]    ; Stuck at GND due to stuck port data_in              ;
; vga_monitor:vga_monitor|text[8][9][4]    ; Stuck at VCC due to stuck port data_in              ;
; vga_monitor:vga_monitor|text[8][9][5]    ; Stuck at VCC due to stuck port data_in              ;
; vga_monitor:vga_monitor|text[8][9][6]    ; Stuck at GND due to stuck port data_in              ;
; vga_monitor:vga_monitor|text[8][8][3]    ; Stuck at GND due to stuck port data_in              ;
; vga_monitor:vga_monitor|text[8][8][4]    ; Stuck at VCC due to stuck port data_in              ;
; vga_monitor:vga_monitor|text[8][8][5]    ; Stuck at VCC due to stuck port data_in              ;
; vga_monitor:vga_monitor|text[8][8][6]    ; Stuck at GND due to stuck port data_in              ;
; vga_monitor:vga_monitor|text[8][7][3]    ; Stuck at GND due to stuck port data_in              ;
; vga_monitor:vga_monitor|text[8][7][4]    ; Stuck at VCC due to stuck port data_in              ;
; vga_monitor:vga_monitor|text[8][7][5]    ; Stuck at VCC due to stuck port data_in              ;
; vga_monitor:vga_monitor|text[8][7][6]    ; Stuck at GND due to stuck port data_in              ;
; vga_monitor:vga_monitor|text[8][6][3]    ; Stuck at GND due to stuck port data_in              ;
; vga_monitor:vga_monitor|text[8][6][4]    ; Stuck at VCC due to stuck port data_in              ;
; vga_monitor:vga_monitor|text[8][6][5]    ; Stuck at VCC due to stuck port data_in              ;
; vga_monitor:vga_monitor|text[8][6][6]    ; Stuck at GND due to stuck port data_in              ;
; vga_monitor:vga_monitor|text[8][5][3]    ; Stuck at GND due to stuck port data_in              ;
; vga_monitor:vga_monitor|text[8][5][4]    ; Stuck at VCC due to stuck port data_in              ;
; vga_monitor:vga_monitor|text[8][5][5]    ; Stuck at VCC due to stuck port data_in              ;
; vga_monitor:vga_monitor|text[8][5][6]    ; Stuck at GND due to stuck port data_in              ;
; vga_monitor:vga_monitor|text[8][4][3]    ; Stuck at GND due to stuck port data_in              ;
; vga_monitor:vga_monitor|text[8][4][4]    ; Stuck at VCC due to stuck port data_in              ;
; vga_monitor:vga_monitor|text[8][4][5]    ; Stuck at VCC due to stuck port data_in              ;
; vga_monitor:vga_monitor|text[8][4][6]    ; Stuck at GND due to stuck port data_in              ;
; vga_monitor:vga_monitor|text[7][11][4]   ; Stuck at VCC due to stuck port data_in              ;
; vga_monitor:vga_monitor|text[7][11][5]   ; Stuck at VCC due to stuck port data_in              ;
; vga_monitor:vga_monitor|text[7][11][6]   ; Stuck at GND due to stuck port data_in              ;
; vga_monitor:vga_monitor|text[7][10][3]   ; Stuck at GND due to stuck port data_in              ;
; vga_monitor:vga_monitor|text[7][10][4]   ; Stuck at VCC due to stuck port data_in              ;
; vga_monitor:vga_monitor|text[7][10][5]   ; Stuck at VCC due to stuck port data_in              ;
; vga_monitor:vga_monitor|text[7][10][6]   ; Stuck at GND due to stuck port data_in              ;
; vga_monitor:vga_monitor|text[7][9][3]    ; Stuck at GND due to stuck port data_in              ;
; vga_monitor:vga_monitor|text[7][9][4]    ; Stuck at VCC due to stuck port data_in              ;
; vga_monitor:vga_monitor|text[7][9][5]    ; Stuck at VCC due to stuck port data_in              ;
; vga_monitor:vga_monitor|text[7][9][6]    ; Stuck at GND due to stuck port data_in              ;
; vga_monitor:vga_monitor|text[7][8][3]    ; Stuck at GND due to stuck port data_in              ;
; vga_monitor:vga_monitor|text[7][8][4]    ; Stuck at VCC due to stuck port data_in              ;
; vga_monitor:vga_monitor|text[7][8][5]    ; Stuck at VCC due to stuck port data_in              ;
; vga_monitor:vga_monitor|text[7][8][6]    ; Stuck at GND due to stuck port data_in              ;
; vga_monitor:vga_monitor|text[7][7][3]    ; Stuck at GND due to stuck port data_in              ;
; vga_monitor:vga_monitor|text[7][7][4]    ; Stuck at VCC due to stuck port data_in              ;
; vga_monitor:vga_monitor|text[7][7][5]    ; Stuck at VCC due to stuck port data_in              ;
; vga_monitor:vga_monitor|text[7][7][6]    ; Stuck at GND due to stuck port data_in              ;
; vga_monitor:vga_monitor|text[7][6][3]    ; Stuck at GND due to stuck port data_in              ;
; vga_monitor:vga_monitor|text[7][6][4]    ; Stuck at VCC due to stuck port data_in              ;
; vga_monitor:vga_monitor|text[7][6][5]    ; Stuck at VCC due to stuck port data_in              ;
; vga_monitor:vga_monitor|text[7][6][6]    ; Stuck at GND due to stuck port data_in              ;
; vga_monitor:vga_monitor|text[7][5][3]    ; Stuck at GND due to stuck port data_in              ;
; vga_monitor:vga_monitor|text[7][5][4]    ; Stuck at VCC due to stuck port data_in              ;
; vga_monitor:vga_monitor|text[7][5][5]    ; Stuck at VCC due to stuck port data_in              ;
; vga_monitor:vga_monitor|text[7][5][6]    ; Stuck at GND due to stuck port data_in              ;
; vga_monitor:vga_monitor|text[7][4][3]    ; Stuck at GND due to stuck port data_in              ;
; vga_monitor:vga_monitor|text[7][4][4]    ; Stuck at VCC due to stuck port data_in              ;
; vga_monitor:vga_monitor|text[7][4][5]    ; Stuck at VCC due to stuck port data_in              ;
; vga_monitor:vga_monitor|text[7][4][6]    ; Stuck at GND due to stuck port data_in              ;
; vga_monitor:vga_monitor|text[6][11][4]   ; Stuck at VCC due to stuck port data_in              ;
; vga_monitor:vga_monitor|text[6][11][5]   ; Stuck at VCC due to stuck port data_in              ;
; vga_monitor:vga_monitor|text[6][11][6]   ; Stuck at GND due to stuck port data_in              ;
; vga_monitor:vga_monitor|text[6][10][3]   ; Stuck at GND due to stuck port data_in              ;
; vga_monitor:vga_monitor|text[6][10][4]   ; Stuck at VCC due to stuck port data_in              ;
; vga_monitor:vga_monitor|text[6][10][5]   ; Stuck at VCC due to stuck port data_in              ;
; vga_monitor:vga_monitor|text[6][10][6]   ; Stuck at GND due to stuck port data_in              ;
; vga_monitor:vga_monitor|text[6][9][3]    ; Stuck at GND due to stuck port data_in              ;
; vga_monitor:vga_monitor|text[6][9][4]    ; Stuck at VCC due to stuck port data_in              ;
; vga_monitor:vga_monitor|text[6][9][5]    ; Stuck at VCC due to stuck port data_in              ;
; vga_monitor:vga_monitor|text[6][9][6]    ; Stuck at GND due to stuck port data_in              ;
; vga_monitor:vga_monitor|text[6][8][3]    ; Stuck at GND due to stuck port data_in              ;
; vga_monitor:vga_monitor|text[6][8][4]    ; Stuck at VCC due to stuck port data_in              ;
; vga_monitor:vga_monitor|text[6][8][5]    ; Stuck at VCC due to stuck port data_in              ;
; vga_monitor:vga_monitor|text[6][8][6]    ; Stuck at GND due to stuck port data_in              ;
; vga_monitor:vga_monitor|text[6][7][3]    ; Stuck at GND due to stuck port data_in              ;
; vga_monitor:vga_monitor|text[6][7][4]    ; Stuck at VCC due to stuck port data_in              ;
; vga_monitor:vga_monitor|text[6][7][5]    ; Stuck at VCC due to stuck port data_in              ;
; vga_monitor:vga_monitor|text[6][7][6]    ; Stuck at GND due to stuck port data_in              ;
; vga_monitor:vga_monitor|text[6][6][3]    ; Stuck at GND due to stuck port data_in              ;
; vga_monitor:vga_monitor|text[6][6][4]    ; Stuck at VCC due to stuck port data_in              ;
; vga_monitor:vga_monitor|text[6][6][5]    ; Stuck at VCC due to stuck port data_in              ;
; vga_monitor:vga_monitor|text[6][6][6]    ; Stuck at GND due to stuck port data_in              ;
; vga_monitor:vga_monitor|text[6][5][3]    ; Stuck at GND due to stuck port data_in              ;
; vga_monitor:vga_monitor|text[6][5][4]    ; Stuck at VCC due to stuck port data_in              ;
; vga_monitor:vga_monitor|text[6][5][5]    ; Stuck at VCC due to stuck port data_in              ;
; vga_monitor:vga_monitor|text[6][5][6]    ; Stuck at GND due to stuck port data_in              ;
; vga_monitor:vga_monitor|text[6][4][3]    ; Stuck at GND due to stuck port data_in              ;
; vga_monitor:vga_monitor|text[6][4][4]    ; Stuck at VCC due to stuck port data_in              ;
; vga_monitor:vga_monitor|text[6][4][5]    ; Stuck at VCC due to stuck port data_in              ;
; vga_monitor:vga_monitor|text[6][4][6]    ; Stuck at GND due to stuck port data_in              ;
; vga_monitor:vga_monitor|text[4][10][4]   ; Stuck at VCC due to stuck port data_in              ;
; vga_monitor:vga_monitor|text[4][10][5]   ; Stuck at VCC due to stuck port data_in              ;
; vga_monitor:vga_monitor|text[4][10][6]   ; Stuck at GND due to stuck port data_in              ;
; vga_monitor:vga_monitor|text[4][9][3]    ; Stuck at GND due to stuck port data_in              ;
; vga_monitor:vga_monitor|text[4][9][4]    ; Stuck at VCC due to stuck port data_in              ;
; vga_monitor:vga_monitor|text[4][9][5]    ; Stuck at VCC due to stuck port data_in              ;
; vga_monitor:vga_monitor|text[4][9][6]    ; Stuck at GND due to stuck port data_in              ;
; vga_monitor:vga_monitor|text[4][8][3]    ; Stuck at GND due to stuck port data_in              ;
; vga_monitor:vga_monitor|text[4][8][4]    ; Stuck at VCC due to stuck port data_in              ;
; vga_monitor:vga_monitor|text[4][8][5]    ; Stuck at VCC due to stuck port data_in              ;
; vga_monitor:vga_monitor|text[4][8][6]    ; Stuck at GND due to stuck port data_in              ;
; vga_monitor:vga_monitor|text[4][7][3]    ; Stuck at GND due to stuck port data_in              ;
; vga_monitor:vga_monitor|text[4][7][4]    ; Stuck at VCC due to stuck port data_in              ;
; vga_monitor:vga_monitor|text[4][7][5]    ; Stuck at VCC due to stuck port data_in              ;
; vga_monitor:vga_monitor|text[4][7][6]    ; Stuck at GND due to stuck port data_in              ;
; vga_monitor:vga_monitor|text[4][6][3]    ; Stuck at GND due to stuck port data_in              ;
; vga_monitor:vga_monitor|text[4][6][4]    ; Stuck at VCC due to stuck port data_in              ;
; vga_monitor:vga_monitor|text[4][6][5]    ; Stuck at VCC due to stuck port data_in              ;
; vga_monitor:vga_monitor|text[4][6][6]    ; Stuck at GND due to stuck port data_in              ;
; vga_monitor:vga_monitor|text[4][5][3]    ; Stuck at GND due to stuck port data_in              ;
; vga_monitor:vga_monitor|text[4][5][4]    ; Stuck at VCC due to stuck port data_in              ;
; vga_monitor:vga_monitor|text[4][5][5]    ; Stuck at VCC due to stuck port data_in              ;
; vga_monitor:vga_monitor|text[4][5][6]    ; Stuck at GND due to stuck port data_in              ;
; vga_monitor:vga_monitor|text[4][4][3]    ; Stuck at GND due to stuck port data_in              ;
; vga_monitor:vga_monitor|text[4][4][4]    ; Stuck at VCC due to stuck port data_in              ;
; vga_monitor:vga_monitor|text[4][4][5]    ; Stuck at VCC due to stuck port data_in              ;
; vga_monitor:vga_monitor|text[4][4][6]    ; Stuck at GND due to stuck port data_in              ;
; vga_monitor:vga_monitor|text[3][11][4]   ; Stuck at VCC due to stuck port data_in              ;
; vga_monitor:vga_monitor|text[3][11][5]   ; Stuck at VCC due to stuck port data_in              ;
; vga_monitor:vga_monitor|text[3][11][6]   ; Stuck at GND due to stuck port data_in              ;
; vga_monitor:vga_monitor|text[3][10][3]   ; Stuck at GND due to stuck port data_in              ;
; vga_monitor:vga_monitor|text[3][10][4]   ; Stuck at VCC due to stuck port data_in              ;
; vga_monitor:vga_monitor|text[3][10][5]   ; Stuck at VCC due to stuck port data_in              ;
; vga_monitor:vga_monitor|text[3][10][6]   ; Stuck at GND due to stuck port data_in              ;
; vga_monitor:vga_monitor|text[3][9][3]    ; Stuck at GND due to stuck port data_in              ;
; vga_monitor:vga_monitor|text[3][9][4]    ; Stuck at VCC due to stuck port data_in              ;
; vga_monitor:vga_monitor|text[3][9][5]    ; Stuck at VCC due to stuck port data_in              ;
; vga_monitor:vga_monitor|text[3][9][6]    ; Stuck at GND due to stuck port data_in              ;
; vga_monitor:vga_monitor|text[3][8][3]    ; Stuck at GND due to stuck port data_in              ;
; vga_monitor:vga_monitor|text[3][8][4]    ; Stuck at VCC due to stuck port data_in              ;
; vga_monitor:vga_monitor|text[3][8][5]    ; Stuck at VCC due to stuck port data_in              ;
; vga_monitor:vga_monitor|text[3][8][6]    ; Stuck at GND due to stuck port data_in              ;
; vga_monitor:vga_monitor|text[3][7][3]    ; Stuck at GND due to stuck port data_in              ;
; vga_monitor:vga_monitor|text[3][7][4]    ; Stuck at VCC due to stuck port data_in              ;
; vga_monitor:vga_monitor|text[3][7][5]    ; Stuck at VCC due to stuck port data_in              ;
; vga_monitor:vga_monitor|text[3][7][6]    ; Stuck at GND due to stuck port data_in              ;
; vga_monitor:vga_monitor|text[3][6][3]    ; Stuck at GND due to stuck port data_in              ;
; vga_monitor:vga_monitor|text[3][6][4]    ; Stuck at VCC due to stuck port data_in              ;
; vga_monitor:vga_monitor|text[3][6][5]    ; Stuck at VCC due to stuck port data_in              ;
; vga_monitor:vga_monitor|text[3][6][6]    ; Stuck at GND due to stuck port data_in              ;
; vga_monitor:vga_monitor|text[3][5][3]    ; Stuck at GND due to stuck port data_in              ;
; vga_monitor:vga_monitor|text[3][5][4]    ; Stuck at VCC due to stuck port data_in              ;
; vga_monitor:vga_monitor|text[3][5][5]    ; Stuck at VCC due to stuck port data_in              ;
; vga_monitor:vga_monitor|text[3][5][6]    ; Stuck at GND due to stuck port data_in              ;
; vga_monitor:vga_monitor|text[2][11][4]   ; Stuck at VCC due to stuck port data_in              ;
; vga_monitor:vga_monitor|text[2][11][5]   ; Stuck at VCC due to stuck port data_in              ;
; vga_monitor:vga_monitor|text[2][11][6]   ; Stuck at GND due to stuck port data_in              ;
; vga_monitor:vga_monitor|text[2][10][3]   ; Stuck at GND due to stuck port data_in              ;
; vga_monitor:vga_monitor|text[2][10][4]   ; Stuck at VCC due to stuck port data_in              ;
; vga_monitor:vga_monitor|text[2][10][5]   ; Stuck at VCC due to stuck port data_in              ;
; vga_monitor:vga_monitor|text[2][10][6]   ; Stuck at GND due to stuck port data_in              ;
; vga_monitor:vga_monitor|text[2][9][3]    ; Stuck at GND due to stuck port data_in              ;
; vga_monitor:vga_monitor|text[2][9][4]    ; Stuck at VCC due to stuck port data_in              ;
; vga_monitor:vga_monitor|text[2][9][5]    ; Stuck at VCC due to stuck port data_in              ;
; vga_monitor:vga_monitor|text[2][9][6]    ; Stuck at GND due to stuck port data_in              ;
; vga_monitor:vga_monitor|text[2][8][3]    ; Stuck at GND due to stuck port data_in              ;
; vga_monitor:vga_monitor|text[2][8][4]    ; Stuck at VCC due to stuck port data_in              ;
; vga_monitor:vga_monitor|text[2][8][5]    ; Stuck at VCC due to stuck port data_in              ;
; vga_monitor:vga_monitor|text[2][8][6]    ; Stuck at GND due to stuck port data_in              ;
; vga_monitor:vga_monitor|text[2][7][3]    ; Stuck at GND due to stuck port data_in              ;
; vga_monitor:vga_monitor|text[2][7][4]    ; Stuck at VCC due to stuck port data_in              ;
; vga_monitor:vga_monitor|text[2][7][5]    ; Stuck at VCC due to stuck port data_in              ;
; vga_monitor:vga_monitor|text[2][7][6]    ; Stuck at GND due to stuck port data_in              ;
; vga_monitor:vga_monitor|text[2][6][3]    ; Stuck at GND due to stuck port data_in              ;
; vga_monitor:vga_monitor|text[2][6][4]    ; Stuck at VCC due to stuck port data_in              ;
; vga_monitor:vga_monitor|text[2][6][5]    ; Stuck at VCC due to stuck port data_in              ;
; vga_monitor:vga_monitor|text[2][6][6]    ; Stuck at GND due to stuck port data_in              ;
; vga_monitor:vga_monitor|text[2][5][3]    ; Stuck at GND due to stuck port data_in              ;
; vga_monitor:vga_monitor|text[2][5][4]    ; Stuck at VCC due to stuck port data_in              ;
; vga_monitor:vga_monitor|text[2][5][5]    ; Stuck at VCC due to stuck port data_in              ;
; vga_monitor:vga_monitor|text[2][5][6]    ; Stuck at GND due to stuck port data_in              ;
; vga_monitor:vga_monitor|text4[32][3][4]  ; Merged with vga_monitor:vga_monitor|text4[32][3][5] ;
; vga_monitor:vga_monitor|text4[32][3][0]  ; Merged with vga_monitor:vga_monitor|text4[32][3][1] ;
; vga_monitor:vga_monitor|text4[31][3][1]  ; Merged with vga_monitor:vga_monitor|text4[31][3][0] ;
; vga_monitor:vga_monitor|text4[31][3][5]  ; Merged with vga_monitor:vga_monitor|text4[31][3][4] ;
; vga_monitor:vga_monitor|text4[30][3][1]  ; Merged with vga_monitor:vga_monitor|text4[30][3][0] ;
; vga_monitor:vga_monitor|text4[30][3][5]  ; Merged with vga_monitor:vga_monitor|text4[30][3][4] ;
; vga_monitor:vga_monitor|text4[29][3][1]  ; Merged with vga_monitor:vga_monitor|text4[29][3][0] ;
; vga_monitor:vga_monitor|text4[29][3][5]  ; Merged with vga_monitor:vga_monitor|text4[29][3][4] ;
; vga_monitor:vga_monitor|text4[28][3][1]  ; Merged with vga_monitor:vga_monitor|text4[28][3][0] ;
; vga_monitor:vga_monitor|text4[28][3][5]  ; Merged with vga_monitor:vga_monitor|text4[28][3][4] ;
; vga_monitor:vga_monitor|text4[27][3][1]  ; Merged with vga_monitor:vga_monitor|text4[27][3][0] ;
; vga_monitor:vga_monitor|text4[27][3][5]  ; Merged with vga_monitor:vga_monitor|text4[27][3][4] ;
; vga_monitor:vga_monitor|text4[26][3][1]  ; Merged with vga_monitor:vga_monitor|text4[26][3][0] ;
; vga_monitor:vga_monitor|text4[26][3][5]  ; Merged with vga_monitor:vga_monitor|text4[26][3][4] ;
; vga_monitor:vga_monitor|text4[25][3][1]  ; Merged with vga_monitor:vga_monitor|text4[25][3][0] ;
; vga_monitor:vga_monitor|text4[25][3][5]  ; Merged with vga_monitor:vga_monitor|text4[25][3][4] ;
; vga_monitor:vga_monitor|text4[24][3][1]  ; Merged with vga_monitor:vga_monitor|text4[24][3][0] ;
; vga_monitor:vga_monitor|text4[24][3][5]  ; Merged with vga_monitor:vga_monitor|text4[24][3][4] ;
; vga_monitor:vga_monitor|text4[23][3][1]  ; Merged with vga_monitor:vga_monitor|text4[23][3][0] ;
; vga_monitor:vga_monitor|text4[23][3][5]  ; Merged with vga_monitor:vga_monitor|text4[23][3][4] ;
; vga_monitor:vga_monitor|text4[22][3][1]  ; Merged with vga_monitor:vga_monitor|text4[22][3][0] ;
; vga_monitor:vga_monitor|text4[22][3][5]  ; Merged with vga_monitor:vga_monitor|text4[22][3][4] ;
; vga_monitor:vga_monitor|text4[21][3][1]  ; Merged with vga_monitor:vga_monitor|text4[21][3][0] ;
; vga_monitor:vga_monitor|text4[21][3][5]  ; Merged with vga_monitor:vga_monitor|text4[21][3][4] ;
; vga_monitor:vga_monitor|text4[20][3][1]  ; Merged with vga_monitor:vga_monitor|text4[20][3][0] ;
; vga_monitor:vga_monitor|text4[20][3][5]  ; Merged with vga_monitor:vga_monitor|text4[20][3][4] ;
; vga_monitor:vga_monitor|text4[19][3][1]  ; Merged with vga_monitor:vga_monitor|text4[19][3][0] ;
; vga_monitor:vga_monitor|text4[19][3][5]  ; Merged with vga_monitor:vga_monitor|text4[19][3][4] ;
; vga_monitor:vga_monitor|text4[18][3][1]  ; Merged with vga_monitor:vga_monitor|text4[18][3][0] ;
; vga_monitor:vga_monitor|text4[18][3][5]  ; Merged with vga_monitor:vga_monitor|text4[18][3][4] ;
; vga_monitor:vga_monitor|text4[17][3][1]  ; Merged with vga_monitor:vga_monitor|text4[17][3][0] ;
; vga_monitor:vga_monitor|text4[17][3][5]  ; Merged with vga_monitor:vga_monitor|text4[17][3][4] ;
; vga_monitor:vga_monitor|text4[16][3][1]  ; Merged with vga_monitor:vga_monitor|text4[16][3][0] ;
; vga_monitor:vga_monitor|text4[16][3][5]  ; Merged with vga_monitor:vga_monitor|text4[16][3][4] ;
; vga_monitor:vga_monitor|text4[15][3][1]  ; Merged with vga_monitor:vga_monitor|text4[15][3][0] ;
; vga_monitor:vga_monitor|text4[15][3][5]  ; Merged with vga_monitor:vga_monitor|text4[15][3][4] ;
; vga_monitor:vga_monitor|text4[14][3][1]  ; Merged with vga_monitor:vga_monitor|text4[14][3][0] ;
; vga_monitor:vga_monitor|text4[14][3][5]  ; Merged with vga_monitor:vga_monitor|text4[14][3][4] ;
; vga_monitor:vga_monitor|text4[13][3][1]  ; Merged with vga_monitor:vga_monitor|text4[13][3][0] ;
; vga_monitor:vga_monitor|text4[13][3][5]  ; Merged with vga_monitor:vga_monitor|text4[13][3][4] ;
; vga_monitor:vga_monitor|text4[12][3][1]  ; Merged with vga_monitor:vga_monitor|text4[12][3][0] ;
; vga_monitor:vga_monitor|text4[12][3][5]  ; Merged with vga_monitor:vga_monitor|text4[12][3][4] ;
; vga_monitor:vga_monitor|text4[11][3][1]  ; Merged with vga_monitor:vga_monitor|text4[11][3][0] ;
; vga_monitor:vga_monitor|text4[11][3][5]  ; Merged with vga_monitor:vga_monitor|text4[11][3][4] ;
; vga_monitor:vga_monitor|text4[10][3][1]  ; Merged with vga_monitor:vga_monitor|text4[10][3][0] ;
; vga_monitor:vga_monitor|text4[10][3][5]  ; Merged with vga_monitor:vga_monitor|text4[10][3][4] ;
; vga_monitor:vga_monitor|text4[9][3][1]   ; Merged with vga_monitor:vga_monitor|text4[9][3][0]  ;
; vga_monitor:vga_monitor|text4[9][3][5]   ; Merged with vga_monitor:vga_monitor|text4[9][3][4]  ;
; vga_monitor:vga_monitor|text4[8][3][1]   ; Merged with vga_monitor:vga_monitor|text4[8][3][0]  ;
; vga_monitor:vga_monitor|text4[8][3][5]   ; Merged with vga_monitor:vga_monitor|text4[8][3][4]  ;
; vga_monitor:vga_monitor|text4[7][3][1]   ; Merged with vga_monitor:vga_monitor|text4[7][3][0]  ;
; vga_monitor:vga_monitor|text4[7][3][5]   ; Merged with vga_monitor:vga_monitor|text4[7][3][4]  ;
; vga_monitor:vga_monitor|text4[6][3][1]   ; Merged with vga_monitor:vga_monitor|text4[6][3][0]  ;
; vga_monitor:vga_monitor|text4[6][3][5]   ; Merged with vga_monitor:vga_monitor|text4[6][3][4]  ;
; vga_monitor:vga_monitor|text4[5][3][1]   ; Merged with vga_monitor:vga_monitor|text4[5][3][0]  ;
; vga_monitor:vga_monitor|text4[5][3][5]   ; Merged with vga_monitor:vga_monitor|text4[5][3][4]  ;
; vga_monitor:vga_monitor|text4[4][3][1]   ; Merged with vga_monitor:vga_monitor|text4[4][3][0]  ;
; vga_monitor:vga_monitor|text4[4][3][5]   ; Merged with vga_monitor:vga_monitor|text4[4][3][4]  ;
; vga_monitor:vga_monitor|text4[3][3][1]   ; Merged with vga_monitor:vga_monitor|text4[3][3][0]  ;
; vga_monitor:vga_monitor|text4[3][3][5]   ; Merged with vga_monitor:vga_monitor|text4[3][3][4]  ;
; vga_monitor:vga_monitor|text4[2][3][1]   ; Merged with vga_monitor:vga_monitor|text4[2][3][0]  ;
; vga_monitor:vga_monitor|text4[2][3][5]   ; Merged with vga_monitor:vga_monitor|text4[2][3][4]  ;
; vga_monitor:vga_monitor|text4[1][3][1]   ; Merged with vga_monitor:vga_monitor|text4[1][3][0]  ;
; vga_monitor:vga_monitor|text4[1][3][5]   ; Merged with vga_monitor:vga_monitor|text4[1][3][4]  ;
; vga_monitor:vga_monitor|text4[0][3][5]   ; Merged with vga_monitor:vga_monitor|text4[0][3][4]  ;
; vga_monitor:vga_monitor|text4[0][0][5]   ; Merged with vga_monitor:vga_monitor|text4[0][2][4]  ;
; vga_monitor:vga_monitor|text4[0][0][4]   ; Merged with vga_monitor:vga_monitor|text4[0][2][4]  ;
; vga_monitor:vga_monitor|text4[0][1][5]   ; Merged with vga_monitor:vga_monitor|text4[0][2][4]  ;
; vga_monitor:vga_monitor|text4[0][1][4]   ; Merged with vga_monitor:vga_monitor|text4[0][2][4]  ;
; vga_monitor:vga_monitor|text4[0][2][5]   ; Merged with vga_monitor:vga_monitor|text4[0][2][4]  ;
; vga_monitor:vga_monitor|text4[0][2][6]   ; Merged with vga_monitor:vga_monitor|text4[0][2][4]  ;
; vga_monitor:vga_monitor|text4[0][1][0]   ; Merged with vga_monitor:vga_monitor|text4[0][2][4]  ;
; vga_monitor:vga_monitor|text4[0][1][2]   ; Merged with vga_monitor:vga_monitor|text4[0][2][4]  ;
; vga_monitor:vga_monitor|text4[0][0][0]   ; Merged with vga_monitor:vga_monitor|text4[0][2][4]  ;
; vga_monitor:vga_monitor|text4[0][0][3]   ; Merged with vga_monitor:vga_monitor|text4[0][2][4]  ;
; vga_monitor:vga_monitor|text4[0][0][6]   ; Merged with vga_monitor:vga_monitor|text4[0][2][4]  ;
; vga_monitor:vga_monitor|text[17][11][2]  ; Merged with vga_monitor:vga_monitor|text[17][11][0] ;
; vga_monitor:vga_monitor|text[17][11][1]  ; Merged with vga_monitor:vga_monitor|text[17][11][0] ;
; vga_monitor:vga_monitor|text[17][10][2]  ; Merged with vga_monitor:vga_monitor|text[17][10][0] ;
; vga_monitor:vga_monitor|text[17][10][1]  ; Merged with vga_monitor:vga_monitor|text[17][10][0] ;
; vga_monitor:vga_monitor|text[17][9][2]   ; Merged with vga_monitor:vga_monitor|text[17][9][0]  ;
; vga_monitor:vga_monitor|text[17][9][1]   ; Merged with vga_monitor:vga_monitor|text[17][9][0]  ;
; vga_monitor:vga_monitor|text[17][8][2]   ; Merged with vga_monitor:vga_monitor|text[17][8][0]  ;
; vga_monitor:vga_monitor|text[17][8][1]   ; Merged with vga_monitor:vga_monitor|text[17][8][0]  ;
; vga_monitor:vga_monitor|text[17][7][2]   ; Merged with vga_monitor:vga_monitor|text[17][7][0]  ;
; vga_monitor:vga_monitor|text[17][7][1]   ; Merged with vga_monitor:vga_monitor|text[17][7][0]  ;
; vga_monitor:vga_monitor|text[17][6][2]   ; Merged with vga_monitor:vga_monitor|text[17][6][0]  ;
; vga_monitor:vga_monitor|text[17][6][1]   ; Merged with vga_monitor:vga_monitor|text[17][6][0]  ;
; vga_monitor:vga_monitor|text[17][5][2]   ; Merged with vga_monitor:vga_monitor|text[17][5][0]  ;
; vga_monitor:vga_monitor|text[17][5][1]   ; Merged with vga_monitor:vga_monitor|text[17][5][0]  ;
; vga_monitor:vga_monitor|text[17][4][2]   ; Merged with vga_monitor:vga_monitor|text[17][4][0]  ;
; vga_monitor:vga_monitor|text[17][4][1]   ; Merged with vga_monitor:vga_monitor|text[17][4][0]  ;
; vga_monitor:vga_monitor|text[14][10][2]  ; Merged with vga_monitor:vga_monitor|text[14][10][0] ;
; vga_monitor:vga_monitor|text[14][10][1]  ; Merged with vga_monitor:vga_monitor|text[14][10][0] ;
; vga_monitor:vga_monitor|text[14][9][2]   ; Merged with vga_monitor:vga_monitor|text[14][9][0]  ;
; vga_monitor:vga_monitor|text[14][9][1]   ; Merged with vga_monitor:vga_monitor|text[14][9][0]  ;
; vga_monitor:vga_monitor|text[14][8][2]   ; Merged with vga_monitor:vga_monitor|text[14][8][0]  ;
; vga_monitor:vga_monitor|text[14][8][1]   ; Merged with vga_monitor:vga_monitor|text[14][8][0]  ;
; vga_monitor:vga_monitor|text[14][7][2]   ; Merged with vga_monitor:vga_monitor|text[14][7][0]  ;
; vga_monitor:vga_monitor|text[14][7][1]   ; Merged with vga_monitor:vga_monitor|text[14][7][0]  ;
; vga_monitor:vga_monitor|text[14][6][2]   ; Merged with vga_monitor:vga_monitor|text[14][6][0]  ;
; vga_monitor:vga_monitor|text[14][6][1]   ; Merged with vga_monitor:vga_monitor|text[14][6][0]  ;
; vga_monitor:vga_monitor|text[14][5][2]   ; Merged with vga_monitor:vga_monitor|text[14][5][0]  ;
; vga_monitor:vga_monitor|text[14][5][1]   ; Merged with vga_monitor:vga_monitor|text[14][5][0]  ;
; vga_monitor:vga_monitor|text[14][4][2]   ; Merged with vga_monitor:vga_monitor|text[14][4][0]  ;
; vga_monitor:vga_monitor|text[14][4][1]   ; Merged with vga_monitor:vga_monitor|text[14][4][0]  ;
; vga_monitor:vga_monitor|text[11][10][2]  ; Merged with vga_monitor:vga_monitor|text[11][10][0] ;
; vga_monitor:vga_monitor|text[11][10][1]  ; Merged with vga_monitor:vga_monitor|text[11][10][0] ;
; vga_monitor:vga_monitor|text[11][9][2]   ; Merged with vga_monitor:vga_monitor|text[11][9][0]  ;
; vga_monitor:vga_monitor|text[11][9][1]   ; Merged with vga_monitor:vga_monitor|text[11][9][0]  ;
; vga_monitor:vga_monitor|text[11][8][2]   ; Merged with vga_monitor:vga_monitor|text[11][8][0]  ;
; vga_monitor:vga_monitor|text[11][8][1]   ; Merged with vga_monitor:vga_monitor|text[11][8][0]  ;
; vga_monitor:vga_monitor|text[11][7][2]   ; Merged with vga_monitor:vga_monitor|text[11][7][0]  ;
; vga_monitor:vga_monitor|text[11][7][1]   ; Merged with vga_monitor:vga_monitor|text[11][7][0]  ;
; vga_monitor:vga_monitor|text[11][6][2]   ; Merged with vga_monitor:vga_monitor|text[11][6][0]  ;
; vga_monitor:vga_monitor|text[11][6][1]   ; Merged with vga_monitor:vga_monitor|text[11][6][0]  ;
; vga_monitor:vga_monitor|text[11][5][2]   ; Merged with vga_monitor:vga_monitor|text[11][5][0]  ;
; vga_monitor:vga_monitor|text[11][5][1]   ; Merged with vga_monitor:vga_monitor|text[11][5][0]  ;
; vga_monitor:vga_monitor|text[11][4][2]   ; Merged with vga_monitor:vga_monitor|text[11][4][0]  ;
; vga_monitor:vga_monitor|text[11][4][1]   ; Merged with vga_monitor:vga_monitor|text[11][4][0]  ;
; vga_monitor:vga_monitor|text[8][10][2]   ; Merged with vga_monitor:vga_monitor|text[8][10][0]  ;
; vga_monitor:vga_monitor|text[8][10][1]   ; Merged with vga_monitor:vga_monitor|text[8][10][0]  ;
; vga_monitor:vga_monitor|text[8][9][2]    ; Merged with vga_monitor:vga_monitor|text[8][9][0]   ;
; vga_monitor:vga_monitor|text[8][9][1]    ; Merged with vga_monitor:vga_monitor|text[8][9][0]   ;
; vga_monitor:vga_monitor|text[8][8][2]    ; Merged with vga_monitor:vga_monitor|text[8][8][0]   ;
; vga_monitor:vga_monitor|text[8][8][1]    ; Merged with vga_monitor:vga_monitor|text[8][8][0]   ;
; vga_monitor:vga_monitor|text[8][7][2]    ; Merged with vga_monitor:vga_monitor|text[8][7][0]   ;
; vga_monitor:vga_monitor|text[8][7][1]    ; Merged with vga_monitor:vga_monitor|text[8][7][0]   ;
; vga_monitor:vga_monitor|text[8][6][2]    ; Merged with vga_monitor:vga_monitor|text[8][6][0]   ;
; vga_monitor:vga_monitor|text[8][6][1]    ; Merged with vga_monitor:vga_monitor|text[8][6][0]   ;
; vga_monitor:vga_monitor|text[8][5][2]    ; Merged with vga_monitor:vga_monitor|text[8][5][0]   ;
; vga_monitor:vga_monitor|text[8][5][1]    ; Merged with vga_monitor:vga_monitor|text[8][5][0]   ;
; vga_monitor:vga_monitor|text[8][4][2]    ; Merged with vga_monitor:vga_monitor|text[8][4][0]   ;
; vga_monitor:vga_monitor|text[8][4][1]    ; Merged with vga_monitor:vga_monitor|text[8][4][0]   ;
; vga_monitor:vga_monitor|text[7][10][2]   ; Merged with vga_monitor:vga_monitor|text[7][10][0]  ;
; vga_monitor:vga_monitor|text[7][10][1]   ; Merged with vga_monitor:vga_monitor|text[7][10][0]  ;
; vga_monitor:vga_monitor|text[7][9][2]    ; Merged with vga_monitor:vga_monitor|text[7][9][0]   ;
; vga_monitor:vga_monitor|text[7][9][1]    ; Merged with vga_monitor:vga_monitor|text[7][9][0]   ;
; vga_monitor:vga_monitor|text[7][8][2]    ; Merged with vga_monitor:vga_monitor|text[7][8][0]   ;
; vga_monitor:vga_monitor|text[7][8][1]    ; Merged with vga_monitor:vga_monitor|text[7][8][0]   ;
; vga_monitor:vga_monitor|text[7][7][2]    ; Merged with vga_monitor:vga_monitor|text[7][7][0]   ;
; vga_monitor:vga_monitor|text[7][7][1]    ; Merged with vga_monitor:vga_monitor|text[7][7][0]   ;
; vga_monitor:vga_monitor|text[7][6][2]    ; Merged with vga_monitor:vga_monitor|text[7][6][0]   ;
; vga_monitor:vga_monitor|text[7][6][1]    ; Merged with vga_monitor:vga_monitor|text[7][6][0]   ;
; vga_monitor:vga_monitor|text[7][5][2]    ; Merged with vga_monitor:vga_monitor|text[7][5][0]   ;
; vga_monitor:vga_monitor|text[7][5][1]    ; Merged with vga_monitor:vga_monitor|text[7][5][0]   ;
; vga_monitor:vga_monitor|text[7][4][2]    ; Merged with vga_monitor:vga_monitor|text[7][4][0]   ;
; vga_monitor:vga_monitor|text[7][4][1]    ; Merged with vga_monitor:vga_monitor|text[7][4][0]   ;
; vga_monitor:vga_monitor|text[6][10][2]   ; Merged with vga_monitor:vga_monitor|text[6][10][0]  ;
; vga_monitor:vga_monitor|text[6][10][1]   ; Merged with vga_monitor:vga_monitor|text[6][10][0]  ;
; vga_monitor:vga_monitor|text[6][9][2]    ; Merged with vga_monitor:vga_monitor|text[6][9][0]   ;
; vga_monitor:vga_monitor|text[6][9][1]    ; Merged with vga_monitor:vga_monitor|text[6][9][0]   ;
; vga_monitor:vga_monitor|text[6][8][2]    ; Merged with vga_monitor:vga_monitor|text[6][8][0]   ;
; vga_monitor:vga_monitor|text[6][8][1]    ; Merged with vga_monitor:vga_monitor|text[6][8][0]   ;
; vga_monitor:vga_monitor|text[6][7][2]    ; Merged with vga_monitor:vga_monitor|text[6][7][0]   ;
; vga_monitor:vga_monitor|text[6][7][1]    ; Merged with vga_monitor:vga_monitor|text[6][7][0]   ;
; vga_monitor:vga_monitor|text[6][6][2]    ; Merged with vga_monitor:vga_monitor|text[6][6][0]   ;
; vga_monitor:vga_monitor|text[6][6][1]    ; Merged with vga_monitor:vga_monitor|text[6][6][0]   ;
; vga_monitor:vga_monitor|text[6][5][2]    ; Merged with vga_monitor:vga_monitor|text[6][5][0]   ;
; vga_monitor:vga_monitor|text[6][5][1]    ; Merged with vga_monitor:vga_monitor|text[6][5][0]   ;
; vga_monitor:vga_monitor|text[6][4][2]    ; Merged with vga_monitor:vga_monitor|text[6][4][0]   ;
; vga_monitor:vga_monitor|text[6][4][1]    ; Merged with vga_monitor:vga_monitor|text[6][4][0]   ;
; vga_monitor:vga_monitor|text[4][9][2]    ; Merged with vga_monitor:vga_monitor|text[4][9][0]   ;
; vga_monitor:vga_monitor|text[4][9][1]    ; Merged with vga_monitor:vga_monitor|text[4][9][0]   ;
; vga_monitor:vga_monitor|text[4][8][2]    ; Merged with vga_monitor:vga_monitor|text[4][8][0]   ;
; vga_monitor:vga_monitor|text[4][8][1]    ; Merged with vga_monitor:vga_monitor|text[4][8][0]   ;
; vga_monitor:vga_monitor|text[4][7][2]    ; Merged with vga_monitor:vga_monitor|text[4][7][0]   ;
; vga_monitor:vga_monitor|text[4][7][1]    ; Merged with vga_monitor:vga_monitor|text[4][7][0]   ;
; vga_monitor:vga_monitor|text[4][6][2]    ; Merged with vga_monitor:vga_monitor|text[4][6][0]   ;
; vga_monitor:vga_monitor|text[4][6][1]    ; Merged with vga_monitor:vga_monitor|text[4][6][0]   ;
; vga_monitor:vga_monitor|text[4][5][2]    ; Merged with vga_monitor:vga_monitor|text[4][5][0]   ;
; vga_monitor:vga_monitor|text[4][5][1]    ; Merged with vga_monitor:vga_monitor|text[4][5][0]   ;
; vga_monitor:vga_monitor|text[4][4][2]    ; Merged with vga_monitor:vga_monitor|text[4][4][0]   ;
; vga_monitor:vga_monitor|text[4][4][1]    ; Merged with vga_monitor:vga_monitor|text[4][4][0]   ;
; vga_monitor:vga_monitor|text[3][10][2]   ; Merged with vga_monitor:vga_monitor|text[3][10][0]  ;
; vga_monitor:vga_monitor|text[3][10][1]   ; Merged with vga_monitor:vga_monitor|text[3][10][0]  ;
; vga_monitor:vga_monitor|text[3][9][2]    ; Merged with vga_monitor:vga_monitor|text[3][9][0]   ;
; vga_monitor:vga_monitor|text[3][9][1]    ; Merged with vga_monitor:vga_monitor|text[3][9][0]   ;
; vga_monitor:vga_monitor|text[3][8][2]    ; Merged with vga_monitor:vga_monitor|text[3][8][0]   ;
; vga_monitor:vga_monitor|text[3][8][1]    ; Merged with vga_monitor:vga_monitor|text[3][8][0]   ;
; vga_monitor:vga_monitor|text[3][7][2]    ; Merged with vga_monitor:vga_monitor|text[3][7][0]   ;
; vga_monitor:vga_monitor|text[3][7][1]    ; Merged with vga_monitor:vga_monitor|text[3][7][0]   ;
; vga_monitor:vga_monitor|text[3][6][2]    ; Merged with vga_monitor:vga_monitor|text[3][6][0]   ;
; vga_monitor:vga_monitor|text[3][6][1]    ; Merged with vga_monitor:vga_monitor|text[3][6][0]   ;
; vga_monitor:vga_monitor|text[3][5][2]    ; Merged with vga_monitor:vga_monitor|text[3][5][0]   ;
; vga_monitor:vga_monitor|text[3][5][1]    ; Merged with vga_monitor:vga_monitor|text[3][5][0]   ;
; vga_monitor:vga_monitor|text[2][10][2]   ; Merged with vga_monitor:vga_monitor|text[2][10][0]  ;
; vga_monitor:vga_monitor|text[2][10][1]   ; Merged with vga_monitor:vga_monitor|text[2][10][0]  ;
; vga_monitor:vga_monitor|text[2][9][2]    ; Merged with vga_monitor:vga_monitor|text[2][9][0]   ;
; vga_monitor:vga_monitor|text[2][9][1]    ; Merged with vga_monitor:vga_monitor|text[2][9][0]   ;
; vga_monitor:vga_monitor|text[2][8][2]    ; Merged with vga_monitor:vga_monitor|text[2][8][0]   ;
; vga_monitor:vga_monitor|text[2][8][1]    ; Merged with vga_monitor:vga_monitor|text[2][8][0]   ;
; vga_monitor:vga_monitor|text[2][7][2]    ; Merged with vga_monitor:vga_monitor|text[2][7][0]   ;
; vga_monitor:vga_monitor|text[2][7][1]    ; Merged with vga_monitor:vga_monitor|text[2][7][0]   ;
; vga_monitor:vga_monitor|text[2][6][2]    ; Merged with vga_monitor:vga_monitor|text[2][6][0]   ;
; vga_monitor:vga_monitor|text[2][6][1]    ; Merged with vga_monitor:vga_monitor|text[2][6][0]   ;
; vga_monitor:vga_monitor|text[2][5][2]    ; Merged with vga_monitor:vga_monitor|text[2][5][0]   ;
; vga_monitor:vga_monitor|text[2][5][1]    ; Merged with vga_monitor:vga_monitor|text[2][5][0]   ;
; vga_monitor:vga_monitor|text[11][4][0]   ; Merged with vga_monitor:vga_monitor|text[11][10][0] ;
; vga_monitor:vga_monitor|text[11][5][0]   ; Merged with vga_monitor:vga_monitor|text[11][10][0] ;
; vga_monitor:vga_monitor|text[11][6][0]   ; Merged with vga_monitor:vga_monitor|text[11][10][0] ;
; vga_monitor:vga_monitor|text[11][7][0]   ; Merged with vga_monitor:vga_monitor|text[11][10][0] ;
; vga_monitor:vga_monitor|text[11][8][0]   ; Merged with vga_monitor:vga_monitor|text[11][10][0] ;
; vga_monitor:vga_monitor|text[11][9][0]   ; Merged with vga_monitor:vga_monitor|text[11][10][0] ;
; vga_monitor:vga_monitor|text[14][10][0]  ; Merged with vga_monitor:vga_monitor|text[11][10][0] ;
; vga_monitor:vga_monitor|text[14][4][0]   ; Merged with vga_monitor:vga_monitor|text[11][10][0] ;
; vga_monitor:vga_monitor|text[14][5][0]   ; Merged with vga_monitor:vga_monitor|text[11][10][0] ;
; vga_monitor:vga_monitor|text[14][6][0]   ; Merged with vga_monitor:vga_monitor|text[11][10][0] ;
; vga_monitor:vga_monitor|text[14][7][0]   ; Merged with vga_monitor:vga_monitor|text[11][10][0] ;
; vga_monitor:vga_monitor|text[14][8][0]   ; Merged with vga_monitor:vga_monitor|text[11][10][0] ;
; vga_monitor:vga_monitor|text[14][9][0]   ; Merged with vga_monitor:vga_monitor|text[11][10][0] ;
; vga_monitor:vga_monitor|text[17][10][0]  ; Merged with vga_monitor:vga_monitor|text[11][10][0] ;
; vga_monitor:vga_monitor|text[17][11][0]  ; Merged with vga_monitor:vga_monitor|text[11][10][0] ;
; vga_monitor:vga_monitor|text[17][4][0]   ; Merged with vga_monitor:vga_monitor|text[11][10][0] ;
; vga_monitor:vga_monitor|text[17][5][0]   ; Merged with vga_monitor:vga_monitor|text[11][10][0] ;
; vga_monitor:vga_monitor|text[17][6][0]   ; Merged with vga_monitor:vga_monitor|text[11][10][0] ;
; vga_monitor:vga_monitor|text[17][7][0]   ; Merged with vga_monitor:vga_monitor|text[11][10][0] ;
; vga_monitor:vga_monitor|text[17][8][0]   ; Merged with vga_monitor:vga_monitor|text[11][10][0] ;
; vga_monitor:vga_monitor|text[17][9][0]   ; Merged with vga_monitor:vga_monitor|text[11][10][0] ;
; vga_monitor:vga_monitor|text[2][10][0]   ; Merged with vga_monitor:vga_monitor|text[11][10][0] ;
; vga_monitor:vga_monitor|text[2][5][0]    ; Merged with vga_monitor:vga_monitor|text[11][10][0] ;
; vga_monitor:vga_monitor|text[2][6][0]    ; Merged with vga_monitor:vga_monitor|text[11][10][0] ;
; vga_monitor:vga_monitor|text[2][7][0]    ; Merged with vga_monitor:vga_monitor|text[11][10][0] ;
; vga_monitor:vga_monitor|text[2][8][0]    ; Merged with vga_monitor:vga_monitor|text[11][10][0] ;
; vga_monitor:vga_monitor|text[2][9][0]    ; Merged with vga_monitor:vga_monitor|text[11][10][0] ;
; vga_monitor:vga_monitor|text[3][10][0]   ; Merged with vga_monitor:vga_monitor|text[11][10][0] ;
; vga_monitor:vga_monitor|text[3][5][0]    ; Merged with vga_monitor:vga_monitor|text[11][10][0] ;
; vga_monitor:vga_monitor|text[3][6][0]    ; Merged with vga_monitor:vga_monitor|text[11][10][0] ;
; vga_monitor:vga_monitor|text[3][7][0]    ; Merged with vga_monitor:vga_monitor|text[11][10][0] ;
; vga_monitor:vga_monitor|text[3][8][0]    ; Merged with vga_monitor:vga_monitor|text[11][10][0] ;
; vga_monitor:vga_monitor|text[3][9][0]    ; Merged with vga_monitor:vga_monitor|text[11][10][0] ;
; vga_monitor:vga_monitor|text[4][4][0]    ; Merged with vga_monitor:vga_monitor|text[11][10][0] ;
; vga_monitor:vga_monitor|text[4][5][0]    ; Merged with vga_monitor:vga_monitor|text[11][10][0] ;
; vga_monitor:vga_monitor|text[4][6][0]    ; Merged with vga_monitor:vga_monitor|text[11][10][0] ;
; vga_monitor:vga_monitor|text[4][7][0]    ; Merged with vga_monitor:vga_monitor|text[11][10][0] ;
; vga_monitor:vga_monitor|text[4][8][0]    ; Merged with vga_monitor:vga_monitor|text[11][10][0] ;
; vga_monitor:vga_monitor|text[4][9][0]    ; Merged with vga_monitor:vga_monitor|text[11][10][0] ;
; vga_monitor:vga_monitor|text[6][10][0]   ; Merged with vga_monitor:vga_monitor|text[11][10][0] ;
; vga_monitor:vga_monitor|text[6][4][0]    ; Merged with vga_monitor:vga_monitor|text[11][10][0] ;
; vga_monitor:vga_monitor|text[6][5][0]    ; Merged with vga_monitor:vga_monitor|text[11][10][0] ;
; vga_monitor:vga_monitor|text[6][6][0]    ; Merged with vga_monitor:vga_monitor|text[11][10][0] ;
; vga_monitor:vga_monitor|text[6][7][0]    ; Merged with vga_monitor:vga_monitor|text[11][10][0] ;
; vga_monitor:vga_monitor|text[6][8][0]    ; Merged with vga_monitor:vga_monitor|text[11][10][0] ;
; vga_monitor:vga_monitor|text[6][9][0]    ; Merged with vga_monitor:vga_monitor|text[11][10][0] ;
; vga_monitor:vga_monitor|text[7][10][0]   ; Merged with vga_monitor:vga_monitor|text[11][10][0] ;
; vga_monitor:vga_monitor|text[7][4][0]    ; Merged with vga_monitor:vga_monitor|text[11][10][0] ;
; vga_monitor:vga_monitor|text[7][5][0]    ; Merged with vga_monitor:vga_monitor|text[11][10][0] ;
; vga_monitor:vga_monitor|text[7][6][0]    ; Merged with vga_monitor:vga_monitor|text[11][10][0] ;
; vga_monitor:vga_monitor|text[7][7][0]    ; Merged with vga_monitor:vga_monitor|text[11][10][0] ;
; vga_monitor:vga_monitor|text[7][8][0]    ; Merged with vga_monitor:vga_monitor|text[11][10][0] ;
; vga_monitor:vga_monitor|text[7][9][0]    ; Merged with vga_monitor:vga_monitor|text[11][10][0] ;
; vga_monitor:vga_monitor|text[8][10][0]   ; Merged with vga_monitor:vga_monitor|text[11][10][0] ;
; vga_monitor:vga_monitor|text[8][4][0]    ; Merged with vga_monitor:vga_monitor|text[11][10][0] ;
; vga_monitor:vga_monitor|text[8][5][0]    ; Merged with vga_monitor:vga_monitor|text[11][10][0] ;
; vga_monitor:vga_monitor|text[8][6][0]    ; Merged with vga_monitor:vga_monitor|text[11][10][0] ;
; vga_monitor:vga_monitor|text[8][7][0]    ; Merged with vga_monitor:vga_monitor|text[11][10][0] ;
; vga_monitor:vga_monitor|text[8][8][0]    ; Merged with vga_monitor:vga_monitor|text[11][10][0] ;
; vga_monitor:vga_monitor|text[8][9][0]    ; Merged with vga_monitor:vga_monitor|text[11][10][0] ;
; vga_monitor:vga_monitor|text[3][12][0]   ; Merged with vga_monitor:vga_monitor|text[0][9][0]   ;
; vga_monitor:vga_monitor|text[1][11][1]   ; Merged with vga_monitor:vga_monitor|text[1][11][0]  ;
; vga_monitor:vga_monitor|text[8][11][2]   ; Merged with vga_monitor:vga_monitor|text[8][11][1]  ;
; vga_monitor:vga_monitor|text[7][11][2]   ; Merged with vga_monitor:vga_monitor|text[7][11][1]  ;
; vga_monitor:vga_monitor|text[6][11][2]   ; Merged with vga_monitor:vga_monitor|text[6][11][1]  ;
; vga_monitor:vga_monitor|text[4][10][2]   ; Merged with vga_monitor:vga_monitor|text[4][10][1]  ;
; vga_monitor:vga_monitor|text[3][11][2]   ; Merged with vga_monitor:vga_monitor|text[3][11][1]  ;
; vga_monitor:vga_monitor|text[3][12][1]   ; Merged with vga_monitor:vga_monitor|text[0][9][1]   ;
; vga_monitor:vga_monitor|text[2][11][2]   ; Merged with vga_monitor:vga_monitor|text[2][11][1]  ;
; vga_monitor:vga_monitor|text[3][12][2]   ; Merged with vga_monitor:vga_monitor|text[0][9][2]   ;
; vga_monitor:vga_monitor|text[3][12][3]   ; Merged with vga_monitor:vga_monitor|text[0][9][3]   ;
; vga_monitor:vga_monitor|text[3][12][4]   ; Merged with vga_monitor:vga_monitor|text[0][9][4]   ;
; vga_monitor:vga_monitor|text[3][12][5]   ; Merged with vga_monitor:vga_monitor|text[0][9][5]   ;
; vga_monitor:vga_monitor|text[3][12][6]   ; Merged with vga_monitor:vga_monitor|text[0][9][6]   ;
; vga_monitor:vga_monitor|text[14][11][3]  ; Stuck at GND due to stuck port data_in              ;
; vga_monitor:vga_monitor|text[14][11][4]  ; Stuck at VCC due to stuck port data_in              ;
; vga_monitor:vga_monitor|text[14][11][5]  ; Stuck at VCC due to stuck port data_in              ;
; vga_monitor:vga_monitor|text[14][11][6]  ; Stuck at GND due to stuck port data_in              ;
; vga_monitor:vga_monitor|text[11][10][0]  ; Stuck at GND due to stuck port data_in              ;
; vga_monitor:vga_monitor|text[8][11][1]   ; Stuck at GND due to stuck port data_in              ;
; vga_monitor:vga_monitor|text[8][11][3]   ; Stuck at GND due to stuck port data_in              ;
; vga_monitor:vga_monitor|text[2][11][1]   ; Stuck at GND due to stuck port data_in              ;
; vga_monitor:vga_monitor|text[2][11][3]   ; Stuck at GND due to stuck port data_in              ;
; vga_monitor:vga_monitor|text4[0][3][0]   ; Stuck at VCC due to stuck port data_in              ;
; vga_monitor:vga_monitor|text4[0][3][1]   ; Stuck at GND due to stuck port data_in              ;
; vga_monitor:vga_monitor|text4[0][3][2]   ; Stuck at VCC due to stuck port data_in              ;
; vga_monitor:vga_monitor|text4[0][3][3]   ; Stuck at VCC due to stuck port data_in              ;
; vga_monitor:vga_monitor|text4[0][3][4]   ; Stuck at GND due to stuck port data_in              ;
; vga_monitor:vga_monitor|text4[0][3][6]   ; Stuck at VCC due to stuck port data_in              ;
; vga_monitor:vga_monitor|text4[0][2][0]   ; Stuck at VCC due to stuck port data_in              ;
; vga_monitor:vga_monitor|text4[0][2][1]   ; Stuck at GND due to stuck port data_in              ;
; vga_monitor:vga_monitor|text4[0][2][2]   ; Stuck at VCC due to stuck port data_in              ;
; vga_monitor:vga_monitor|text4[32][2][2]  ; Stuck at VCC due to stuck port data_in              ;
; vga_monitor:vga_monitor|text4[32][2][1]  ; Stuck at VCC due to stuck port data_in              ;
; vga_monitor:vga_monitor|text4[32][2][0]  ; Stuck at VCC due to stuck port data_in              ;
; vga_monitor:vga_monitor|text4[32][3][6]  ; Stuck at VCC due to stuck port data_in              ;
; vga_monitor:vga_monitor|text4[32][3][5]  ; Stuck at GND due to stuck port data_in              ;
; vga_monitor:vga_monitor|text4[32][3][3]  ; Stuck at GND due to stuck port data_in              ;
; vga_monitor:vga_monitor|text4[32][3][2]  ; Stuck at GND due to stuck port data_in              ;
; vga_monitor:vga_monitor|text4[32][3][1]  ; Stuck at VCC due to stuck port data_in              ;
; vga_monitor:vga_monitor|text4[31][3][0]  ; Stuck at GND due to stuck port data_in              ;
; vga_monitor:vga_monitor|text4[31][3][2]  ; Stuck at GND due to stuck port data_in              ;
; vga_monitor:vga_monitor|text4[31][3][3]  ; Stuck at VCC due to stuck port data_in              ;
; vga_monitor:vga_monitor|text4[31][3][4]  ; Stuck at VCC due to stuck port data_in              ;
; vga_monitor:vga_monitor|text4[31][3][6]  ; Stuck at GND due to stuck port data_in              ;
; vga_monitor:vga_monitor|text4[31][2][0]  ; Stuck at VCC due to stuck port data_in              ;
; vga_monitor:vga_monitor|text4[31][2][1]  ; Stuck at VCC due to stuck port data_in              ;
; vga_monitor:vga_monitor|text4[31][2][2]  ; Stuck at VCC due to stuck port data_in              ;
; vga_monitor:vga_monitor|text4[30][3][0]  ; Stuck at GND due to stuck port data_in              ;
; vga_monitor:vga_monitor|text4[30][3][2]  ; Stuck at VCC due to stuck port data_in              ;
; vga_monitor:vga_monitor|text4[30][3][3]  ; Stuck at GND due to stuck port data_in              ;
; vga_monitor:vga_monitor|text4[30][3][4]  ; Stuck at VCC due to stuck port data_in              ;
; vga_monitor:vga_monitor|text4[30][3][6]  ; Stuck at GND due to stuck port data_in              ;
; vga_monitor:vga_monitor|text4[30][2][0]  ; Stuck at VCC due to stuck port data_in              ;
; vga_monitor:vga_monitor|text4[30][2][1]  ; Stuck at VCC due to stuck port data_in              ;
; vga_monitor:vga_monitor|text4[30][2][2]  ; Stuck at VCC due to stuck port data_in              ;
; vga_monitor:vga_monitor|text4[29][3][2]  ; Stuck at GND due to stuck port data_in              ;
; vga_monitor:vga_monitor|text4[29][3][3]  ; Stuck at GND due to stuck port data_in              ;
; vga_monitor:vga_monitor|text4[29][3][4]  ; Stuck at VCC due to stuck port data_in              ;
; vga_monitor:vga_monitor|text4[29][3][6]  ; Stuck at GND due to stuck port data_in              ;
; vga_monitor:vga_monitor|text4[28][3][2]  ; Stuck at GND due to stuck port data_in              ;
; vga_monitor:vga_monitor|text4[28][3][3]  ; Stuck at GND due to stuck port data_in              ;
; vga_monitor:vga_monitor|text4[28][3][4]  ; Stuck at GND due to stuck port data_in              ;
; vga_monitor:vga_monitor|text4[28][3][6]  ; Stuck at VCC due to stuck port data_in              ;
; vga_monitor:vga_monitor|text4[27][3][2]  ; Stuck at GND due to stuck port data_in              ;
; vga_monitor:vga_monitor|text4[27][3][3]  ; Stuck at VCC due to stuck port data_in              ;
; vga_monitor:vga_monitor|text4[27][3][4]  ; Stuck at VCC due to stuck port data_in              ;
; vga_monitor:vga_monitor|text4[27][3][6]  ; Stuck at GND due to stuck port data_in              ;
; vga_monitor:vga_monitor|text4[26][3][2]  ; Stuck at VCC due to stuck port data_in              ;
; vga_monitor:vga_monitor|text4[26][3][3]  ; Stuck at GND due to stuck port data_in              ;
; vga_monitor:vga_monitor|text4[26][3][4]  ; Stuck at VCC due to stuck port data_in              ;
; vga_monitor:vga_monitor|text4[26][3][6]  ; Stuck at GND due to stuck port data_in              ;
; vga_monitor:vga_monitor|text4[25][3][2]  ; Stuck at GND due to stuck port data_in              ;
; vga_monitor:vga_monitor|text4[25][3][3]  ; Stuck at GND due to stuck port data_in              ;
; vga_monitor:vga_monitor|text4[25][3][4]  ; Stuck at VCC due to stuck port data_in              ;
; vga_monitor:vga_monitor|text4[25][3][6]  ; Stuck at GND due to stuck port data_in              ;
; vga_monitor:vga_monitor|text4[24][3][2]  ; Stuck at GND due to stuck port data_in              ;
; vga_monitor:vga_monitor|text4[24][3][3]  ; Stuck at GND due to stuck port data_in              ;
; vga_monitor:vga_monitor|text4[24][3][4]  ; Stuck at GND due to stuck port data_in              ;
; vga_monitor:vga_monitor|text4[24][3][6]  ; Stuck at VCC due to stuck port data_in              ;
; vga_monitor:vga_monitor|text4[23][3][2]  ; Stuck at GND due to stuck port data_in              ;
; vga_monitor:vga_monitor|text4[23][3][3]  ; Stuck at VCC due to stuck port data_in              ;
; vga_monitor:vga_monitor|text4[23][3][4]  ; Stuck at VCC due to stuck port data_in              ;
; vga_monitor:vga_monitor|text4[23][3][6]  ; Stuck at GND due to stuck port data_in              ;
; vga_monitor:vga_monitor|text4[22][3][2]  ; Stuck at VCC due to stuck port data_in              ;
; vga_monitor:vga_monitor|text4[22][3][3]  ; Stuck at GND due to stuck port data_in              ;
; vga_monitor:vga_monitor|text4[22][3][4]  ; Stuck at VCC due to stuck port data_in              ;
; vga_monitor:vga_monitor|text4[22][3][6]  ; Stuck at GND due to stuck port data_in              ;
; vga_monitor:vga_monitor|text4[21][3][2]  ; Stuck at GND due to stuck port data_in              ;
; vga_monitor:vga_monitor|text4[21][3][3]  ; Stuck at GND due to stuck port data_in              ;
; vga_monitor:vga_monitor|text4[21][3][4]  ; Stuck at VCC due to stuck port data_in              ;
; vga_monitor:vga_monitor|text4[21][3][6]  ; Stuck at GND due to stuck port data_in              ;
; vga_monitor:vga_monitor|text4[20][3][2]  ; Stuck at GND due to stuck port data_in              ;
; vga_monitor:vga_monitor|text4[20][3][3]  ; Stuck at GND due to stuck port data_in              ;
; vga_monitor:vga_monitor|text4[20][3][4]  ; Stuck at GND due to stuck port data_in              ;
; vga_monitor:vga_monitor|text4[20][3][6]  ; Stuck at VCC due to stuck port data_in              ;
; vga_monitor:vga_monitor|text4[19][3][2]  ; Stuck at GND due to stuck port data_in              ;
; vga_monitor:vga_monitor|text4[19][3][3]  ; Stuck at VCC due to stuck port data_in              ;
; vga_monitor:vga_monitor|text4[19][3][4]  ; Stuck at VCC due to stuck port data_in              ;
; vga_monitor:vga_monitor|text4[19][3][6]  ; Stuck at GND due to stuck port data_in              ;
; vga_monitor:vga_monitor|text4[18][3][2]  ; Stuck at VCC due to stuck port data_in              ;
; vga_monitor:vga_monitor|text4[18][3][3]  ; Stuck at GND due to stuck port data_in              ;
; vga_monitor:vga_monitor|text4[18][3][4]  ; Stuck at VCC due to stuck port data_in              ;
; vga_monitor:vga_monitor|text4[18][3][6]  ; Stuck at GND due to stuck port data_in              ;
; vga_monitor:vga_monitor|text4[17][3][2]  ; Stuck at GND due to stuck port data_in              ;
; vga_monitor:vga_monitor|text4[17][3][3]  ; Stuck at GND due to stuck port data_in              ;
; vga_monitor:vga_monitor|text4[17][3][4]  ; Stuck at VCC due to stuck port data_in              ;
; vga_monitor:vga_monitor|text4[17][3][6]  ; Stuck at GND due to stuck port data_in              ;
; vga_monitor:vga_monitor|text4[16][3][2]  ; Stuck at GND due to stuck port data_in              ;
; vga_monitor:vga_monitor|text4[16][3][3]  ; Stuck at GND due to stuck port data_in              ;
; vga_monitor:vga_monitor|text4[16][3][4]  ; Stuck at GND due to stuck port data_in              ;
; vga_monitor:vga_monitor|text4[16][3][6]  ; Stuck at VCC due to stuck port data_in              ;
; vga_monitor:vga_monitor|text4[15][3][2]  ; Stuck at GND due to stuck port data_in              ;
; vga_monitor:vga_monitor|text4[15][3][3]  ; Stuck at VCC due to stuck port data_in              ;
; vga_monitor:vga_monitor|text4[15][3][4]  ; Stuck at VCC due to stuck port data_in              ;
; vga_monitor:vga_monitor|text4[15][3][6]  ; Stuck at GND due to stuck port data_in              ;
; vga_monitor:vga_monitor|text4[14][3][2]  ; Stuck at VCC due to stuck port data_in              ;
; vga_monitor:vga_monitor|text4[14][3][3]  ; Stuck at GND due to stuck port data_in              ;
; vga_monitor:vga_monitor|text4[14][3][4]  ; Stuck at VCC due to stuck port data_in              ;
; vga_monitor:vga_monitor|text4[14][3][6]  ; Stuck at GND due to stuck port data_in              ;
; vga_monitor:vga_monitor|text4[13][3][2]  ; Stuck at GND due to stuck port data_in              ;
; vga_monitor:vga_monitor|text4[13][3][3]  ; Stuck at GND due to stuck port data_in              ;
; vga_monitor:vga_monitor|text4[13][3][4]  ; Stuck at VCC due to stuck port data_in              ;
; vga_monitor:vga_monitor|text4[13][3][6]  ; Stuck at GND due to stuck port data_in              ;
; vga_monitor:vga_monitor|text4[12][3][2]  ; Stuck at GND due to stuck port data_in              ;
; vga_monitor:vga_monitor|text4[12][3][3]  ; Stuck at GND due to stuck port data_in              ;
; vga_monitor:vga_monitor|text4[12][3][4]  ; Stuck at GND due to stuck port data_in              ;
; vga_monitor:vga_monitor|text4[12][3][6]  ; Stuck at VCC due to stuck port data_in              ;
; vga_monitor:vga_monitor|text4[11][3][2]  ; Stuck at GND due to stuck port data_in              ;
; vga_monitor:vga_monitor|text4[11][3][3]  ; Stuck at VCC due to stuck port data_in              ;
; vga_monitor:vga_monitor|text4[11][3][4]  ; Stuck at VCC due to stuck port data_in              ;
; vga_monitor:vga_monitor|text4[11][3][6]  ; Stuck at GND due to stuck port data_in              ;
; vga_monitor:vga_monitor|text4[10][3][2]  ; Stuck at VCC due to stuck port data_in              ;
; vga_monitor:vga_monitor|text4[10][3][3]  ; Stuck at GND due to stuck port data_in              ;
; vga_monitor:vga_monitor|text4[10][3][4]  ; Stuck at VCC due to stuck port data_in              ;
; vga_monitor:vga_monitor|text4[10][3][6]  ; Stuck at GND due to stuck port data_in              ;
; vga_monitor:vga_monitor|text4[9][3][2]   ; Stuck at GND due to stuck port data_in              ;
; vga_monitor:vga_monitor|text4[9][3][3]   ; Stuck at GND due to stuck port data_in              ;
; vga_monitor:vga_monitor|text4[9][3][4]   ; Stuck at VCC due to stuck port data_in              ;
; vga_monitor:vga_monitor|text4[9][3][6]   ; Stuck at GND due to stuck port data_in              ;
; vga_monitor:vga_monitor|text4[8][3][2]   ; Stuck at GND due to stuck port data_in              ;
; vga_monitor:vga_monitor|text4[8][3][3]   ; Stuck at GND due to stuck port data_in              ;
; vga_monitor:vga_monitor|text4[8][3][4]   ; Stuck at GND due to stuck port data_in              ;
; vga_monitor:vga_monitor|text4[8][3][6]   ; Stuck at VCC due to stuck port data_in              ;
; vga_monitor:vga_monitor|text4[7][3][2]   ; Stuck at GND due to stuck port data_in              ;
; vga_monitor:vga_monitor|text4[7][3][3]   ; Stuck at VCC due to stuck port data_in              ;
; vga_monitor:vga_monitor|text4[7][3][4]   ; Stuck at VCC due to stuck port data_in              ;
; vga_monitor:vga_monitor|text4[7][3][6]   ; Stuck at GND due to stuck port data_in              ;
; vga_monitor:vga_monitor|text4[6][3][2]   ; Stuck at VCC due to stuck port data_in              ;
; vga_monitor:vga_monitor|text4[6][3][3]   ; Stuck at GND due to stuck port data_in              ;
; vga_monitor:vga_monitor|text4[6][3][4]   ; Stuck at VCC due to stuck port data_in              ;
; vga_monitor:vga_monitor|text4[6][3][6]   ; Stuck at GND due to stuck port data_in              ;
; vga_monitor:vga_monitor|text4[5][3][2]   ; Stuck at GND due to stuck port data_in              ;
; vga_monitor:vga_monitor|text4[5][3][3]   ; Stuck at GND due to stuck port data_in              ;
; vga_monitor:vga_monitor|text4[5][3][4]   ; Stuck at VCC due to stuck port data_in              ;
; vga_monitor:vga_monitor|text4[5][3][6]   ; Stuck at GND due to stuck port data_in              ;
; vga_monitor:vga_monitor|text4[4][3][2]   ; Stuck at GND due to stuck port data_in              ;
; vga_monitor:vga_monitor|text4[4][3][3]   ; Stuck at GND due to stuck port data_in              ;
; vga_monitor:vga_monitor|text4[4][3][4]   ; Stuck at GND due to stuck port data_in              ;
; vga_monitor:vga_monitor|text4[4][3][6]   ; Stuck at VCC due to stuck port data_in              ;
; vga_monitor:vga_monitor|text4[3][3][2]   ; Stuck at GND due to stuck port data_in              ;
; vga_monitor:vga_monitor|text4[3][3][3]   ; Stuck at VCC due to stuck port data_in              ;
; vga_monitor:vga_monitor|text4[3][3][4]   ; Stuck at VCC due to stuck port data_in              ;
; vga_monitor:vga_monitor|text4[3][3][6]   ; Stuck at GND due to stuck port data_in              ;
; vga_monitor:vga_monitor|text4[2][3][2]   ; Stuck at VCC due to stuck port data_in              ;
; vga_monitor:vga_monitor|text4[2][3][3]   ; Stuck at GND due to stuck port data_in              ;
; vga_monitor:vga_monitor|text4[2][3][4]   ; Stuck at VCC due to stuck port data_in              ;
; vga_monitor:vga_monitor|text4[2][3][6]   ; Stuck at GND due to stuck port data_in              ;
; vga_monitor:vga_monitor|text4[1][3][2]   ; Stuck at GND due to stuck port data_in              ;
; vga_monitor:vga_monitor|text4[1][3][3]   ; Stuck at GND due to stuck port data_in              ;
; vga_monitor:vga_monitor|text4[1][3][4]   ; Stuck at VCC due to stuck port data_in              ;
; vga_monitor:vga_monitor|text4[1][3][6]   ; Stuck at GND due to stuck port data_in              ;
; vga_monitor:vga_monitor|text4[31][14][5] ; Stuck at VCC due to stuck port data_in              ;
; vga_monitor:vga_monitor|text4[31][14][4] ; Stuck at VCC due to stuck port data_in              ;
; vga_monitor:vga_monitor|text4[31][14][3] ; Stuck at GND due to stuck port data_in              ;
; vga_monitor:vga_monitor|text4[31][14][2] ; Stuck at GND due to stuck port data_in              ;
; vga_monitor:vga_monitor|text4[32][14][6] ; Stuck at GND due to stuck port data_in              ;
; vga_monitor:vga_monitor|text4[32][14][5] ; Stuck at VCC due to stuck port data_in              ;
; vga_monitor:vga_monitor|text4[32][14][4] ; Stuck at VCC due to stuck port data_in              ;
; vga_monitor:vga_monitor|text4[32][14][3] ; Stuck at GND due to stuck port data_in              ;
; vga_monitor:vga_monitor|text4[32][14][2] ; Stuck at GND due to stuck port data_in              ;
; vga_monitor:vga_monitor|text4[31][14][6] ; Stuck at GND due to stuck port data_in              ;
; vga_monitor:vga_monitor|text4[30][14][2] ; Stuck at GND due to stuck port data_in              ;
; vga_monitor:vga_monitor|text4[30][14][3] ; Stuck at GND due to stuck port data_in              ;
; vga_monitor:vga_monitor|text4[30][14][4] ; Stuck at VCC due to stuck port data_in              ;
; vga_monitor:vga_monitor|text4[30][14][5] ; Stuck at VCC due to stuck port data_in              ;
; vga_monitor:vga_monitor|text4[30][14][6] ; Stuck at GND due to stuck port data_in              ;
; vga_monitor:vga_monitor|text4[29][14][2] ; Stuck at GND due to stuck port data_in              ;
; vga_monitor:vga_monitor|text4[29][14][3] ; Stuck at GND due to stuck port data_in              ;
; vga_monitor:vga_monitor|text4[29][14][4] ; Stuck at VCC due to stuck port data_in              ;
; vga_monitor:vga_monitor|text4[29][14][5] ; Stuck at VCC due to stuck port data_in              ;
; vga_monitor:vga_monitor|text4[29][14][6] ; Stuck at GND due to stuck port data_in              ;
; vga_monitor:vga_monitor|text4[31][14][1] ; Stuck at VCC due to stuck port data_in              ;
; vga_monitor:vga_monitor|text4[31][14][0] ; Stuck at VCC due to stuck port data_in              ;
; vga_monitor:vga_monitor|text4[32][14][1] ; Stuck at VCC due to stuck port data_in              ;
; vga_monitor:vga_monitor|text4[32][14][0] ; Stuck at VCC due to stuck port data_in              ;
; vga_monitor:vga_monitor|text4[30][14][0] ; Stuck at VCC due to stuck port data_in              ;
; vga_monitor:vga_monitor|text4[30][14][1] ; Stuck at VCC due to stuck port data_in              ;
; vga_monitor:vga_monitor|text4[29][14][0] ; Stuck at VCC due to stuck port data_in              ;
; vga_monitor:vga_monitor|text4[29][14][1] ; Stuck at VCC due to stuck port data_in              ;
; vga_monitor:vga_monitor|text[7][11][1]   ; Stuck at GND due to stuck port data_in              ;
; vga_monitor:vga_monitor|text[7][11][3]   ; Stuck at GND due to stuck port data_in              ;
; vga_monitor:vga_monitor|text[6][11][1]   ; Stuck at GND due to stuck port data_in              ;
; vga_monitor:vga_monitor|text[6][11][3]   ; Stuck at GND due to stuck port data_in              ;
; vga_monitor:vga_monitor|text[4][10][1]   ; Stuck at GND due to stuck port data_in              ;
; vga_monitor:vga_monitor|text[4][10][3]   ; Stuck at GND due to stuck port data_in              ;
; vga_monitor:vga_monitor|text[3][11][1]   ; Stuck at GND due to stuck port data_in              ;
; vga_monitor:vga_monitor|text[3][11][3]   ; Stuck at GND due to stuck port data_in              ;
; instruction_memory:instr_mem|memory~0    ; Lost fanout                                         ;
; instruction_memory:instr_mem|memory~1    ; Lost fanout                                         ;
; instruction_memory:instr_mem|memory~2    ; Lost fanout                                         ;
; instruction_memory:instr_mem|memory~3    ; Lost fanout                                         ;
; instruction_memory:instr_mem|memory~4    ; Lost fanout                                         ;
; instruction_memory:instr_mem|memory~5    ; Lost fanout                                         ;
; instruction_memory:instr_mem|memory~6    ; Lost fanout                                         ;
; instruction_memory:instr_mem|memory~7    ; Lost fanout                                         ;
; instruction_memory:instr_mem|memory~8    ; Lost fanout                                         ;
; instruction_memory:instr_mem|memory~9    ; Lost fanout                                         ;
; instruction_memory:instr_mem|memory~10   ; Lost fanout                                         ;
; instruction_memory:instr_mem|memory~11   ; Lost fanout                                         ;
; instruction_memory:instr_mem|memory~12   ; Lost fanout                                         ;
; instruction_memory:instr_mem|memory~13   ; Lost fanout                                         ;
; instruction_memory:instr_mem|memory~14   ; Lost fanout                                         ;
; instruction_memory:instr_mem|memory~15   ; Lost fanout                                         ;
; instruction_memory:instr_mem|memory~16   ; Lost fanout                                         ;
; instruction_memory:instr_mem|memory~17   ; Lost fanout                                         ;
; instruction_memory:instr_mem|memory~18   ; Lost fanout                                         ;
; instruction_memory:instr_mem|memory~19   ; Lost fanout                                         ;
; instruction_memory:instr_mem|memory~20   ; Lost fanout                                         ;
; instruction_memory:instr_mem|memory~21   ; Lost fanout                                         ;
; instruction_memory:instr_mem|memory~22   ; Lost fanout                                         ;
; instruction_memory:instr_mem|memory~23   ; Lost fanout                                         ;
; instruction_memory:instr_mem|memory~24   ; Lost fanout                                         ;
; instruction_memory:instr_mem|memory~25   ; Lost fanout                                         ;
; instruction_memory:instr_mem|memory~26   ; Lost fanout                                         ;
; instruction_memory:instr_mem|memory~27   ; Lost fanout                                         ;
; instruction_memory:instr_mem|memory~28   ; Lost fanout                                         ;
; instruction_memory:instr_mem|memory~29   ; Lost fanout                                         ;
; instruction_memory:instr_mem|memory~30   ; Lost fanout                                         ;
; instruction_memory:instr_mem|memory~31   ; Lost fanout                                         ;
; instruction_memory:instr_mem|memory~32   ; Lost fanout                                         ;
; instruction_memory:instr_mem|memory~33   ; Lost fanout                                         ;
; instruction_memory:instr_mem|memory~34   ; Lost fanout                                         ;
; instruction_memory:instr_mem|memory~35   ; Lost fanout                                         ;
; instruction_memory:instr_mem|memory~36   ; Lost fanout                                         ;
; instruction_memory:instr_mem|memory~37   ; Lost fanout                                         ;
; instruction_memory:instr_mem|memory~38   ; Lost fanout                                         ;
; instruction_memory:instr_mem|memory~39   ; Lost fanout                                         ;
; instruction_memory:instr_mem|memory~40   ; Lost fanout                                         ;
; instruction_memory:instr_mem|memory~41   ; Lost fanout                                         ;
; instruction_memory:instr_mem|memory~42   ; Lost fanout                                         ;
; instruction_memory:instr_mem|memory~43   ; Lost fanout                                         ;
; instruction_memory:instr_mem|memory~44   ; Lost fanout                                         ;
; instruction_memory:instr_mem|memory~45   ; Lost fanout                                         ;
; instruction_memory:instr_mem|memory~46   ; Lost fanout                                         ;
; instruction_memory:instr_mem|memory~47   ; Lost fanout                                         ;
; instruction_memory:instr_mem|memory~48   ; Lost fanout                                         ;
; instruction_memory:instr_mem|memory~49   ; Lost fanout                                         ;
; instruction_memory:instr_mem|memory~50   ; Lost fanout                                         ;
; instruction_memory:instr_mem|memory~51   ; Lost fanout                                         ;
; instruction_memory:instr_mem|memory~52   ; Lost fanout                                         ;
; instruction_memory:instr_mem|memory~53   ; Lost fanout                                         ;
; instruction_memory:instr_mem|memory~54   ; Lost fanout                                         ;
; instruction_memory:instr_mem|memory~55   ; Lost fanout                                         ;
; instruction_memory:instr_mem|memory~56   ; Lost fanout                                         ;
; instruction_memory:instr_mem|memory~57   ; Lost fanout                                         ;
; instruction_memory:instr_mem|memory~58   ; Lost fanout                                         ;
; instruction_memory:instr_mem|memory~59   ; Lost fanout                                         ;
; instruction_memory:instr_mem|memory~60   ; Lost fanout                                         ;
; instruction_memory:instr_mem|memory~61   ; Lost fanout                                         ;
; instruction_memory:instr_mem|memory~62   ; Lost fanout                                         ;
; instruction_memory:instr_mem|memory~63   ; Lost fanout                                         ;
; instruction_memory:instr_mem|memory~64   ; Lost fanout                                         ;
; instruction_memory:instr_mem|memory~65   ; Lost fanout                                         ;
; instruction_memory:instr_mem|memory~66   ; Lost fanout                                         ;
; instruction_memory:instr_mem|memory~67   ; Lost fanout                                         ;
; instruction_memory:instr_mem|memory~68   ; Lost fanout                                         ;
; instruction_memory:instr_mem|memory~69   ; Lost fanout                                         ;
; instruction_memory:instr_mem|memory~70   ; Lost fanout                                         ;
; instruction_memory:instr_mem|memory~71   ; Lost fanout                                         ;
; instruction_memory:instr_mem|memory~72   ; Lost fanout                                         ;
; instruction_memory:instr_mem|memory~73   ; Lost fanout                                         ;
; instruction_memory:instr_mem|memory~74   ; Lost fanout                                         ;
; instruction_memory:instr_mem|memory~75   ; Lost fanout                                         ;
; instruction_memory:instr_mem|memory~76   ; Lost fanout                                         ;
; instruction_memory:instr_mem|memory~77   ; Lost fanout                                         ;
; instruction_memory:instr_mem|memory~78   ; Lost fanout                                         ;
; instruction_memory:instr_mem|memory~79   ; Lost fanout                                         ;
; instruction_memory:instr_mem|memory~80   ; Lost fanout                                         ;
; instruction_memory:instr_mem|memory~81   ; Lost fanout                                         ;
; instruction_memory:instr_mem|memory~82   ; Lost fanout                                         ;
; instruction_memory:instr_mem|memory~83   ; Lost fanout                                         ;
; instruction_memory:instr_mem|memory~84   ; Lost fanout                                         ;
; instruction_memory:instr_mem|memory~85   ; Lost fanout                                         ;
; instruction_memory:instr_mem|memory~86   ; Lost fanout                                         ;
; instruction_memory:instr_mem|memory~87   ; Lost fanout                                         ;
; instruction_memory:instr_mem|memory~88   ; Lost fanout                                         ;
; instruction_memory:instr_mem|memory~89   ; Lost fanout                                         ;
; instruction_memory:instr_mem|memory~90   ; Lost fanout                                         ;
; instruction_memory:instr_mem|memory~91   ; Lost fanout                                         ;
; instruction_memory:instr_mem|memory~92   ; Lost fanout                                         ;
; instruction_memory:instr_mem|memory~93   ; Lost fanout                                         ;
; instruction_memory:instr_mem|memory~94   ; Lost fanout                                         ;
; instruction_memory:instr_mem|memory~95   ; Lost fanout                                         ;
; instruction_memory:instr_mem|memory~96   ; Lost fanout                                         ;
; instruction_memory:instr_mem|memory~97   ; Lost fanout                                         ;
; instruction_memory:instr_mem|memory~98   ; Lost fanout                                         ;
; instruction_memory:instr_mem|memory~99   ; Lost fanout                                         ;
; instruction_memory:instr_mem|memory~100  ; Lost fanout                                         ;
; instruction_memory:instr_mem|memory~101  ; Lost fanout                                         ;
; instruction_memory:instr_mem|memory~102  ; Lost fanout                                         ;
; instruction_memory:instr_mem|memory~103  ; Lost fanout                                         ;
; instruction_memory:instr_mem|memory~104  ; Lost fanout                                         ;
; instruction_memory:instr_mem|memory~105  ; Lost fanout                                         ;
; instruction_memory:instr_mem|memory~106  ; Lost fanout                                         ;
; instruction_memory:instr_mem|memory~107  ; Lost fanout                                         ;
; instruction_memory:instr_mem|memory~108  ; Lost fanout                                         ;
; instruction_memory:instr_mem|memory~109  ; Lost fanout                                         ;
; instruction_memory:instr_mem|memory~110  ; Lost fanout                                         ;
; instruction_memory:instr_mem|memory~111  ; Lost fanout                                         ;
; instruction_memory:instr_mem|memory~112  ; Lost fanout                                         ;
; instruction_memory:instr_mem|memory~113  ; Lost fanout                                         ;
; instruction_memory:instr_mem|memory~114  ; Lost fanout                                         ;
; instruction_memory:instr_mem|memory~115  ; Lost fanout                                         ;
; instruction_memory:instr_mem|memory~116  ; Lost fanout                                         ;
; instruction_memory:instr_mem|memory~117  ; Lost fanout                                         ;
; instruction_memory:instr_mem|memory~118  ; Lost fanout                                         ;
; instruction_memory:instr_mem|memory~119  ; Lost fanout                                         ;
; instruction_memory:instr_mem|memory~120  ; Lost fanout                                         ;
; instruction_memory:instr_mem|memory~121  ; Lost fanout                                         ;
; instruction_memory:instr_mem|memory~122  ; Lost fanout                                         ;
; instruction_memory:instr_mem|memory~123  ; Lost fanout                                         ;
; instruction_memory:instr_mem|memory~124  ; Lost fanout                                         ;
; instruction_memory:instr_mem|memory~125  ; Lost fanout                                         ;
; instruction_memory:instr_mem|memory~126  ; Lost fanout                                         ;
; instruction_memory:instr_mem|memory~127  ; Lost fanout                                         ;
; instruction_memory:instr_mem|memory~128  ; Lost fanout                                         ;
; instruction_memory:instr_mem|memory~129  ; Lost fanout                                         ;
; instruction_memory:instr_mem|memory~130  ; Lost fanout                                         ;
; instruction_memory:instr_mem|memory~131  ; Lost fanout                                         ;
; instruction_memory:instr_mem|memory~132  ; Lost fanout                                         ;
; instruction_memory:instr_mem|memory~133  ; Lost fanout                                         ;
; instruction_memory:instr_mem|memory~134  ; Lost fanout                                         ;
; instruction_memory:instr_mem|memory~135  ; Lost fanout                                         ;
; instruction_memory:instr_mem|memory~136  ; Lost fanout                                         ;
; instruction_memory:instr_mem|memory~137  ; Lost fanout                                         ;
; instruction_memory:instr_mem|memory~138  ; Lost fanout                                         ;
; instruction_memory:instr_mem|memory~139  ; Lost fanout                                         ;
; instruction_memory:instr_mem|memory~140  ; Lost fanout                                         ;
; instruction_memory:instr_mem|memory~141  ; Lost fanout                                         ;
; instruction_memory:instr_mem|memory~142  ; Lost fanout                                         ;
; instruction_memory:instr_mem|memory~143  ; Lost fanout                                         ;
; instruction_memory:instr_mem|memory~144  ; Lost fanout                                         ;
; instruction_memory:instr_mem|memory~145  ; Lost fanout                                         ;
; instruction_memory:instr_mem|memory~146  ; Lost fanout                                         ;
; instruction_memory:instr_mem|memory~147  ; Lost fanout                                         ;
; instruction_memory:instr_mem|memory~148  ; Lost fanout                                         ;
; instruction_memory:instr_mem|memory~149  ; Lost fanout                                         ;
; instruction_memory:instr_mem|memory~150  ; Lost fanout                                         ;
; instruction_memory:instr_mem|memory~151  ; Lost fanout                                         ;
; instruction_memory:instr_mem|memory~152  ; Lost fanout                                         ;
; instruction_memory:instr_mem|memory~153  ; Lost fanout                                         ;
; instruction_memory:instr_mem|memory~154  ; Lost fanout                                         ;
; instruction_memory:instr_mem|memory~155  ; Lost fanout                                         ;
; instruction_memory:instr_mem|memory~156  ; Lost fanout                                         ;
; instruction_memory:instr_mem|memory~157  ; Lost fanout                                         ;
; instruction_memory:instr_mem|memory~158  ; Lost fanout                                         ;
; instruction_memory:instr_mem|memory~159  ; Lost fanout                                         ;
; instruction_memory:instr_mem|memory~160  ; Lost fanout                                         ;
; instruction_memory:instr_mem|memory~161  ; Lost fanout                                         ;
; instruction_memory:instr_mem|memory~162  ; Lost fanout                                         ;
; instruction_memory:instr_mem|memory~163  ; Lost fanout                                         ;
; instruction_memory:instr_mem|memory~164  ; Lost fanout                                         ;
; instruction_memory:instr_mem|memory~165  ; Lost fanout                                         ;
; instruction_memory:instr_mem|memory~166  ; Lost fanout                                         ;
; instruction_memory:instr_mem|memory~167  ; Lost fanout                                         ;
; instruction_memory:instr_mem|memory~168  ; Lost fanout                                         ;
; instruction_memory:instr_mem|memory~169  ; Lost fanout                                         ;
; instruction_memory:instr_mem|memory~170  ; Lost fanout                                         ;
; instruction_memory:instr_mem|memory~171  ; Lost fanout                                         ;
; instruction_memory:instr_mem|memory~172  ; Lost fanout                                         ;
; instruction_memory:instr_mem|memory~173  ; Lost fanout                                         ;
; instruction_memory:instr_mem|memory~174  ; Lost fanout                                         ;
; instruction_memory:instr_mem|memory~175  ; Lost fanout                                         ;
; instruction_memory:instr_mem|memory~176  ; Lost fanout                                         ;
; instruction_memory:instr_mem|memory~177  ; Lost fanout                                         ;
; instruction_memory:instr_mem|memory~178  ; Lost fanout                                         ;
; instruction_memory:instr_mem|memory~179  ; Lost fanout                                         ;
; instruction_memory:instr_mem|memory~180  ; Lost fanout                                         ;
; instruction_memory:instr_mem|memory~181  ; Lost fanout                                         ;
; instruction_memory:instr_mem|memory~182  ; Lost fanout                                         ;
; instruction_memory:instr_mem|memory~183  ; Lost fanout                                         ;
; instruction_memory:instr_mem|memory~184  ; Lost fanout                                         ;
; instruction_memory:instr_mem|memory~185  ; Lost fanout                                         ;
; instruction_memory:instr_mem|memory~186  ; Lost fanout                                         ;
; instruction_memory:instr_mem|memory~187  ; Lost fanout                                         ;
; instruction_memory:instr_mem|memory~188  ; Lost fanout                                         ;
; instruction_memory:instr_mem|memory~189  ; Lost fanout                                         ;
; instruction_memory:instr_mem|memory~190  ; Lost fanout                                         ;
; instruction_memory:instr_mem|memory~191  ; Lost fanout                                         ;
; instruction_memory:instr_mem|memory~192  ; Lost fanout                                         ;
; instruction_memory:instr_mem|memory~193  ; Lost fanout                                         ;
; instruction_memory:instr_mem|memory~194  ; Lost fanout                                         ;
; instruction_memory:instr_mem|memory~195  ; Lost fanout                                         ;
; instruction_memory:instr_mem|memory~196  ; Lost fanout                                         ;
; instruction_memory:instr_mem|memory~197  ; Lost fanout                                         ;
; instruction_memory:instr_mem|memory~198  ; Lost fanout                                         ;
; instruction_memory:instr_mem|memory~199  ; Lost fanout                                         ;
; instruction_memory:instr_mem|memory~200  ; Lost fanout                                         ;
; instruction_memory:instr_mem|memory~201  ; Lost fanout                                         ;
; instruction_memory:instr_mem|memory~202  ; Lost fanout                                         ;
; instruction_memory:instr_mem|memory~203  ; Lost fanout                                         ;
; instruction_memory:instr_mem|memory~204  ; Lost fanout                                         ;
; instruction_memory:instr_mem|memory~205  ; Lost fanout                                         ;
; instruction_memory:instr_mem|memory~206  ; Lost fanout                                         ;
; instruction_memory:instr_mem|memory~207  ; Lost fanout                                         ;
; instruction_memory:instr_mem|memory~208  ; Lost fanout                                         ;
; instruction_memory:instr_mem|memory~209  ; Lost fanout                                         ;
; instruction_memory:instr_mem|memory~210  ; Lost fanout                                         ;
; instruction_memory:instr_mem|memory~211  ; Lost fanout                                         ;
; instruction_memory:instr_mem|memory~212  ; Lost fanout                                         ;
; instruction_memory:instr_mem|memory~213  ; Lost fanout                                         ;
; instruction_memory:instr_mem|memory~214  ; Lost fanout                                         ;
; instruction_memory:instr_mem|memory~215  ; Lost fanout                                         ;
; instruction_memory:instr_mem|memory~216  ; Lost fanout                                         ;
; instruction_memory:instr_mem|memory~217  ; Lost fanout                                         ;
; instruction_memory:instr_mem|memory~218  ; Lost fanout                                         ;
; instruction_memory:instr_mem|memory~219  ; Lost fanout                                         ;
; instruction_memory:instr_mem|memory~220  ; Lost fanout                                         ;
; instruction_memory:instr_mem|memory~221  ; Lost fanout                                         ;
; instruction_memory:instr_mem|memory~222  ; Lost fanout                                         ;
; instruction_memory:instr_mem|memory~223  ; Lost fanout                                         ;
; instruction_memory:instr_mem|memory~224  ; Lost fanout                                         ;
; instruction_memory:instr_mem|memory~225  ; Lost fanout                                         ;
; instruction_memory:instr_mem|memory~226  ; Lost fanout                                         ;
; instruction_memory:instr_mem|memory~227  ; Lost fanout                                         ;
; instruction_memory:instr_mem|memory~228  ; Lost fanout                                         ;
; instruction_memory:instr_mem|memory~229  ; Lost fanout                                         ;
; instruction_memory:instr_mem|memory~230  ; Lost fanout                                         ;
; instruction_memory:instr_mem|memory~231  ; Lost fanout                                         ;
; instruction_memory:instr_mem|memory~232  ; Lost fanout                                         ;
; instruction_memory:instr_mem|memory~233  ; Lost fanout                                         ;
; instruction_memory:instr_mem|memory~234  ; Lost fanout                                         ;
; instruction_memory:instr_mem|memory~235  ; Lost fanout                                         ;
; instruction_memory:instr_mem|memory~236  ; Lost fanout                                         ;
; instruction_memory:instr_mem|memory~237  ; Lost fanout                                         ;
; instruction_memory:instr_mem|memory~238  ; Lost fanout                                         ;
; instruction_memory:instr_mem|memory~239  ; Lost fanout                                         ;
; instruction_memory:instr_mem|memory~240  ; Lost fanout                                         ;
; instruction_memory:instr_mem|memory~241  ; Lost fanout                                         ;
; instruction_memory:instr_mem|memory~242  ; Lost fanout                                         ;
; instruction_memory:instr_mem|memory~243  ; Lost fanout                                         ;
; instruction_memory:instr_mem|memory~244  ; Lost fanout                                         ;
; instruction_memory:instr_mem|memory~245  ; Lost fanout                                         ;
; instruction_memory:instr_mem|memory~246  ; Lost fanout                                         ;
; instruction_memory:instr_mem|memory~247  ; Lost fanout                                         ;
; instruction_memory:instr_mem|memory~248  ; Lost fanout                                         ;
; instruction_memory:instr_mem|memory~249  ; Lost fanout                                         ;
; instruction_memory:instr_mem|memory~250  ; Lost fanout                                         ;
; instruction_memory:instr_mem|memory~251  ; Lost fanout                                         ;
; instruction_memory:instr_mem|memory~252  ; Lost fanout                                         ;
; instruction_memory:instr_mem|memory~253  ; Lost fanout                                         ;
; instruction_memory:instr_mem|memory~254  ; Lost fanout                                         ;
; instruction_memory:instr_mem|memory~255  ; Lost fanout                                         ;
; instruction_memory:instr_mem|memory~256  ; Lost fanout                                         ;
; instruction_memory:instr_mem|memory~257  ; Lost fanout                                         ;
; instruction_memory:instr_mem|memory~258  ; Lost fanout                                         ;
; instruction_memory:instr_mem|memory~259  ; Lost fanout                                         ;
; instruction_memory:instr_mem|memory~260  ; Lost fanout                                         ;
; instruction_memory:instr_mem|memory~261  ; Lost fanout                                         ;
; instruction_memory:instr_mem|memory~262  ; Lost fanout                                         ;
; instruction_memory:instr_mem|memory~263  ; Lost fanout                                         ;
; instruction_memory:instr_mem|memory~264  ; Lost fanout                                         ;
; instruction_memory:instr_mem|memory~265  ; Lost fanout                                         ;
; instruction_memory:instr_mem|memory~266  ; Lost fanout                                         ;
; instruction_memory:instr_mem|memory~267  ; Lost fanout                                         ;
; instruction_memory:instr_mem|memory~268  ; Lost fanout                                         ;
; instruction_memory:instr_mem|memory~269  ; Lost fanout                                         ;
; instruction_memory:instr_mem|memory~270  ; Lost fanout                                         ;
; instruction_memory:instr_mem|memory~271  ; Lost fanout                                         ;
; instruction_memory:instr_mem|memory~272  ; Lost fanout                                         ;
; instruction_memory:instr_mem|memory~273  ; Lost fanout                                         ;
; instruction_memory:instr_mem|memory~274  ; Lost fanout                                         ;
; instruction_memory:instr_mem|memory~275  ; Lost fanout                                         ;
; instruction_memory:instr_mem|memory~276  ; Lost fanout                                         ;
; instruction_memory:instr_mem|memory~277  ; Lost fanout                                         ;
; instruction_memory:instr_mem|memory~278  ; Lost fanout                                         ;
; instruction_memory:instr_mem|memory~279  ; Lost fanout                                         ;
; instruction_memory:instr_mem|memory~280  ; Lost fanout                                         ;
; instruction_memory:instr_mem|memory~281  ; Lost fanout                                         ;
; instruction_memory:instr_mem|memory~282  ; Lost fanout                                         ;
; instruction_memory:instr_mem|memory~283  ; Lost fanout                                         ;
; instruction_memory:instr_mem|memory~284  ; Lost fanout                                         ;
; instruction_memory:instr_mem|memory~285  ; Lost fanout                                         ;
; instruction_memory:instr_mem|memory~286  ; Lost fanout                                         ;
; instruction_memory:instr_mem|memory~287  ; Lost fanout                                         ;
; instruction_memory:instr_mem|memory~288  ; Lost fanout                                         ;
; instruction_memory:instr_mem|memory~289  ; Lost fanout                                         ;
; instruction_memory:instr_mem|memory~290  ; Lost fanout                                         ;
; instruction_memory:instr_mem|memory~291  ; Lost fanout                                         ;
; instruction_memory:instr_mem|memory~292  ; Lost fanout                                         ;
; instruction_memory:instr_mem|memory~293  ; Lost fanout                                         ;
; instruction_memory:instr_mem|memory~294  ; Lost fanout                                         ;
; instruction_memory:instr_mem|memory~295  ; Lost fanout                                         ;
; instruction_memory:instr_mem|memory~296  ; Lost fanout                                         ;
; instruction_memory:instr_mem|memory~297  ; Lost fanout                                         ;
; instruction_memory:instr_mem|memory~298  ; Lost fanout                                         ;
; instruction_memory:instr_mem|memory~299  ; Lost fanout                                         ;
; instruction_memory:instr_mem|memory~300  ; Lost fanout                                         ;
; instruction_memory:instr_mem|memory~301  ; Lost fanout                                         ;
; instruction_memory:instr_mem|memory~302  ; Lost fanout                                         ;
; instruction_memory:instr_mem|memory~303  ; Lost fanout                                         ;
; instruction_memory:instr_mem|memory~304  ; Lost fanout                                         ;
; instruction_memory:instr_mem|memory~305  ; Lost fanout                                         ;
; instruction_memory:instr_mem|memory~306  ; Lost fanout                                         ;
; instruction_memory:instr_mem|memory~307  ; Lost fanout                                         ;
; instruction_memory:instr_mem|memory~308  ; Lost fanout                                         ;
; instruction_memory:instr_mem|memory~309  ; Lost fanout                                         ;
; instruction_memory:instr_mem|memory~310  ; Lost fanout                                         ;
; instruction_memory:instr_mem|memory~311  ; Lost fanout                                         ;
; instruction_memory:instr_mem|memory~312  ; Lost fanout                                         ;
; instruction_memory:instr_mem|memory~313  ; Lost fanout                                         ;
; instruction_memory:instr_mem|memory~314  ; Lost fanout                                         ;
; instruction_memory:instr_mem|memory~315  ; Lost fanout                                         ;
; instruction_memory:instr_mem|memory~316  ; Lost fanout                                         ;
; instruction_memory:instr_mem|memory~317  ; Lost fanout                                         ;
; instruction_memory:instr_mem|memory~318  ; Lost fanout                                         ;
; instruction_memory:instr_mem|memory~319  ; Lost fanout                                         ;
; instruction_memory:instr_mem|memory~320  ; Lost fanout                                         ;
; instruction_memory:instr_mem|memory~321  ; Lost fanout                                         ;
; instruction_memory:instr_mem|memory~322  ; Lost fanout                                         ;
; instruction_memory:instr_mem|memory~323  ; Lost fanout                                         ;
; instruction_memory:instr_mem|memory~324  ; Lost fanout                                         ;
; instruction_memory:instr_mem|memory~325  ; Lost fanout                                         ;
; instruction_memory:instr_mem|memory~326  ; Lost fanout                                         ;
; instruction_memory:instr_mem|memory~327  ; Lost fanout                                         ;
; instruction_memory:instr_mem|memory~328  ; Lost fanout                                         ;
; instruction_memory:instr_mem|memory~329  ; Lost fanout                                         ;
; instruction_memory:instr_mem|memory~330  ; Lost fanout                                         ;
; instruction_memory:instr_mem|memory~331  ; Lost fanout                                         ;
; instruction_memory:instr_mem|memory~332  ; Lost fanout                                         ;
; instruction_memory:instr_mem|memory~333  ; Lost fanout                                         ;
; instruction_memory:instr_mem|memory~334  ; Lost fanout                                         ;
; instruction_memory:instr_mem|memory~335  ; Lost fanout                                         ;
; instruction_memory:instr_mem|memory~336  ; Lost fanout                                         ;
; instruction_memory:instr_mem|memory~337  ; Lost fanout                                         ;
; instruction_memory:instr_mem|memory~338  ; Lost fanout                                         ;
; instruction_memory:instr_mem|memory~339  ; Lost fanout                                         ;
; instruction_memory:instr_mem|memory~340  ; Lost fanout                                         ;
; instruction_memory:instr_mem|memory~341  ; Lost fanout                                         ;
; instruction_memory:instr_mem|memory~342  ; Lost fanout                                         ;
; instruction_memory:instr_mem|memory~343  ; Lost fanout                                         ;
; instruction_memory:instr_mem|memory~344  ; Lost fanout                                         ;
; instruction_memory:instr_mem|memory~345  ; Lost fanout                                         ;
; instruction_memory:instr_mem|memory~346  ; Lost fanout                                         ;
; instruction_memory:instr_mem|memory~347  ; Lost fanout                                         ;
; instruction_memory:instr_mem|memory~348  ; Lost fanout                                         ;
; instruction_memory:instr_mem|memory~349  ; Lost fanout                                         ;
; instruction_memory:instr_mem|memory~350  ; Lost fanout                                         ;
; instruction_memory:instr_mem|memory~351  ; Lost fanout                                         ;
; instruction_memory:instr_mem|memory~352  ; Lost fanout                                         ;
; instruction_memory:instr_mem|memory~353  ; Lost fanout                                         ;
; instruction_memory:instr_mem|memory~354  ; Lost fanout                                         ;
; instruction_memory:instr_mem|memory~355  ; Lost fanout                                         ;
; instruction_memory:instr_mem|memory~356  ; Lost fanout                                         ;
; instruction_memory:instr_mem|memory~357  ; Lost fanout                                         ;
; instruction_memory:instr_mem|memory~358  ; Lost fanout                                         ;
; instruction_memory:instr_mem|memory~359  ; Lost fanout                                         ;
; instruction_memory:instr_mem|memory~360  ; Lost fanout                                         ;
; instruction_memory:instr_mem|memory~361  ; Lost fanout                                         ;
; instruction_memory:instr_mem|memory~362  ; Lost fanout                                         ;
; instruction_memory:instr_mem|memory~363  ; Lost fanout                                         ;
; instruction_memory:instr_mem|memory~364  ; Lost fanout                                         ;
; instruction_memory:instr_mem|memory~365  ; Lost fanout                                         ;
; instruction_memory:instr_mem|memory~366  ; Lost fanout                                         ;
; instruction_memory:instr_mem|memory~367  ; Lost fanout                                         ;
; instruction_memory:instr_mem|memory~368  ; Lost fanout                                         ;
; instruction_memory:instr_mem|memory~369  ; Lost fanout                                         ;
; instruction_memory:instr_mem|memory~370  ; Lost fanout                                         ;
; instruction_memory:instr_mem|memory~371  ; Lost fanout                                         ;
; instruction_memory:instr_mem|memory~372  ; Lost fanout                                         ;
; instruction_memory:instr_mem|memory~373  ; Lost fanout                                         ;
; instruction_memory:instr_mem|memory~374  ; Lost fanout                                         ;
; instruction_memory:instr_mem|memory~375  ; Lost fanout                                         ;
; instruction_memory:instr_mem|memory~376  ; Lost fanout                                         ;
; instruction_memory:instr_mem|memory~377  ; Lost fanout                                         ;
; instruction_memory:instr_mem|memory~378  ; Lost fanout                                         ;
; instruction_memory:instr_mem|memory~379  ; Lost fanout                                         ;
; instruction_memory:instr_mem|memory~380  ; Lost fanout                                         ;
; instruction_memory:instr_mem|memory~381  ; Lost fanout                                         ;
; instruction_memory:instr_mem|memory~382  ; Lost fanout                                         ;
; instruction_memory:instr_mem|memory~383  ; Lost fanout                                         ;
; instruction_memory:instr_mem|memory~384  ; Lost fanout                                         ;
; instruction_memory:instr_mem|memory~385  ; Lost fanout                                         ;
; instruction_memory:instr_mem|memory~386  ; Lost fanout                                         ;
; instruction_memory:instr_mem|memory~387  ; Lost fanout                                         ;
; instruction_memory:instr_mem|memory~388  ; Lost fanout                                         ;
; instruction_memory:instr_mem|memory~389  ; Lost fanout                                         ;
; instruction_memory:instr_mem|memory~390  ; Lost fanout                                         ;
; instruction_memory:instr_mem|memory~391  ; Lost fanout                                         ;
; instruction_memory:instr_mem|memory~392  ; Lost fanout                                         ;
; instruction_memory:instr_mem|memory~393  ; Lost fanout                                         ;
; instruction_memory:instr_mem|memory~394  ; Lost fanout                                         ;
; instruction_memory:instr_mem|memory~395  ; Lost fanout                                         ;
; instruction_memory:instr_mem|memory~396  ; Lost fanout                                         ;
; instruction_memory:instr_mem|memory~397  ; Lost fanout                                         ;
; instruction_memory:instr_mem|memory~398  ; Lost fanout                                         ;
; instruction_memory:instr_mem|memory~399  ; Lost fanout                                         ;
; instruction_memory:instr_mem|memory~400  ; Lost fanout                                         ;
; instruction_memory:instr_mem|memory~401  ; Lost fanout                                         ;
; instruction_memory:instr_mem|memory~402  ; Lost fanout                                         ;
; instruction_memory:instr_mem|memory~403  ; Lost fanout                                         ;
; instruction_memory:instr_mem|memory~404  ; Lost fanout                                         ;
; instruction_memory:instr_mem|memory~405  ; Lost fanout                                         ;
; instruction_memory:instr_mem|memory~406  ; Lost fanout                                         ;
; instruction_memory:instr_mem|memory~407  ; Lost fanout                                         ;
; instruction_memory:instr_mem|memory~408  ; Lost fanout                                         ;
; instruction_memory:instr_mem|memory~409  ; Lost fanout                                         ;
; instruction_memory:instr_mem|memory~410  ; Lost fanout                                         ;
; instruction_memory:instr_mem|memory~411  ; Lost fanout                                         ;
; instruction_memory:instr_mem|memory~412  ; Lost fanout                                         ;
; instruction_memory:instr_mem|memory~413  ; Lost fanout                                         ;
; instruction_memory:instr_mem|memory~414  ; Lost fanout                                         ;
; instruction_memory:instr_mem|memory~415  ; Lost fanout                                         ;
; instruction_memory:instr_mem|memory~416  ; Lost fanout                                         ;
; instruction_memory:instr_mem|memory~417  ; Lost fanout                                         ;
; instruction_memory:instr_mem|memory~418  ; Lost fanout                                         ;
; instruction_memory:instr_mem|memory~419  ; Lost fanout                                         ;
; instruction_memory:instr_mem|memory~420  ; Lost fanout                                         ;
; instruction_memory:instr_mem|memory~421  ; Lost fanout                                         ;
; instruction_memory:instr_mem|memory~422  ; Lost fanout                                         ;
; instruction_memory:instr_mem|memory~423  ; Lost fanout                                         ;
; instruction_memory:instr_mem|memory~424  ; Lost fanout                                         ;
; instruction_memory:instr_mem|memory~425  ; Lost fanout                                         ;
; instruction_memory:instr_mem|memory~426  ; Lost fanout                                         ;
; instruction_memory:instr_mem|memory~427  ; Lost fanout                                         ;
; instruction_memory:instr_mem|memory~428  ; Lost fanout                                         ;
; instruction_memory:instr_mem|memory~429  ; Lost fanout                                         ;
; instruction_memory:instr_mem|memory~430  ; Lost fanout                                         ;
; instruction_memory:instr_mem|memory~431  ; Lost fanout                                         ;
; instruction_memory:instr_mem|memory~432  ; Lost fanout                                         ;
; instruction_memory:instr_mem|memory~433  ; Lost fanout                                         ;
; instruction_memory:instr_mem|memory~434  ; Lost fanout                                         ;
; instruction_memory:instr_mem|memory~435  ; Lost fanout                                         ;
; instruction_memory:instr_mem|memory~436  ; Lost fanout                                         ;
; instruction_memory:instr_mem|memory~437  ; Lost fanout                                         ;
; instruction_memory:instr_mem|memory~438  ; Lost fanout                                         ;
; instruction_memory:instr_mem|memory~439  ; Lost fanout                                         ;
; instruction_memory:instr_mem|memory~440  ; Lost fanout                                         ;
; instruction_memory:instr_mem|memory~441  ; Lost fanout                                         ;
; instruction_memory:instr_mem|memory~442  ; Lost fanout                                         ;
; instruction_memory:instr_mem|memory~443  ; Lost fanout                                         ;
; instruction_memory:instr_mem|memory~444  ; Lost fanout                                         ;
; instruction_memory:instr_mem|memory~445  ; Lost fanout                                         ;
; instruction_memory:instr_mem|memory~446  ; Lost fanout                                         ;
; instruction_memory:instr_mem|memory~447  ; Lost fanout                                         ;
; instruction_memory:instr_mem|memory~448  ; Lost fanout                                         ;
; instruction_memory:instr_mem|memory~449  ; Lost fanout                                         ;
; instruction_memory:instr_mem|memory~450  ; Lost fanout                                         ;
; instruction_memory:instr_mem|memory~451  ; Lost fanout                                         ;
; instruction_memory:instr_mem|memory~452  ; Lost fanout                                         ;
; instruction_memory:instr_mem|memory~453  ; Lost fanout                                         ;
; instruction_memory:instr_mem|memory~454  ; Lost fanout                                         ;
; instruction_memory:instr_mem|memory~455  ; Lost fanout                                         ;
; instruction_memory:instr_mem|memory~456  ; Lost fanout                                         ;
; instruction_memory:instr_mem|memory~457  ; Lost fanout                                         ;
; instruction_memory:instr_mem|memory~458  ; Lost fanout                                         ;
; instruction_memory:instr_mem|memory~459  ; Lost fanout                                         ;
; instruction_memory:instr_mem|memory~460  ; Lost fanout                                         ;
; instruction_memory:instr_mem|memory~461  ; Lost fanout                                         ;
; instruction_memory:instr_mem|memory~462  ; Lost fanout                                         ;
; instruction_memory:instr_mem|memory~463  ; Lost fanout                                         ;
; instruction_memory:instr_mem|memory~464  ; Lost fanout                                         ;
; instruction_memory:instr_mem|memory~465  ; Lost fanout                                         ;
; instruction_memory:instr_mem|memory~466  ; Lost fanout                                         ;
; instruction_memory:instr_mem|memory~467  ; Lost fanout                                         ;
; instruction_memory:instr_mem|memory~468  ; Lost fanout                                         ;
; instruction_memory:instr_mem|memory~469  ; Lost fanout                                         ;
; instruction_memory:instr_mem|memory~470  ; Lost fanout                                         ;
; instruction_memory:instr_mem|memory~471  ; Lost fanout                                         ;
; instruction_memory:instr_mem|memory~472  ; Lost fanout                                         ;
; instruction_memory:instr_mem|memory~473  ; Lost fanout                                         ;
; instruction_memory:instr_mem|memory~474  ; Lost fanout                                         ;
; instruction_memory:instr_mem|memory~475  ; Lost fanout                                         ;
; instruction_memory:instr_mem|memory~476  ; Lost fanout                                         ;
; instruction_memory:instr_mem|memory~477  ; Lost fanout                                         ;
; instruction_memory:instr_mem|memory~478  ; Lost fanout                                         ;
; instruction_memory:instr_mem|memory~479  ; Lost fanout                                         ;
; instruction_memory:instr_mem|memory~480  ; Lost fanout                                         ;
; instruction_memory:instr_mem|memory~481  ; Lost fanout                                         ;
; instruction_memory:instr_mem|memory~482  ; Lost fanout                                         ;
; instruction_memory:instr_mem|memory~483  ; Lost fanout                                         ;
; instruction_memory:instr_mem|memory~484  ; Lost fanout                                         ;
; instruction_memory:instr_mem|memory~485  ; Lost fanout                                         ;
; instruction_memory:instr_mem|memory~486  ; Lost fanout                                         ;
; instruction_memory:instr_mem|memory~487  ; Lost fanout                                         ;
; instruction_memory:instr_mem|memory~488  ; Lost fanout                                         ;
; instruction_memory:instr_mem|memory~489  ; Lost fanout                                         ;
; instruction_memory:instr_mem|memory~490  ; Lost fanout                                         ;
; instruction_memory:instr_mem|memory~491  ; Lost fanout                                         ;
; instruction_memory:instr_mem|memory~492  ; Lost fanout                                         ;
; instruction_memory:instr_mem|memory~493  ; Lost fanout                                         ;
; instruction_memory:instr_mem|memory~494  ; Lost fanout                                         ;
; instruction_memory:instr_mem|memory~495  ; Lost fanout                                         ;
; instruction_memory:instr_mem|memory~496  ; Lost fanout                                         ;
; instruction_memory:instr_mem|memory~497  ; Lost fanout                                         ;
; Total Number of Removed Registers = 8996 ;                                                     ;
+------------------------------------------+-----------------------------------------------------+
* Table truncated at 5000 items. To change the number of removed registers reported, set the "Number of Removed Registers Reported" option under Assignments->Settings->Analysis and Synthesis Settings->More Settings


+------------------------------------------------------+
; General Register Statistics                          ;
+----------------------------------------------+-------+
; Statistic                                    ; Value ;
+----------------------------------------------+-------+
; Total registers                              ; 6752  ;
; Number of registers using Synchronous Clear  ; 21    ;
; Number of registers using Synchronous Load   ; 0     ;
; Number of registers using Asynchronous Clear ; 1054  ;
; Number of registers using Asynchronous Load  ; 0     ;
; Number of registers using Clock Enable       ; 3603  ;
; Number of registers using Preset             ; 0     ;
+----------------------------------------------+-------+


+-------------------------------------------------------------------------------------------------------------------------------------------------------------------+
; Registers Packed Into Inferred Megafunctions                                                                                                                      ;
+------------------------------------------------------------------------------+-----------------------------------------------------------------------------+------+
; Register Name                                                                ; Megafunction                                                                ; Type ;
+------------------------------------------------------------------------------+-----------------------------------------------------------------------------+------+
; vga_monitor:vga_monitor|font_renderer:font_inst|font_rom:rom_inst|data[0..7] ; vga_monitor:vga_monitor|font_renderer:font_inst|font_rom:rom_inst|mem_rtl_0 ; RAM  ;
+------------------------------------------------------------------------------+-----------------------------------------------------------------------------+------+


+----------------------------------------------------------------------------------------------------------------------------------------------------------------+
; Multiplexer Restructuring Statistics (Restructuring Performed)                                                                                                 ;
+--------------------+-----------+---------------+----------------------+------------------------+------------+--------------------------------------------------+
; Multiplexer Inputs ; Bus Width ; Baseline Area ; Area if Restructured ; Saving if Restructured ; Registered ; Example Multiplexer Output                       ;
+--------------------+-----------+---------------+----------------------+------------------------+------------+--------------------------------------------------+
; 10:1               ; 8 bits    ; 48 LEs        ; 16 LEs               ; 32 LEs                 ; Yes        ; |cpu_top|data_memory:data_mem|mem[127][0]        ;
; 10:1               ; 8 bits    ; 48 LEs        ; 16 LEs               ; 32 LEs                 ; Yes        ; |cpu_top|data_memory:data_mem|mem[126][0]        ;
; 10:1               ; 8 bits    ; 48 LEs        ; 16 LEs               ; 32 LEs                 ; Yes        ; |cpu_top|data_memory:data_mem|mem[125][0]        ;
; 10:1               ; 8 bits    ; 48 LEs        ; 16 LEs               ; 32 LEs                 ; Yes        ; |cpu_top|data_memory:data_mem|mem[124][0]        ;
; 10:1               ; 8 bits    ; 48 LEs        ; 16 LEs               ; 32 LEs                 ; Yes        ; |cpu_top|data_memory:data_mem|mem[123][0]        ;
; 10:1               ; 8 bits    ; 48 LEs        ; 16 LEs               ; 32 LEs                 ; Yes        ; |cpu_top|data_memory:data_mem|mem[122][0]        ;
; 10:1               ; 8 bits    ; 48 LEs        ; 16 LEs               ; 32 LEs                 ; Yes        ; |cpu_top|data_memory:data_mem|mem[121][0]        ;
; 10:1               ; 8 bits    ; 48 LEs        ; 16 LEs               ; 32 LEs                 ; Yes        ; |cpu_top|data_memory:data_mem|mem[120][0]        ;
; 10:1               ; 8 bits    ; 48 LEs        ; 16 LEs               ; 32 LEs                 ; Yes        ; |cpu_top|data_memory:data_mem|mem[119][0]        ;
; 10:1               ; 8 bits    ; 48 LEs        ; 16 LEs               ; 32 LEs                 ; Yes        ; |cpu_top|data_memory:data_mem|mem[118][0]        ;
; 10:1               ; 8 bits    ; 48 LEs        ; 16 LEs               ; 32 LEs                 ; Yes        ; |cpu_top|data_memory:data_mem|mem[117][0]        ;
; 10:1               ; 8 bits    ; 48 LEs        ; 16 LEs               ; 32 LEs                 ; Yes        ; |cpu_top|data_memory:data_mem|mem[116][0]        ;
; 10:1               ; 8 bits    ; 48 LEs        ; 16 LEs               ; 32 LEs                 ; Yes        ; |cpu_top|data_memory:data_mem|mem[115][0]        ;
; 10:1               ; 8 bits    ; 48 LEs        ; 16 LEs               ; 32 LEs                 ; Yes        ; |cpu_top|data_memory:data_mem|mem[114][0]        ;
; 10:1               ; 8 bits    ; 48 LEs        ; 16 LEs               ; 32 LEs                 ; Yes        ; |cpu_top|data_memory:data_mem|mem[113][0]        ;
; 10:1               ; 8 bits    ; 48 LEs        ; 16 LEs               ; 32 LEs                 ; Yes        ; |cpu_top|data_memory:data_mem|mem[112][0]        ;
; 10:1               ; 8 bits    ; 48 LEs        ; 16 LEs               ; 32 LEs                 ; Yes        ; |cpu_top|data_memory:data_mem|mem[111][0]        ;
; 10:1               ; 8 bits    ; 48 LEs        ; 16 LEs               ; 32 LEs                 ; Yes        ; |cpu_top|data_memory:data_mem|mem[110][0]        ;
; 10:1               ; 8 bits    ; 48 LEs        ; 16 LEs               ; 32 LEs                 ; Yes        ; |cpu_top|data_memory:data_mem|mem[109][0]        ;
; 10:1               ; 8 bits    ; 48 LEs        ; 16 LEs               ; 32 LEs                 ; Yes        ; |cpu_top|data_memory:data_mem|mem[108][0]        ;
; 10:1               ; 8 bits    ; 48 LEs        ; 16 LEs               ; 32 LEs                 ; Yes        ; |cpu_top|data_memory:data_mem|mem[107][0]        ;
; 10:1               ; 8 bits    ; 48 LEs        ; 16 LEs               ; 32 LEs                 ; Yes        ; |cpu_top|data_memory:data_mem|mem[106][0]        ;
; 10:1               ; 8 bits    ; 48 LEs        ; 16 LEs               ; 32 LEs                 ; Yes        ; |cpu_top|data_memory:data_mem|mem[105][0]        ;
; 10:1               ; 8 bits    ; 48 LEs        ; 16 LEs               ; 32 LEs                 ; Yes        ; |cpu_top|data_memory:data_mem|mem[104][0]        ;
; 10:1               ; 8 bits    ; 48 LEs        ; 16 LEs               ; 32 LEs                 ; Yes        ; |cpu_top|data_memory:data_mem|mem[103][0]        ;
; 10:1               ; 8 bits    ; 48 LEs        ; 16 LEs               ; 32 LEs                 ; Yes        ; |cpu_top|data_memory:data_mem|mem[102][0]        ;
; 10:1               ; 8 bits    ; 48 LEs        ; 16 LEs               ; 32 LEs                 ; Yes        ; |cpu_top|data_memory:data_mem|mem[101][0]        ;
; 10:1               ; 8 bits    ; 48 LEs        ; 16 LEs               ; 32 LEs                 ; Yes        ; |cpu_top|data_memory:data_mem|mem[100][0]        ;
; 10:1               ; 8 bits    ; 48 LEs        ; 16 LEs               ; 32 LEs                 ; Yes        ; |cpu_top|data_memory:data_mem|mem[99][0]         ;
; 10:1               ; 8 bits    ; 48 LEs        ; 16 LEs               ; 32 LEs                 ; Yes        ; |cpu_top|data_memory:data_mem|mem[98][0]         ;
; 10:1               ; 8 bits    ; 48 LEs        ; 16 LEs               ; 32 LEs                 ; Yes        ; |cpu_top|data_memory:data_mem|mem[97][0]         ;
; 10:1               ; 8 bits    ; 48 LEs        ; 16 LEs               ; 32 LEs                 ; Yes        ; |cpu_top|data_memory:data_mem|mem[96][0]         ;
; 10:1               ; 8 bits    ; 48 LEs        ; 16 LEs               ; 32 LEs                 ; Yes        ; |cpu_top|data_memory:data_mem|mem[95][0]         ;
; 10:1               ; 8 bits    ; 48 LEs        ; 16 LEs               ; 32 LEs                 ; Yes        ; |cpu_top|data_memory:data_mem|mem[94][0]         ;
; 10:1               ; 8 bits    ; 48 LEs        ; 16 LEs               ; 32 LEs                 ; Yes        ; |cpu_top|data_memory:data_mem|mem[93][0]         ;
; 10:1               ; 8 bits    ; 48 LEs        ; 16 LEs               ; 32 LEs                 ; Yes        ; |cpu_top|data_memory:data_mem|mem[92][0]         ;
; 10:1               ; 8 bits    ; 48 LEs        ; 16 LEs               ; 32 LEs                 ; Yes        ; |cpu_top|data_memory:data_mem|mem[91][0]         ;
; 10:1               ; 8 bits    ; 48 LEs        ; 16 LEs               ; 32 LEs                 ; Yes        ; |cpu_top|data_memory:data_mem|mem[90][0]         ;
; 10:1               ; 8 bits    ; 48 LEs        ; 16 LEs               ; 32 LEs                 ; Yes        ; |cpu_top|data_memory:data_mem|mem[89][0]         ;
; 10:1               ; 8 bits    ; 48 LEs        ; 16 LEs               ; 32 LEs                 ; Yes        ; |cpu_top|data_memory:data_mem|mem[88][0]         ;
; 10:1               ; 8 bits    ; 48 LEs        ; 16 LEs               ; 32 LEs                 ; Yes        ; |cpu_top|data_memory:data_mem|mem[87][0]         ;
; 10:1               ; 8 bits    ; 48 LEs        ; 16 LEs               ; 32 LEs                 ; Yes        ; |cpu_top|data_memory:data_mem|mem[86][0]         ;
; 10:1               ; 8 bits    ; 48 LEs        ; 16 LEs               ; 32 LEs                 ; Yes        ; |cpu_top|data_memory:data_mem|mem[85][0]         ;
; 10:1               ; 8 bits    ; 48 LEs        ; 16 LEs               ; 32 LEs                 ; Yes        ; |cpu_top|data_memory:data_mem|mem[84][0]         ;
; 10:1               ; 8 bits    ; 48 LEs        ; 16 LEs               ; 32 LEs                 ; Yes        ; |cpu_top|data_memory:data_mem|mem[83][0]         ;
; 10:1               ; 8 bits    ; 48 LEs        ; 16 LEs               ; 32 LEs                 ; Yes        ; |cpu_top|data_memory:data_mem|mem[82][0]         ;
; 10:1               ; 8 bits    ; 48 LEs        ; 16 LEs               ; 32 LEs                 ; Yes        ; |cpu_top|data_memory:data_mem|mem[81][0]         ;
; 10:1               ; 8 bits    ; 48 LEs        ; 16 LEs               ; 32 LEs                 ; Yes        ; |cpu_top|data_memory:data_mem|mem[80][0]         ;
; 10:1               ; 8 bits    ; 48 LEs        ; 16 LEs               ; 32 LEs                 ; Yes        ; |cpu_top|data_memory:data_mem|mem[79][0]         ;
; 10:1               ; 8 bits    ; 48 LEs        ; 16 LEs               ; 32 LEs                 ; Yes        ; |cpu_top|data_memory:data_mem|mem[78][0]         ;
; 10:1               ; 8 bits    ; 48 LEs        ; 16 LEs               ; 32 LEs                 ; Yes        ; |cpu_top|data_memory:data_mem|mem[77][0]         ;
; 10:1               ; 8 bits    ; 48 LEs        ; 16 LEs               ; 32 LEs                 ; Yes        ; |cpu_top|data_memory:data_mem|mem[76][0]         ;
; 10:1               ; 8 bits    ; 48 LEs        ; 16 LEs               ; 32 LEs                 ; Yes        ; |cpu_top|data_memory:data_mem|mem[75][0]         ;
; 10:1               ; 8 bits    ; 48 LEs        ; 16 LEs               ; 32 LEs                 ; Yes        ; |cpu_top|data_memory:data_mem|mem[74][0]         ;
; 10:1               ; 8 bits    ; 48 LEs        ; 16 LEs               ; 32 LEs                 ; Yes        ; |cpu_top|data_memory:data_mem|mem[73][0]         ;
; 10:1               ; 8 bits    ; 48 LEs        ; 16 LEs               ; 32 LEs                 ; Yes        ; |cpu_top|data_memory:data_mem|mem[72][0]         ;
; 10:1               ; 8 bits    ; 48 LEs        ; 16 LEs               ; 32 LEs                 ; Yes        ; |cpu_top|data_memory:data_mem|mem[71][0]         ;
; 10:1               ; 8 bits    ; 48 LEs        ; 16 LEs               ; 32 LEs                 ; Yes        ; |cpu_top|data_memory:data_mem|mem[70][0]         ;
; 10:1               ; 8 bits    ; 48 LEs        ; 16 LEs               ; 32 LEs                 ; Yes        ; |cpu_top|data_memory:data_mem|mem[69][0]         ;
; 10:1               ; 8 bits    ; 48 LEs        ; 16 LEs               ; 32 LEs                 ; Yes        ; |cpu_top|data_memory:data_mem|mem[68][0]         ;
; 10:1               ; 8 bits    ; 48 LEs        ; 16 LEs               ; 32 LEs                 ; Yes        ; |cpu_top|data_memory:data_mem|mem[67][0]         ;
; 10:1               ; 8 bits    ; 48 LEs        ; 16 LEs               ; 32 LEs                 ; Yes        ; |cpu_top|data_memory:data_mem|mem[66][0]         ;
; 10:1               ; 8 bits    ; 48 LEs        ; 16 LEs               ; 32 LEs                 ; Yes        ; |cpu_top|data_memory:data_mem|mem[65][0]         ;
; 10:1               ; 8 bits    ; 48 LEs        ; 16 LEs               ; 32 LEs                 ; Yes        ; |cpu_top|data_memory:data_mem|mem[64][0]         ;
; 10:1               ; 8 bits    ; 48 LEs        ; 16 LEs               ; 32 LEs                 ; Yes        ; |cpu_top|data_memory:data_mem|mem[63][0]         ;
; 10:1               ; 8 bits    ; 48 LEs        ; 16 LEs               ; 32 LEs                 ; Yes        ; |cpu_top|data_memory:data_mem|mem[62][0]         ;
; 10:1               ; 8 bits    ; 48 LEs        ; 16 LEs               ; 32 LEs                 ; Yes        ; |cpu_top|data_memory:data_mem|mem[61][0]         ;
; 10:1               ; 8 bits    ; 48 LEs        ; 16 LEs               ; 32 LEs                 ; Yes        ; |cpu_top|data_memory:data_mem|mem[60][0]         ;
; 10:1               ; 8 bits    ; 48 LEs        ; 16 LEs               ; 32 LEs                 ; Yes        ; |cpu_top|data_memory:data_mem|mem[59][0]         ;
; 10:1               ; 8 bits    ; 48 LEs        ; 16 LEs               ; 32 LEs                 ; Yes        ; |cpu_top|data_memory:data_mem|mem[58][0]         ;
; 10:1               ; 8 bits    ; 48 LEs        ; 16 LEs               ; 32 LEs                 ; Yes        ; |cpu_top|data_memory:data_mem|mem[57][0]         ;
; 10:1               ; 8 bits    ; 48 LEs        ; 16 LEs               ; 32 LEs                 ; Yes        ; |cpu_top|data_memory:data_mem|mem[56][0]         ;
; 10:1               ; 8 bits    ; 48 LEs        ; 16 LEs               ; 32 LEs                 ; Yes        ; |cpu_top|data_memory:data_mem|mem[55][0]         ;
; 10:1               ; 8 bits    ; 48 LEs        ; 16 LEs               ; 32 LEs                 ; Yes        ; |cpu_top|data_memory:data_mem|mem[54][0]         ;
; 10:1               ; 8 bits    ; 48 LEs        ; 16 LEs               ; 32 LEs                 ; Yes        ; |cpu_top|data_memory:data_mem|mem[53][0]         ;
; 10:1               ; 8 bits    ; 48 LEs        ; 16 LEs               ; 32 LEs                 ; Yes        ; |cpu_top|data_memory:data_mem|mem[52][0]         ;
; 10:1               ; 8 bits    ; 48 LEs        ; 16 LEs               ; 32 LEs                 ; Yes        ; |cpu_top|data_memory:data_mem|mem[51][0]         ;
; 10:1               ; 8 bits    ; 48 LEs        ; 16 LEs               ; 32 LEs                 ; Yes        ; |cpu_top|data_memory:data_mem|mem[50][0]         ;
; 10:1               ; 8 bits    ; 48 LEs        ; 16 LEs               ; 32 LEs                 ; Yes        ; |cpu_top|data_memory:data_mem|mem[49][0]         ;
; 10:1               ; 8 bits    ; 48 LEs        ; 16 LEs               ; 32 LEs                 ; Yes        ; |cpu_top|data_memory:data_mem|mem[48][0]         ;
; 10:1               ; 8 bits    ; 48 LEs        ; 16 LEs               ; 32 LEs                 ; Yes        ; |cpu_top|data_memory:data_mem|mem[47][0]         ;
; 10:1               ; 8 bits    ; 48 LEs        ; 16 LEs               ; 32 LEs                 ; Yes        ; |cpu_top|data_memory:data_mem|mem[46][0]         ;
; 10:1               ; 8 bits    ; 48 LEs        ; 16 LEs               ; 32 LEs                 ; Yes        ; |cpu_top|data_memory:data_mem|mem[45][0]         ;
; 10:1               ; 8 bits    ; 48 LEs        ; 16 LEs               ; 32 LEs                 ; Yes        ; |cpu_top|data_memory:data_mem|mem[44][0]         ;
; 10:1               ; 8 bits    ; 48 LEs        ; 16 LEs               ; 32 LEs                 ; Yes        ; |cpu_top|data_memory:data_mem|mem[43][0]         ;
; 10:1               ; 8 bits    ; 48 LEs        ; 16 LEs               ; 32 LEs                 ; Yes        ; |cpu_top|data_memory:data_mem|mem[42][0]         ;
; 10:1               ; 8 bits    ; 48 LEs        ; 16 LEs               ; 32 LEs                 ; Yes        ; |cpu_top|data_memory:data_mem|mem[41][0]         ;
; 10:1               ; 8 bits    ; 48 LEs        ; 16 LEs               ; 32 LEs                 ; Yes        ; |cpu_top|data_memory:data_mem|mem[40][0]         ;
; 10:1               ; 8 bits    ; 48 LEs        ; 16 LEs               ; 32 LEs                 ; Yes        ; |cpu_top|data_memory:data_mem|mem[39][0]         ;
; 10:1               ; 8 bits    ; 48 LEs        ; 16 LEs               ; 32 LEs                 ; Yes        ; |cpu_top|data_memory:data_mem|mem[38][0]         ;
; 10:1               ; 8 bits    ; 48 LEs        ; 16 LEs               ; 32 LEs                 ; Yes        ; |cpu_top|data_memory:data_mem|mem[37][0]         ;
; 10:1               ; 8 bits    ; 48 LEs        ; 16 LEs               ; 32 LEs                 ; Yes        ; |cpu_top|data_memory:data_mem|mem[36][0]         ;
; 10:1               ; 8 bits    ; 48 LEs        ; 16 LEs               ; 32 LEs                 ; Yes        ; |cpu_top|data_memory:data_mem|mem[35][0]         ;
; 10:1               ; 8 bits    ; 48 LEs        ; 16 LEs               ; 32 LEs                 ; Yes        ; |cpu_top|data_memory:data_mem|mem[34][0]         ;
; 10:1               ; 8 bits    ; 48 LEs        ; 16 LEs               ; 32 LEs                 ; Yes        ; |cpu_top|data_memory:data_mem|mem[33][0]         ;
; 10:1               ; 8 bits    ; 48 LEs        ; 16 LEs               ; 32 LEs                 ; Yes        ; |cpu_top|data_memory:data_mem|mem[32][0]         ;
; 10:1               ; 8 bits    ; 48 LEs        ; 16 LEs               ; 32 LEs                 ; Yes        ; |cpu_top|data_memory:data_mem|mem[31][0]         ;
; 10:1               ; 8 bits    ; 48 LEs        ; 16 LEs               ; 32 LEs                 ; Yes        ; |cpu_top|data_memory:data_mem|mem[30][0]         ;
; 10:1               ; 8 bits    ; 48 LEs        ; 16 LEs               ; 32 LEs                 ; Yes        ; |cpu_top|data_memory:data_mem|mem[29][0]         ;
; 10:1               ; 8 bits    ; 48 LEs        ; 16 LEs               ; 32 LEs                 ; Yes        ; |cpu_top|data_memory:data_mem|mem[28][0]         ;
; 10:1               ; 8 bits    ; 48 LEs        ; 16 LEs               ; 32 LEs                 ; Yes        ; |cpu_top|data_memory:data_mem|mem[27][0]         ;
; 10:1               ; 8 bits    ; 48 LEs        ; 16 LEs               ; 32 LEs                 ; Yes        ; |cpu_top|data_memory:data_mem|mem[26][0]         ;
; 10:1               ; 8 bits    ; 48 LEs        ; 16 LEs               ; 32 LEs                 ; Yes        ; |cpu_top|data_memory:data_mem|mem[25][0]         ;
; 10:1               ; 8 bits    ; 48 LEs        ; 16 LEs               ; 32 LEs                 ; Yes        ; |cpu_top|data_memory:data_mem|mem[24][0]         ;
; 10:1               ; 8 bits    ; 48 LEs        ; 16 LEs               ; 32 LEs                 ; Yes        ; |cpu_top|data_memory:data_mem|mem[23][0]         ;
; 10:1               ; 8 bits    ; 48 LEs        ; 16 LEs               ; 32 LEs                 ; Yes        ; |cpu_top|data_memory:data_mem|mem[22][0]         ;
; 10:1               ; 8 bits    ; 48 LEs        ; 16 LEs               ; 32 LEs                 ; Yes        ; |cpu_top|data_memory:data_mem|mem[21][0]         ;
; 10:1               ; 8 bits    ; 48 LEs        ; 16 LEs               ; 32 LEs                 ; Yes        ; |cpu_top|data_memory:data_mem|mem[20][0]         ;
; 10:1               ; 8 bits    ; 48 LEs        ; 16 LEs               ; 32 LEs                 ; Yes        ; |cpu_top|data_memory:data_mem|mem[19][0]         ;
; 10:1               ; 8 bits    ; 48 LEs        ; 16 LEs               ; 32 LEs                 ; Yes        ; |cpu_top|data_memory:data_mem|mem[18][0]         ;
; 10:1               ; 8 bits    ; 48 LEs        ; 16 LEs               ; 32 LEs                 ; Yes        ; |cpu_top|data_memory:data_mem|mem[17][0]         ;
; 10:1               ; 8 bits    ; 48 LEs        ; 16 LEs               ; 32 LEs                 ; Yes        ; |cpu_top|data_memory:data_mem|mem[16][0]         ;
; 10:1               ; 8 bits    ; 48 LEs        ; 16 LEs               ; 32 LEs                 ; Yes        ; |cpu_top|data_memory:data_mem|mem[15][0]         ;
; 10:1               ; 8 bits    ; 48 LEs        ; 16 LEs               ; 32 LEs                 ; Yes        ; |cpu_top|data_memory:data_mem|mem[14][0]         ;
; 10:1               ; 8 bits    ; 48 LEs        ; 16 LEs               ; 32 LEs                 ; Yes        ; |cpu_top|data_memory:data_mem|mem[13][0]         ;
; 10:1               ; 8 bits    ; 48 LEs        ; 16 LEs               ; 32 LEs                 ; Yes        ; |cpu_top|data_memory:data_mem|mem[12][0]         ;
; 10:1               ; 8 bits    ; 48 LEs        ; 16 LEs               ; 32 LEs                 ; Yes        ; |cpu_top|data_memory:data_mem|mem[11][0]         ;
; 10:1               ; 8 bits    ; 48 LEs        ; 16 LEs               ; 32 LEs                 ; Yes        ; |cpu_top|data_memory:data_mem|mem[10][0]         ;
; 10:1               ; 8 bits    ; 48 LEs        ; 16 LEs               ; 32 LEs                 ; Yes        ; |cpu_top|data_memory:data_mem|mem[9][0]          ;
; 10:1               ; 8 bits    ; 48 LEs        ; 16 LEs               ; 32 LEs                 ; Yes        ; |cpu_top|data_memory:data_mem|mem[8][0]          ;
; 10:1               ; 8 bits    ; 48 LEs        ; 16 LEs               ; 32 LEs                 ; Yes        ; |cpu_top|data_memory:data_mem|mem[7][0]          ;
; 10:1               ; 8 bits    ; 48 LEs        ; 16 LEs               ; 32 LEs                 ; Yes        ; |cpu_top|data_memory:data_mem|mem[6][0]          ;
; 10:1               ; 8 bits    ; 48 LEs        ; 16 LEs               ; 32 LEs                 ; Yes        ; |cpu_top|data_memory:data_mem|mem[5][0]          ;
; 10:1               ; 8 bits    ; 48 LEs        ; 16 LEs               ; 32 LEs                 ; Yes        ; |cpu_top|data_memory:data_mem|mem[4][0]          ;
; 10:1               ; 8 bits    ; 48 LEs        ; 16 LEs               ; 32 LEs                 ; Yes        ; |cpu_top|data_memory:data_mem|mem[3][0]          ;
; 10:1               ; 8 bits    ; 48 LEs        ; 16 LEs               ; 32 LEs                 ; Yes        ; |cpu_top|data_memory:data_mem|mem[2][0]          ;
; 10:1               ; 8 bits    ; 48 LEs        ; 16 LEs               ; 32 LEs                 ; Yes        ; |cpu_top|data_memory:data_mem|mem[1][0]          ;
; 10:1               ; 8 bits    ; 48 LEs        ; 16 LEs               ; 32 LEs                 ; Yes        ; |cpu_top|data_memory:data_mem|mem[0][0]          ;
; 4:1                ; 5 bits    ; 10 LEs        ; 10 LEs               ; 0 LEs                  ; No         ; |cpu_top|vga_monitor:vga_monitor|char_col_idx[0] ;
; 4:1                ; 5 bits    ; 10 LEs        ; 10 LEs               ; 0 LEs                  ; No         ; |cpu_top|vga_monitor:vga_monitor|Mux127          ;
; 8:1                ; 16 bits   ; 80 LEs        ; 64 LEs               ; 16 LEs                 ; No         ; |cpu_top|Mux8                                    ;
; 68:1               ; 7 bits    ; 315 LEs       ; 308 LEs              ; 7 LEs                  ; No         ; |cpu_top|data_memory:data_mem|read_data[2]       ;
; 69:1               ; 8 bits    ; 368 LEs       ; 368 LEs              ; 0 LEs                  ; No         ; |cpu_top|data_memory:data_mem|read_data[20]      ;
; 133:1              ; 8 bits    ; 704 LEs       ; 704 LEs              ; 0 LEs                  ; No         ; |cpu_top|data_memory:data_mem|read_data[28]      ;
; 132:1              ; 7 bits    ; 616 LEs       ; 616 LEs              ; 0 LEs                  ; No         ; |cpu_top|data_memory:data_mem|read_data[12]      ;
; 3:1                ; 8 bits    ; 16 LEs        ; 16 LEs               ; 0 LEs                  ; No         ; |cpu_top|immediate_generator:imm_gen|Mux14       ;
; 3:1                ; 5 bits    ; 10 LEs        ; 10 LEs               ; 0 LEs                  ; No         ; |cpu_top|immediate_generator:imm_gen|Mux10       ;
; 4:1                ; 4 bits    ; 8 LEs         ; 8 LEs                ; 0 LEs                  ; No         ; |cpu_top|immediate_generator:imm_gen|Mux23       ;
; 5:1                ; 6 bits    ; 18 LEs        ; 12 LEs               ; 6 LEs                  ; No         ; |cpu_top|immediate_generator:imm_gen|Mux5        ;
; 33:1               ; 32 bits   ; 704 LEs       ; 704 LEs              ; 0 LEs                  ; No         ; |cpu_top|register_unit:reg_file|read_data2[6]    ;
; 34:1               ; 32 bits   ; 704 LEs       ; 704 LEs              ; 0 LEs                  ; No         ; |cpu_top|mux2_1:A_Mux|r[0]                       ;
; 4:1                ; 2 bits    ; 4 LEs         ; 4 LEs                ; 0 LEs                  ; No         ; |cpu_top|alu:alu_unit|ShiftLeft0                 ;
; 4:1                ; 49 bits   ; 98 LEs        ; 98 LEs               ; 0 LEs                  ; No         ; |cpu_top|alu:alu_unit|ShiftRight1                ;
; 4:1                ; 4 bits    ; 8 LEs         ; 8 LEs                ; 0 LEs                  ; No         ; |cpu_top|alu:alu_unit|ShiftRight0                ;
; 4:1                ; 4 bits    ; 8 LEs         ; 8 LEs                ; 0 LEs                  ; No         ; |cpu_top|alu:alu_unit|ShiftRight1                ;
; 4:1                ; 4 bits    ; 8 LEs         ; 8 LEs                ; 0 LEs                  ; No         ; |cpu_top|alu:alu_unit|ShiftLeft0                 ;
; 4:1                ; 4 bits    ; 8 LEs         ; 8 LEs                ; 0 LEs                  ; No         ; |cpu_top|alu:alu_unit|ShiftLeft0                 ;
; 4:1                ; 4 bits    ; 8 LEs         ; 8 LEs                ; 0 LEs                  ; No         ; |cpu_top|alu:alu_unit|ShiftLeft0                 ;
; 15:1               ; 8 bits    ; 80 LEs        ; 80 LEs               ; 0 LEs                  ; No         ; |cpu_top|alu:alu_unit|Mux21                      ;
; 14:1               ; 5 bits    ; 45 LEs        ; 45 LEs               ; 0 LEs                  ; No         ; |cpu_top|alu:alu_unit|Mux4                       ;
; 14:1               ; 3 bits    ; 27 LEs        ; 27 LEs               ; 0 LEs                  ; No         ; |cpu_top|alu:alu_unit|Mux14                      ;
; 16:1               ; 2 bits    ; 20 LEs        ; 20 LEs               ; 0 LEs                  ; No         ; |cpu_top|alu:alu_unit|Mux9                       ;
; 18:1               ; 3 bits    ; 36 LEs        ; 36 LEs               ; 0 LEs                  ; No         ; |cpu_top|alu:alu_unit|Mux28                      ;
; 17:1               ; 2 bits    ; 22 LEs        ; 20 LEs               ; 2 LEs                  ; No         ; |cpu_top|alu:alu_unit|Mux26                      ;
; 17:1               ; 3 bits    ; 33 LEs        ; 33 LEs               ; 0 LEs                  ; No         ; |cpu_top|alu:alu_unit|Mux1                       ;
+--------------------+-----------+---------------+----------------------+------------------------+------------+--------------------------------------------------+


+----------------------------------------------------------------------------------------------------------------------------------------------+
; Source assignments for vga_monitor:vga_monitor|font_renderer:font_inst|font_rom:rom_inst|altsyncram:mem_rtl_0|altsyncram_4ad1:auto_generated ;
+---------------------------------+--------------------+------+--------------------------------------------------------------------------------+
; Assignment                      ; Value              ; From ; To                                                                             ;
+---------------------------------+--------------------+------+--------------------------------------------------------------------------------+
; OPTIMIZE_POWER_DURING_SYNTHESIS ; NORMAL_COMPILATION ; -    ; -                                                                              ;
+---------------------------------+--------------------+------+--------------------------------------------------------------------------------+


+------------------------------------------------------------------------------------------------------------------------------------------------------------------------------------------------------------+
; Parameter Settings for User Entity Instance: vga_monitor:vga_monitor|clock1280x800:vgaclock|vgaClock:clk|vgaClock_video_pll_0:video_pll_0|vgaClock_video_pll_0_video_pll:video_pll|altera_pll:altera_pll_i ;
+--------------------------------------+------------------------+--------------------------------------------------------------------------------------------------------------------------------------------+
; Parameter Name                       ; Value                  ; Type                                                                                                                                       ;
+--------------------------------------+------------------------+--------------------------------------------------------------------------------------------------------------------------------------------+
; reference_clock_frequency            ; 50.0 MHz               ; String                                                                                                                                     ;
; fractional_vco_multiplier            ; false                  ; String                                                                                                                                     ;
; pll_type                             ; General                ; String                                                                                                                                     ;
; pll_subtype                          ; General                ; String                                                                                                                                     ;
; number_of_clocks                     ; 3                      ; Signed Integer                                                                                                                             ;
; operation_mode                       ; direct                 ; String                                                                                                                                     ;
; deserialization_factor               ; 4                      ; Signed Integer                                                                                                                             ;
; data_rate                            ; 0                      ; Signed Integer                                                                                                                             ;
; sim_additional_refclk_cycles_to_lock ; 0                      ; Signed Integer                                                                                                                             ;
; output_clock_frequency0              ; 25.000000 MHz          ; String                                                                                                                                     ;
; phase_shift0                         ; 0 ps                   ; String                                                                                                                                     ;
; duty_cycle0                          ; 50                     ; Signed Integer                                                                                                                             ;
; output_clock_frequency1              ; 83.333333 MHz          ; String                                                                                                                                     ;
; phase_shift1                         ; 0 ps                   ; String                                                                                                                                     ;
; duty_cycle1                          ; 50                     ; Signed Integer                                                                                                                             ;
; output_clock_frequency2              ; 32.894736 MHz          ; String                                                                                                                                     ;
; phase_shift2                         ; 0 ps                   ; String                                                                                                                                     ;
; duty_cycle2                          ; 50                     ; Signed Integer                                                                                                                             ;
; output_clock_frequency3              ; 0 MHz                  ; String                                                                                                                                     ;
; phase_shift3                         ; 0 ps                   ; String                                                                                                                                     ;
; duty_cycle3                          ; 50                     ; Signed Integer                                                                                                                             ;
; output_clock_frequency4              ; 0 MHz                  ; String                                                                                                                                     ;
; phase_shift4                         ; 0 ps                   ; String                                                                                                                                     ;
; duty_cycle4                          ; 50                     ; Signed Integer                                                                                                                             ;
; output_clock_frequency5              ; 0 MHz                  ; String                                                                                                                                     ;
; phase_shift5                         ; 0 ps                   ; String                                                                                                                                     ;
; duty_cycle5                          ; 50                     ; Signed Integer                                                                                                                             ;
; output_clock_frequency6              ; 0 MHz                  ; String                                                                                                                                     ;
; phase_shift6                         ; 0 ps                   ; String                                                                                                                                     ;
; duty_cycle6                          ; 50                     ; Signed Integer                                                                                                                             ;
; output_clock_frequency7              ; 0 MHz                  ; String                                                                                                                                     ;
; phase_shift7                         ; 0 ps                   ; String                                                                                                                                     ;
; duty_cycle7                          ; 50                     ; Signed Integer                                                                                                                             ;
; output_clock_frequency8              ; 0 MHz                  ; String                                                                                                                                     ;
; phase_shift8                         ; 0 ps                   ; String                                                                                                                                     ;
; duty_cycle8                          ; 50                     ; Signed Integer                                                                                                                             ;
; output_clock_frequency9              ; 0 MHz                  ; String                                                                                                                                     ;
; phase_shift9                         ; 0 ps                   ; String                                                                                                                                     ;
; duty_cycle9                          ; 50                     ; Signed Integer                                                                                                                             ;
; output_clock_frequency10             ; 0 MHz                  ; String                                                                                                                                     ;
; phase_shift10                        ; 0 ps                   ; String                                                                                                                                     ;
; duty_cycle10                         ; 50                     ; Signed Integer                                                                                                                             ;
; output_clock_frequency11             ; 0 MHz                  ; String                                                                                                                                     ;
; phase_shift11                        ; 0 ps                   ; String                                                                                                                                     ;
; duty_cycle11                         ; 50                     ; Signed Integer                                                                                                                             ;
; output_clock_frequency12             ; 0 MHz                  ; String                                                                                                                                     ;
; phase_shift12                        ; 0 ps                   ; String                                                                                                                                     ;
; duty_cycle12                         ; 50                     ; Signed Integer                                                                                                                             ;
; output_clock_frequency13             ; 0 MHz                  ; String                                                                                                                                     ;
; phase_shift13                        ; 0 ps                   ; String                                                                                                                                     ;
; duty_cycle13                         ; 50                     ; Signed Integer                                                                                                                             ;
; output_clock_frequency14             ; 0 MHz                  ; String                                                                                                                                     ;
; phase_shift14                        ; 0 ps                   ; String                                                                                                                                     ;
; duty_cycle14                         ; 50                     ; Signed Integer                                                                                                                             ;
; output_clock_frequency15             ; 0 MHz                  ; String                                                                                                                                     ;
; phase_shift15                        ; 0 ps                   ; String                                                                                                                                     ;
; duty_cycle15                         ; 50                     ; Signed Integer                                                                                                                             ;
; output_clock_frequency16             ; 0 MHz                  ; String                                                                                                                                     ;
; phase_shift16                        ; 0 ps                   ; String                                                                                                                                     ;
; duty_cycle16                         ; 50                     ; Signed Integer                                                                                                                             ;
; output_clock_frequency17             ; 0 MHz                  ; String                                                                                                                                     ;
; phase_shift17                        ; 0 ps                   ; String                                                                                                                                     ;
; duty_cycle17                         ; 50                     ; Signed Integer                                                                                                                             ;
; clock_name_0                         ;                        ; String                                                                                                                                     ;
; clock_name_1                         ;                        ; String                                                                                                                                     ;
; clock_name_2                         ;                        ; String                                                                                                                                     ;
; clock_name_3                         ;                        ; String                                                                                                                                     ;
; clock_name_4                         ;                        ; String                                                                                                                                     ;
; clock_name_5                         ;                        ; String                                                                                                                                     ;
; clock_name_6                         ;                        ; String                                                                                                                                     ;
; clock_name_7                         ;                        ; String                                                                                                                                     ;
; clock_name_8                         ;                        ; String                                                                                                                                     ;
; clock_name_global_0                  ; false                  ; String                                                                                                                                     ;
; clock_name_global_1                  ; false                  ; String                                                                                                                                     ;
; clock_name_global_2                  ; false                  ; String                                                                                                                                     ;
; clock_name_global_3                  ; false                  ; String                                                                                                                                     ;
; clock_name_global_4                  ; false                  ; String                                                                                                                                     ;
; clock_name_global_5                  ; false                  ; String                                                                                                                                     ;
; clock_name_global_6                  ; false                  ; String                                                                                                                                     ;
; clock_name_global_7                  ; false                  ; String                                                                                                                                     ;
; clock_name_global_8                  ; false                  ; String                                                                                                                                     ;
; m_cnt_hi_div                         ; 1                      ; Signed Integer                                                                                                                             ;
; m_cnt_lo_div                         ; 1                      ; Signed Integer                                                                                                                             ;
; m_cnt_bypass_en                      ; false                  ; String                                                                                                                                     ;
; m_cnt_odd_div_duty_en                ; false                  ; String                                                                                                                                     ;
; n_cnt_hi_div                         ; 1                      ; Signed Integer                                                                                                                             ;
; n_cnt_lo_div                         ; 1                      ; Signed Integer                                                                                                                             ;
; n_cnt_bypass_en                      ; false                  ; String                                                                                                                                     ;
; n_cnt_odd_div_duty_en                ; false                  ; String                                                                                                                                     ;
; c_cnt_hi_div0                        ; 1                      ; Signed Integer                                                                                                                             ;
; c_cnt_lo_div0                        ; 1                      ; Signed Integer                                                                                                                             ;
; c_cnt_bypass_en0                     ; false                  ; String                                                                                                                                     ;
; c_cnt_in_src0                        ; ph_mux_clk             ; String                                                                                                                                     ;
; c_cnt_odd_div_duty_en0               ; false                  ; String                                                                                                                                     ;
; c_cnt_prst0                          ; 1                      ; Signed Integer                                                                                                                             ;
; c_cnt_ph_mux_prst0                   ; 0                      ; Signed Integer                                                                                                                             ;
; c_cnt_hi_div1                        ; 1                      ; Signed Integer                                                                                                                             ;
; c_cnt_lo_div1                        ; 1                      ; Signed Integer                                                                                                                             ;
; c_cnt_bypass_en1                     ; false                  ; String                                                                                                                                     ;
; c_cnt_in_src1                        ; ph_mux_clk             ; String                                                                                                                                     ;
; c_cnt_odd_div_duty_en1               ; false                  ; String                                                                                                                                     ;
; c_cnt_prst1                          ; 1                      ; Signed Integer                                                                                                                             ;
; c_cnt_ph_mux_prst1                   ; 0                      ; Signed Integer                                                                                                                             ;
; c_cnt_hi_div2                        ; 1                      ; Signed Integer                                                                                                                             ;
; c_cnt_lo_div2                        ; 1                      ; Signed Integer                                                                                                                             ;
; c_cnt_bypass_en2                     ; false                  ; String                                                                                                                                     ;
; c_cnt_in_src2                        ; ph_mux_clk             ; String                                                                                                                                     ;
; c_cnt_odd_div_duty_en2               ; false                  ; String                                                                                                                                     ;
; c_cnt_prst2                          ; 1                      ; Signed Integer                                                                                                                             ;
; c_cnt_ph_mux_prst2                   ; 0                      ; Signed Integer                                                                                                                             ;
; c_cnt_hi_div3                        ; 1                      ; Signed Integer                                                                                                                             ;
; c_cnt_lo_div3                        ; 1                      ; Signed Integer                                                                                                                             ;
; c_cnt_bypass_en3                     ; false                  ; String                                                                                                                                     ;
; c_cnt_in_src3                        ; ph_mux_clk             ; String                                                                                                                                     ;
; c_cnt_odd_div_duty_en3               ; false                  ; String                                                                                                                                     ;
; c_cnt_prst3                          ; 1                      ; Signed Integer                                                                                                                             ;
; c_cnt_ph_mux_prst3                   ; 0                      ; Signed Integer                                                                                                                             ;
; c_cnt_hi_div4                        ; 1                      ; Signed Integer                                                                                                                             ;
; c_cnt_lo_div4                        ; 1                      ; Signed Integer                                                                                                                             ;
; c_cnt_bypass_en4                     ; false                  ; String                                                                                                                                     ;
; c_cnt_in_src4                        ; ph_mux_clk             ; String                                                                                                                                     ;
; c_cnt_odd_div_duty_en4               ; false                  ; String                                                                                                                                     ;
; c_cnt_prst4                          ; 1                      ; Signed Integer                                                                                                                             ;
; c_cnt_ph_mux_prst4                   ; 0                      ; Signed Integer                                                                                                                             ;
; c_cnt_hi_div5                        ; 1                      ; Signed Integer                                                                                                                             ;
; c_cnt_lo_div5                        ; 1                      ; Signed Integer                                                                                                                             ;
; c_cnt_bypass_en5                     ; false                  ; String                                                                                                                                     ;
; c_cnt_in_src5                        ; ph_mux_clk             ; String                                                                                                                                     ;
; c_cnt_odd_div_duty_en5               ; false                  ; String                                                                                                                                     ;
; c_cnt_prst5                          ; 1                      ; Signed Integer                                                                                                                             ;
; c_cnt_ph_mux_prst5                   ; 0                      ; Signed Integer                                                                                                                             ;
; c_cnt_hi_div6                        ; 1                      ; Signed Integer                                                                                                                             ;
; c_cnt_lo_div6                        ; 1                      ; Signed Integer                                                                                                                             ;
; c_cnt_bypass_en6                     ; false                  ; String                                                                                                                                     ;
; c_cnt_in_src6                        ; ph_mux_clk             ; String                                                                                                                                     ;
; c_cnt_odd_div_duty_en6               ; false                  ; String                                                                                                                                     ;
; c_cnt_prst6                          ; 1                      ; Signed Integer                                                                                                                             ;
; c_cnt_ph_mux_prst6                   ; 0                      ; Signed Integer                                                                                                                             ;
; c_cnt_hi_div7                        ; 1                      ; Signed Integer                                                                                                                             ;
; c_cnt_lo_div7                        ; 1                      ; Signed Integer                                                                                                                             ;
; c_cnt_bypass_en7                     ; false                  ; String                                                                                                                                     ;
; c_cnt_in_src7                        ; ph_mux_clk             ; String                                                                                                                                     ;
; c_cnt_odd_div_duty_en7               ; false                  ; String                                                                                                                                     ;
; c_cnt_prst7                          ; 1                      ; Signed Integer                                                                                                                             ;
; c_cnt_ph_mux_prst7                   ; 0                      ; Signed Integer                                                                                                                             ;
; c_cnt_hi_div8                        ; 1                      ; Signed Integer                                                                                                                             ;
; c_cnt_lo_div8                        ; 1                      ; Signed Integer                                                                                                                             ;
; c_cnt_bypass_en8                     ; false                  ; String                                                                                                                                     ;
; c_cnt_in_src8                        ; ph_mux_clk             ; String                                                                                                                                     ;
; c_cnt_odd_div_duty_en8               ; false                  ; String                                                                                                                                     ;
; c_cnt_prst8                          ; 1                      ; Signed Integer                                                                                                                             ;
; c_cnt_ph_mux_prst8                   ; 0                      ; Signed Integer                                                                                                                             ;
; c_cnt_hi_div9                        ; 1                      ; Signed Integer                                                                                                                             ;
; c_cnt_lo_div9                        ; 1                      ; Signed Integer                                                                                                                             ;
; c_cnt_bypass_en9                     ; false                  ; String                                                                                                                                     ;
; c_cnt_in_src9                        ; ph_mux_clk             ; String                                                                                                                                     ;
; c_cnt_odd_div_duty_en9               ; false                  ; String                                                                                                                                     ;
; c_cnt_prst9                          ; 1                      ; Signed Integer                                                                                                                             ;
; c_cnt_ph_mux_prst9                   ; 0                      ; Signed Integer                                                                                                                             ;
; c_cnt_hi_div10                       ; 1                      ; Signed Integer                                                                                                                             ;
; c_cnt_lo_div10                       ; 1                      ; Signed Integer                                                                                                                             ;
; c_cnt_bypass_en10                    ; false                  ; String                                                                                                                                     ;
; c_cnt_in_src10                       ; ph_mux_clk             ; String                                                                                                                                     ;
; c_cnt_odd_div_duty_en10              ; false                  ; String                                                                                                                                     ;
; c_cnt_prst10                         ; 1                      ; Signed Integer                                                                                                                             ;
; c_cnt_ph_mux_prst10                  ; 0                      ; Signed Integer                                                                                                                             ;
; c_cnt_hi_div11                       ; 1                      ; Signed Integer                                                                                                                             ;
; c_cnt_lo_div11                       ; 1                      ; Signed Integer                                                                                                                             ;
; c_cnt_bypass_en11                    ; false                  ; String                                                                                                                                     ;
; c_cnt_in_src11                       ; ph_mux_clk             ; String                                                                                                                                     ;
; c_cnt_odd_div_duty_en11              ; false                  ; String                                                                                                                                     ;
; c_cnt_prst11                         ; 1                      ; Signed Integer                                                                                                                             ;
; c_cnt_ph_mux_prst11                  ; 0                      ; Signed Integer                                                                                                                             ;
; c_cnt_hi_div12                       ; 1                      ; Signed Integer                                                                                                                             ;
; c_cnt_lo_div12                       ; 1                      ; Signed Integer                                                                                                                             ;
; c_cnt_bypass_en12                    ; false                  ; String                                                                                                                                     ;
; c_cnt_in_src12                       ; ph_mux_clk             ; String                                                                                                                                     ;
; c_cnt_odd_div_duty_en12              ; false                  ; String                                                                                                                                     ;
; c_cnt_prst12                         ; 1                      ; Signed Integer                                                                                                                             ;
; c_cnt_ph_mux_prst12                  ; 0                      ; Signed Integer                                                                                                                             ;
; c_cnt_hi_div13                       ; 1                      ; Signed Integer                                                                                                                             ;
; c_cnt_lo_div13                       ; 1                      ; Signed Integer                                                                                                                             ;
; c_cnt_bypass_en13                    ; false                  ; String                                                                                                                                     ;
; c_cnt_in_src13                       ; ph_mux_clk             ; String                                                                                                                                     ;
; c_cnt_odd_div_duty_en13              ; false                  ; String                                                                                                                                     ;
; c_cnt_prst13                         ; 1                      ; Signed Integer                                                                                                                             ;
; c_cnt_ph_mux_prst13                  ; 0                      ; Signed Integer                                                                                                                             ;
; c_cnt_hi_div14                       ; 1                      ; Signed Integer                                                                                                                             ;
; c_cnt_lo_div14                       ; 1                      ; Signed Integer                                                                                                                             ;
; c_cnt_bypass_en14                    ; false                  ; String                                                                                                                                     ;
; c_cnt_in_src14                       ; ph_mux_clk             ; String                                                                                                                                     ;
; c_cnt_odd_div_duty_en14              ; false                  ; String                                                                                                                                     ;
; c_cnt_prst14                         ; 1                      ; Signed Integer                                                                                                                             ;
; c_cnt_ph_mux_prst14                  ; 0                      ; Signed Integer                                                                                                                             ;
; c_cnt_hi_div15                       ; 1                      ; Signed Integer                                                                                                                             ;
; c_cnt_lo_div15                       ; 1                      ; Signed Integer                                                                                                                             ;
; c_cnt_bypass_en15                    ; false                  ; String                                                                                                                                     ;
; c_cnt_in_src15                       ; ph_mux_clk             ; String                                                                                                                                     ;
; c_cnt_odd_div_duty_en15              ; false                  ; String                                                                                                                                     ;
; c_cnt_prst15                         ; 1                      ; Signed Integer                                                                                                                             ;
; c_cnt_ph_mux_prst15                  ; 0                      ; Signed Integer                                                                                                                             ;
; c_cnt_hi_div16                       ; 1                      ; Signed Integer                                                                                                                             ;
; c_cnt_lo_div16                       ; 1                      ; Signed Integer                                                                                                                             ;
; c_cnt_bypass_en16                    ; false                  ; String                                                                                                                                     ;
; c_cnt_in_src16                       ; ph_mux_clk             ; String                                                                                                                                     ;
; c_cnt_odd_div_duty_en16              ; false                  ; String                                                                                                                                     ;
; c_cnt_prst16                         ; 1                      ; Signed Integer                                                                                                                             ;
; c_cnt_ph_mux_prst16                  ; 0                      ; Signed Integer                                                                                                                             ;
; c_cnt_hi_div17                       ; 1                      ; Signed Integer                                                                                                                             ;
; c_cnt_lo_div17                       ; 1                      ; Signed Integer                                                                                                                             ;
; c_cnt_bypass_en17                    ; false                  ; String                                                                                                                                     ;
; c_cnt_in_src17                       ; ph_mux_clk             ; String                                                                                                                                     ;
; c_cnt_odd_div_duty_en17              ; false                  ; String                                                                                                                                     ;
; c_cnt_prst17                         ; 1                      ; Signed Integer                                                                                                                             ;
; c_cnt_ph_mux_prst17                  ; 0                      ; Signed Integer                                                                                                                             ;
; pll_vco_div                          ; 1                      ; Signed Integer                                                                                                                             ;
; pll_slf_rst                          ; false                  ; String                                                                                                                                     ;
; pll_bw_sel                           ; low                    ; String                                                                                                                                     ;
; pll_output_clk_frequency             ; 0 MHz                  ; String                                                                                                                                     ;
; pll_cp_current                       ; 0                      ; Signed Integer                                                                                                                             ;
; pll_bwctrl                           ; 0                      ; Signed Integer                                                                                                                             ;
; pll_fractional_division              ; 1                      ; Signed Integer                                                                                                                             ;
; pll_fractional_cout                  ; 24                     ; Signed Integer                                                                                                                             ;
; pll_dsm_out_sel                      ; 1st_order              ; String                                                                                                                                     ;
; mimic_fbclk_type                     ; gclk                   ; String                                                                                                                                     ;
; pll_fbclk_mux_1                      ; glb                    ; String                                                                                                                                     ;
; pll_fbclk_mux_2                      ; fb_1                   ; String                                                                                                                                     ;
; pll_m_cnt_in_src                     ; ph_mux_clk             ; String                                                                                                                                     ;
; pll_vcoph_div                        ; 1                      ; Signed Integer                                                                                                                             ;
; refclk1_frequency                    ; 0 MHz                  ; String                                                                                                                                     ;
; pll_clkin_0_src                      ; clk_0                  ; String                                                                                                                                     ;
; pll_clkin_1_src                      ; clk_0                  ; String                                                                                                                                     ;
; pll_clk_loss_sw_en                   ; false                  ; String                                                                                                                                     ;
; pll_auto_clk_sw_en                   ; false                  ; String                                                                                                                                     ;
; pll_manu_clk_sw_en                   ; false                  ; String                                                                                                                                     ;
; pll_clk_sw_dly                       ; 0                      ; Signed Integer                                                                                                                             ;
; pll_extclk_0_cnt_src                 ; pll_extclk_cnt_src_vss ; String                                                                                                                                     ;
; pll_extclk_1_cnt_src                 ; pll_extclk_cnt_src_vss ; String                                                                                                                                     ;
+--------------------------------------+------------------------+--------------------------------------------------------------------------------------------------------------------------------------------+
Note: In order to hide this table in the UI and the text report file, please set the "Show Parameter Settings in Synthesis Report" option in "Analysis and Synthesis Settings -> More Settings" to "Off".


+---------------------------------------------------------------------------------------------------+
; Parameter Settings for User Entity Instance: vga_monitor:vga_monitor|vga_controller_1280x800:ctrl ;
+----------------+-------+--------------------------------------------------------------------------+
; Parameter Name ; Value ; Type                                                                     ;
+----------------+-------+--------------------------------------------------------------------------+
; H_VISIBLE      ; 1280  ; Signed Integer                                                           ;
; H_FP           ; 48    ; Signed Integer                                                           ;
; H_SYNC         ; 32    ; Signed Integer                                                           ;
; H_BP           ; 80    ; Signed Integer                                                           ;
; H_TOTAL        ; 1440  ; Signed Integer                                                           ;
; V_VISIBLE      ; 800   ; Signed Integer                                                           ;
; V_FP           ; 3     ; Signed Integer                                                           ;
; V_SYNC         ; 6     ; Signed Integer                                                           ;
; V_BP           ; 22    ; Signed Integer                                                           ;
; V_TOTAL        ; 831   ; Signed Integer                                                           ;
+----------------+-------+--------------------------------------------------------------------------+
Note: In order to hide this table in the UI and the text report file, please set the "Show Parameter Settings in Synthesis Report" option in "Analysis and Synthesis Settings -> More Settings" to "Off".


+-----------------------------------------------------------------------------------------------------------------------------------------+
; Parameter Settings for Inferred Entity Instance: vga_monitor:vga_monitor|font_renderer:font_inst|font_rom:rom_inst|altsyncram:mem_rtl_0 ;
+------------------------------------+-------------------------------------------+--------------------------------------------------------+
; Parameter Name                     ; Value                                     ; Type                                                   ;
+------------------------------------+-------------------------------------------+--------------------------------------------------------+
; BYTE_SIZE_BLOCK                    ; 8                                         ; Untyped                                                ;
; AUTO_CARRY_CHAINS                  ; ON                                        ; AUTO_CARRY                                             ;
; IGNORE_CARRY_BUFFERS               ; OFF                                       ; IGNORE_CARRY                                           ;
; AUTO_CASCADE_CHAINS                ; ON                                        ; AUTO_CASCADE                                           ;
; IGNORE_CASCADE_BUFFERS             ; OFF                                       ; IGNORE_CASCADE                                         ;
; WIDTH_BYTEENA                      ; 1                                         ; Untyped                                                ;
; OPERATION_MODE                     ; ROM                                       ; Untyped                                                ;
; WIDTH_A                            ; 8                                         ; Untyped                                                ;
; WIDTHAD_A                          ; 11                                        ; Untyped                                                ;
; NUMWORDS_A                         ; 2048                                      ; Untyped                                                ;
; OUTDATA_REG_A                      ; UNREGISTERED                              ; Untyped                                                ;
; ADDRESS_ACLR_A                     ; NONE                                      ; Untyped                                                ;
; OUTDATA_ACLR_A                     ; NONE                                      ; Untyped                                                ;
; WRCONTROL_ACLR_A                   ; NONE                                      ; Untyped                                                ;
; INDATA_ACLR_A                      ; NONE                                      ; Untyped                                                ;
; BYTEENA_ACLR_A                     ; NONE                                      ; Untyped                                                ;
; WIDTH_B                            ; 1                                         ; Untyped                                                ;
; WIDTHAD_B                          ; 1                                         ; Untyped                                                ;
; NUMWORDS_B                         ; 1                                         ; Untyped                                                ;
; INDATA_REG_B                       ; CLOCK1                                    ; Untyped                                                ;
; WRCONTROL_WRADDRESS_REG_B          ; CLOCK1                                    ; Untyped                                                ;
; RDCONTROL_REG_B                    ; CLOCK1                                    ; Untyped                                                ;
; ADDRESS_REG_B                      ; CLOCK1                                    ; Untyped                                                ;
; OUTDATA_REG_B                      ; UNREGISTERED                              ; Untyped                                                ;
; BYTEENA_REG_B                      ; CLOCK1                                    ; Untyped                                                ;
; INDATA_ACLR_B                      ; NONE                                      ; Untyped                                                ;
; WRCONTROL_ACLR_B                   ; NONE                                      ; Untyped                                                ;
; ADDRESS_ACLR_B                     ; NONE                                      ; Untyped                                                ;
; OUTDATA_ACLR_B                     ; NONE                                      ; Untyped                                                ;
; RDCONTROL_ACLR_B                   ; NONE                                      ; Untyped                                                ;
; BYTEENA_ACLR_B                     ; NONE                                      ; Untyped                                                ;
; WIDTH_BYTEENA_A                    ; 1                                         ; Untyped                                                ;
; WIDTH_BYTEENA_B                    ; 1                                         ; Untyped                                                ;
; RAM_BLOCK_TYPE                     ; AUTO                                      ; Untyped                                                ;
; BYTE_SIZE                          ; 8                                         ; Untyped                                                ;
; READ_DURING_WRITE_MODE_MIXED_PORTS ; DONT_CARE                                 ; Untyped                                                ;
; READ_DURING_WRITE_MODE_PORT_A      ; NEW_DATA_NO_NBE_READ                      ; Untyped                                                ;
; READ_DURING_WRITE_MODE_PORT_B      ; NEW_DATA_NO_NBE_READ                      ; Untyped                                                ;
; INIT_FILE                          ; db/riscvpc.ram0_font_rom_e26a0106.hdl.mif ; Untyped                                                ;
; INIT_FILE_LAYOUT                   ; PORT_A                                    ; Untyped                                                ;
; MAXIMUM_DEPTH                      ; 0                                         ; Untyped                                                ;
; CLOCK_ENABLE_INPUT_A               ; NORMAL                                    ; Untyped                                                ;
; CLOCK_ENABLE_INPUT_B               ; NORMAL                                    ; Untyped                                                ;
; CLOCK_ENABLE_OUTPUT_A              ; NORMAL                                    ; Untyped                                                ;
; CLOCK_ENABLE_OUTPUT_B              ; NORMAL                                    ; Untyped                                                ;
; CLOCK_ENABLE_CORE_A                ; USE_INPUT_CLKEN                           ; Untyped                                                ;
; CLOCK_ENABLE_CORE_B                ; USE_INPUT_CLKEN                           ; Untyped                                                ;
; ENABLE_ECC                         ; FALSE                                     ; Untyped                                                ;
; ECC_PIPELINE_STAGE_ENABLED         ; FALSE                                     ; Untyped                                                ;
; WIDTH_ECCSTATUS                    ; 3                                         ; Untyped                                                ;
; DEVICE_FAMILY                      ; Cyclone V                                 ; Untyped                                                ;
; CBXI_PARAMETER                     ; altsyncram_4ad1                           ; Untyped                                                ;
+------------------------------------+-------------------------------------------+--------------------------------------------------------+
Note: In order to hide this table in the UI and the text report file, please set the "Show Parameter Settings in Synthesis Report" option in "Analysis and Synthesis Settings -> More Settings" to "Off".


+------------------------------------------------------------------------------------------+
; Parameter Settings for Inferred Entity Instance: vga_monitor:vga_monitor|lpm_divide:Mod0 ;
+------------------------+----------------+------------------------------------------------+
; Parameter Name         ; Value          ; Type                                           ;
+------------------------+----------------+------------------------------------------------+
; LPM_WIDTHN             ; 32             ; Untyped                                        ;
; LPM_WIDTHD             ; 5              ; Untyped                                        ;
; LPM_NREPRESENTATION    ; UNSIGNED       ; Untyped                                        ;
; LPM_DREPRESENTATION    ; UNSIGNED       ; Untyped                                        ;
; LPM_PIPELINE           ; 0              ; Untyped                                        ;
; LPM_REMAINDERPOSITIVE  ; TRUE           ; Untyped                                        ;
; MAXIMIZE_SPEED         ; 5              ; Untyped                                        ;
; CBXI_PARAMETER         ; lpm_divide_m3m ; Untyped                                        ;
; CARRY_CHAIN            ; MANUAL         ; Untyped                                        ;
; OPTIMIZE_FOR_SPEED     ; 5              ; Untyped                                        ;
; AUTO_CARRY_CHAINS      ; ON             ; AUTO_CARRY                                     ;
; IGNORE_CARRY_BUFFERS   ; OFF            ; IGNORE_CARRY                                   ;
; AUTO_CASCADE_CHAINS    ; ON             ; AUTO_CASCADE                                   ;
; IGNORE_CASCADE_BUFFERS ; OFF            ; IGNORE_CASCADE                                 ;
+------------------------+----------------+------------------------------------------------+
Note: In order to hide this table in the UI and the text report file, please set the "Show Parameter Settings in Synthesis Report" option in "Analysis and Synthesis Settings -> More Settings" to "Off".


+------------------------------------------------------------------------------------------+
; Parameter Settings for Inferred Entity Instance: vga_monitor:vga_monitor|lpm_divide:Div0 ;
+------------------------+----------------+------------------------------------------------+
; Parameter Name         ; Value          ; Type                                           ;
+------------------------+----------------+------------------------------------------------+
; LPM_WIDTHN             ; 32             ; Untyped                                        ;
; LPM_WIDTHD             ; 5              ; Untyped                                        ;
; LPM_NREPRESENTATION    ; UNSIGNED       ; Untyped                                        ;
; LPM_DREPRESENTATION    ; UNSIGNED       ; Untyped                                        ;
; LPM_PIPELINE           ; 0              ; Untyped                                        ;
; LPM_REMAINDERPOSITIVE  ; TRUE           ; Untyped                                        ;
; MAXIMIZE_SPEED         ; 5              ; Untyped                                        ;
; CBXI_PARAMETER         ; lpm_divide_jbm ; Untyped                                        ;
; CARRY_CHAIN            ; MANUAL         ; Untyped                                        ;
; OPTIMIZE_FOR_SPEED     ; 5              ; Untyped                                        ;
; AUTO_CARRY_CHAINS      ; ON             ; AUTO_CARRY                                     ;
; IGNORE_CARRY_BUFFERS   ; OFF            ; IGNORE_CARRY                                   ;
; AUTO_CASCADE_CHAINS    ; ON             ; AUTO_CASCADE                                   ;
; IGNORE_CASCADE_BUFFERS ; OFF            ; IGNORE_CASCADE                                 ;
+------------------------+----------------+------------------------------------------------+
Note: In order to hide this table in the UI and the text report file, please set the "Show Parameter Settings in Synthesis Report" option in "Analysis and Synthesis Settings -> More Settings" to "Off".


+------------------------------------------------------------------------------------------------------------------------------------+
; altsyncram Parameter Settings by Entity Instance                                                                                   ;
+-------------------------------------------+----------------------------------------------------------------------------------------+
; Name                                      ; Value                                                                                  ;
+-------------------------------------------+----------------------------------------------------------------------------------------+
; Number of entity instances                ; 1                                                                                      ;
; Entity Instance                           ; vga_monitor:vga_monitor|font_renderer:font_inst|font_rom:rom_inst|altsyncram:mem_rtl_0 ;
;     -- OPERATION_MODE                     ; ROM                                                                                    ;
;     -- WIDTH_A                            ; 8                                                                                      ;
;     -- NUMWORDS_A                         ; 2048                                                                                   ;
;     -- OUTDATA_REG_A                      ; UNREGISTERED                                                                           ;
;     -- WIDTH_B                            ; 1                                                                                      ;
;     -- NUMWORDS_B                         ; 1                                                                                      ;
;     -- ADDRESS_REG_B                      ; CLOCK1                                                                                 ;
;     -- OUTDATA_REG_B                      ; UNREGISTERED                                                                           ;
;     -- RAM_BLOCK_TYPE                     ; AUTO                                                                                   ;
;     -- READ_DURING_WRITE_MODE_MIXED_PORTS ; DONT_CARE                                                                              ;
+-------------------------------------------+----------------------------------------------------------------------------------------+


+-------------------------------------------------------------------------------------------------------------------------------------------------------------------------------------------+
; Port Connectivity Checks: "vga_monitor:vga_monitor|clock1280x800:vgaclock|vgaClock:clk|vgaClock_video_pll_0:video_pll_0|vgaClock_video_pll_0_video_pll:video_pll|altera_pll:altera_pll_i" ;
+-------------------+--------+----------+---------------------------------------------------------------------------------------------------------------------------------------------------+
; Port              ; Type   ; Severity ; Details                                                                                                                                           ;
+-------------------+--------+----------+---------------------------------------------------------------------------------------------------------------------------------------------------+
; fboutclk          ; Output ; Info     ; Explicitly unconnected                                                                                                                            ;
; fbclk             ; Input  ; Info     ; Stuck at GND                                                                                                                                      ;
; refclk1           ; Input  ; Warning  ; Declared by entity but not connected by instance. If a default value exists, it will be used.  Otherwise, the port will be connected to GND.      ;
; phase_en          ; Input  ; Warning  ; Declared by entity but not connected by instance. If a default value exists, it will be used.  Otherwise, the port will be connected to GND.      ;
; updn              ; Input  ; Warning  ; Declared by entity but not connected by instance. If a default value exists, it will be used.  Otherwise, the port will be connected to GND.      ;
; num_phase_shifts  ; Input  ; Warning  ; Declared by entity but not connected by instance. If a default value exists, it will be used.  Otherwise, the port will be connected to GND.      ;
; scanclk           ; Input  ; Warning  ; Declared by entity but not connected by instance. If a default value exists, it will be used.  Otherwise, the port will be connected to GND.      ;
; cntsel            ; Input  ; Warning  ; Declared by entity but not connected by instance. If a default value exists, it will be used.  Otherwise, the port will be connected to GND.      ;
; reconfig_to_pll   ; Input  ; Warning  ; Declared by entity but not connected by instance. If a default value exists, it will be used.  Otherwise, the port will be connected to GND.      ;
; extswitch         ; Input  ; Warning  ; Declared by entity but not connected by instance. If a default value exists, it will be used.  Otherwise, the port will be connected to GND.      ;
; adjpllin          ; Input  ; Warning  ; Declared by entity but not connected by instance. If a default value exists, it will be used.  Otherwise, the port will be connected to GND.      ;
; cclk              ; Input  ; Warning  ; Declared by entity but not connected by instance. If a default value exists, it will be used.  Otherwise, the port will be connected to GND.      ;
; phase_done        ; Output ; Warning  ; Declared by entity but not connected by instance. Logic that only feeds a dangling port will be removed.                                          ;
; reconfig_from_pll ; Output ; Warning  ; Declared by entity but not connected by instance. Logic that only feeds a dangling port will be removed.                                          ;
; activeclk         ; Output ; Warning  ; Declared by entity but not connected by instance. Logic that only feeds a dangling port will be removed.                                          ;
; clkbad            ; Output ; Warning  ; Declared by entity but not connected by instance. Logic that only feeds a dangling port will be removed.                                          ;
; phout             ; Output ; Warning  ; Declared by entity but not connected by instance. Logic that only feeds a dangling port will be removed.                                          ;
; lvds_clk          ; Output ; Warning  ; Declared by entity but not connected by instance. Logic that only feeds a dangling port will be removed.                                          ;
; loaden            ; Output ; Warning  ; Declared by entity but not connected by instance. Logic that only feeds a dangling port will be removed.                                          ;
; extclk_out        ; Output ; Warning  ; Declared by entity but not connected by instance. Logic that only feeds a dangling port will be removed.                                          ;
; cascade_out       ; Output ; Warning  ; Declared by entity but not connected by instance. Logic that only feeds a dangling port will be removed.                                          ;
; zdbfbclk          ; Bidir  ; Warning  ; Declared by entity but not connected by instance. Logic that only feeds a dangling port will be removed.                                          ;
+-------------------+--------+----------+---------------------------------------------------------------------------------------------------------------------------------------------------+


+-------------------------------------------------------------------------------------------------------------------------------------------------------------------+
; Port Connectivity Checks: "vga_monitor:vga_monitor|clock1280x800:vgaclock|vgaClock:clk|vgaClock_video_pll_0:video_pll_0|vgaClock_video_pll_0_video_pll:video_pll" ;
+----------+--------+----------+------------------------------------------------------------------------------------------------------------------------------------+
; Port     ; Type   ; Severity ; Details                                                                                                                            ;
+----------+--------+----------+------------------------------------------------------------------------------------------------------------------------------------+
; outclk_0 ; Output ; Info     ; Explicitly unconnected                                                                                                             ;
; outclk_2 ; Output ; Info     ; Explicitly unconnected                                                                                                             ;
+----------+--------+----------+------------------------------------------------------------------------------------------------------------------------------------+


+------------------------------------------------------------------------------------------------------------------------------+
; Port Connectivity Checks: "vga_monitor:vga_monitor|clock1280x800:vgaclock|vgaClock:clk"                                      ;
+--------------------+--------+----------+-------------------------------------------------------------------------------------+
; Port               ; Type   ; Severity ; Details                                                                             ;
+--------------------+--------+----------+-------------------------------------------------------------------------------------+
; reset_source_reset ; Output ; Info     ; Connected to dangling logic. Logic that only feeds a dangling port will be removed. ;
+--------------------+--------+----------+-------------------------------------------------------------------------------------+


+------------------------------------------------------------------------------------------------------------------------------------------------------------------------------------+
; Port Connectivity Checks: "vga_monitor:vga_monitor"                                                                                                                                ;
+------------------+-------+----------+----------------------------------------------------------------------------------------------------------------------------------------------+
; Port             ; Type  ; Severity ; Details                                                                                                                                      ;
+------------------+-------+----------+----------------------------------------------------------------------------------------------------------------------------------------------+
; rs1[31..5]       ; Input ; Info     ; Stuck at GND                                                                                                                                 ;
; rs2[31..5]       ; Input ; Info     ; Stuck at GND                                                                                                                                 ;
; rd[31..5]        ; Input ; Info     ; Stuck at GND                                                                                                                                 ;
; reg_write[31..1] ; Input ; Info     ; Stuck at GND                                                                                                                                 ;
; mem_read[31..1]  ; Input ; Info     ; Stuck at GND                                                                                                                                 ;
; mem_write[31..1] ; Input ; Info     ; Stuck at GND                                                                                                                                 ;
; aluOp[31..4]     ; Input ; Info     ; Stuck at GND                                                                                                                                 ;
; imm_src[31..3]   ; Input ; Info     ; Stuck at GND                                                                                                                                 ;
; brOp             ; Input ; Warning  ; Declared by entity but not connected by instance. If a default value exists, it will be used.  Otherwise, the port will be connected to GND. ;
; branch_taken     ; Input ; Warning  ; Declared by entity but not connected by instance. If a default value exists, it will be used.  Otherwise, the port will be connected to GND. ;
; branch_target    ; Input ; Warning  ; Declared by entity but not connected by instance. If a default value exists, it will be used.  Otherwise, the port will be connected to GND. ;
; is_jalr          ; Input ; Warning  ; Declared by entity but not connected by instance. If a default value exists, it will be used.  Otherwise, the port will be connected to GND. ;
; is_jal           ; Input ; Warning  ; Declared by entity but not connected by instance. If a default value exists, it will be used.  Otherwise, the port will be connected to GND. ;
+------------------+-------+----------+----------------------------------------------------------------------------------------------------------------------------------------------+


+----------------------------------------------------------------------------------------------------------------------------------------------------------------------------------------------------------------+
; Port Connectivity Checks: "mux_mem:wb_mux"                                                                                                                                                                     ;
+----------+-------+----------+----------------------------------------------------------------------------------------------------------------------------------------------------------------------------------+
; Port     ; Type  ; Severity ; Details                                                                                                                                                                          ;
+----------+-------+----------+----------------------------------------------------------------------------------------------------------------------------------------------------------------------------------+
; MemToReg ; Input ; Warning  ; Input port expression (2 bits) is wider than the input port (1 bits) it drives.  The 1 most-significant bit(s) in the expression will be dangling if they have no other fanouts. ;
+----------+-------+----------+----------------------------------------------------------------------------------------------------------------------------------------------------------------------------------+


+-----------------------------------------------------------------------------------------------------------------------+
; Port Connectivity Checks: "control_unit:control_unit"                                                                 ;
+-------------+--------+----------+-------------------------------------------------------------------------------------+
; Port        ; Type   ; Severity ; Details                                                                             ;
+-------------+--------+----------+-------------------------------------------------------------------------------------+
; MemToReg[1] ; Output ; Info     ; Connected to dangling logic. Logic that only feeds a dangling port will be removed. ;
; is_ebreak   ; Output ; Info     ; Connected to dangling logic. Logic that only feeds a dangling port will be removed. ;
+-------------+--------+----------+-------------------------------------------------------------------------------------+


+-----------------------------------------------------+
; Post-Synthesis Netlist Statistics for Top Partition ;
+-----------------------+-----------------------------+
; Type                  ; Count                       ;
+-----------------------+-----------------------------+
; arriav_ff             ; 6752                        ;
;     CLR               ; 30                          ;
;     ENA               ; 2569                        ;
;     ENA CLR           ; 1024                        ;
;     ENA SCLR          ; 10                          ;
;     SCLR              ; 11                          ;
;     plain             ; 3108                        ;
; arriav_lcell_comb     ; 11282                       ;
;     arith             ; 336                         ;
;         0 data inputs ; 38                          ;
;         1 data inputs ; 172                         ;
;         2 data inputs ; 9                           ;
;         3 data inputs ; 53                          ;
;         4 data inputs ; 32                          ;
;         5 data inputs ; 32                          ;
;     extend            ; 345                         ;
;         7 data inputs ; 345                         ;
;     normal            ; 10589                       ;
;         0 data inputs ; 1                           ;
;         1 data inputs ; 724                         ;
;         2 data inputs ; 860                         ;
;         3 data inputs ; 1626                        ;
;         4 data inputs ; 1658                        ;
;         5 data inputs ; 998                         ;
;         6 data inputs ; 4722                        ;
;     shared            ; 12                          ;
;         0 data inputs ; 6                           ;
;         1 data inputs ; 6                           ;
; boundary_port         ; 73                          ;
; generic_pll           ; 2                           ;
; stratixv_ram_block    ; 8                           ;
;                       ;                             ;
; Max LUT depth         ; 24.50                       ;
; Average LUT depth     ; 7.92                        ;
+-----------------------+-----------------------------+


+-------------------------------+
; Elapsed Time Per Partition    ;
+----------------+--------------+
; Partition Name ; Elapsed Time ;
+----------------+--------------+
; Top            ; 00:00:34     ;
+----------------+--------------+


+-------------------------------+
; Analysis & Synthesis Messages ;
+-------------------------------+
Info: *******************************************************************
Info: Running Quartus Prime Analysis & Synthesis
    Info: Version 24.1std.0 Build 1077 03/04/2025 SC Lite Edition
    Info: Processing started: Wed Nov 26 17:49:31 2025
Info: Command: quartus_map --read_settings_files=on --write_settings_files=off riscvpc -c riscvpc
Warning (18236): Number of processors has not been specified which may cause overloading on shared machines.  Set the global assignment NUM_PARALLEL_PROCESSORS in your QSF to an appropriate value for best performance.
Info (20030): Parallel compilation is enabled and will use 16 of the 16 processors detected
Info (12021): Found 1 design units, including 1 entities, in source file control_unit.sv
    Info (12023): Found entity 1: control_unit File: C:/Users/jucac/Desktop/Universidad/Arquitectura/Processor1/Processor/control_unit.sv Line: 1
Info (12021): Found 1 design units, including 1 entities, in source file program_memory.sv
    Info (12023): Found entity 1: data_memory File: C:/Users/jucac/Desktop/Universidad/Arquitectura/Processor1/Processor/program_memory.sv Line: 1
Info (12021): Found 1 design units, including 1 entities, in source file cpu_top.sv
    Info (12023): Found entity 1: cpu_top File: C:/Users/jucac/Desktop/Universidad/Arquitectura/Processor1/Processor/cpu_top.sv Line: 1
Info (12021): Found 1 design units, including 1 entities, in source file vgaclock/synthesis/submodules/vgaclock_video_pll_0_video_pll.v
    Info (12023): Found entity 1: vgaClock_video_pll_0_video_pll File: C:/Users/jucac/Desktop/Universidad/Arquitectura/Processor1/Processor/vgaClock/synthesis/submodules/vgaClock_video_pll_0_video_pll.v Line: 2
Info (12021): Found 1 design units, including 1 entities, in source file vgaclock/synthesis/submodules/vgaclock_video_pll_0.v
    Info (12023): Found entity 1: vgaClock_video_pll_0 File: C:/Users/jucac/Desktop/Universidad/Arquitectura/Processor1/Processor/vgaClock/synthesis/submodules/vgaClock_video_pll_0.v Line: 9
Info (12021): Found 1 design units, including 1 entities, in source file vgaclock/synthesis/submodules/altera_up_avalon_reset_from_locked_signal.v
    Info (12023): Found entity 1: altera_up_avalon_reset_from_locked_signal File: C:/Users/jucac/Desktop/Universidad/Arquitectura/Processor1/Processor/vgaClock/synthesis/submodules/altera_up_avalon_reset_from_locked_signal.v Line: 28
Info (12021): Found 1 design units, including 1 entities, in source file vgaclock/synthesis/vgaclock.v
    Info (12023): Found entity 1: vgaClock File: C:/Users/jucac/Desktop/Universidad/Arquitectura/Processor1/Processor/vgaClock/synthesis/vgaClock.v Line: 6
Info (12021): Found 1 design units, including 1 entities, in source file pc.sv
    Info (12023): Found entity 1: pc File: C:/Users/jucac/Desktop/Universidad/Arquitectura/Processor1/Processor/pc.sv Line: 1
Info (12021): Found 1 design units, including 1 entities, in source file hex7seg.sv
    Info (12023): Found entity 1: hex7seg File: C:/Users/jucac/Desktop/Universidad/Arquitectura/Processor1/Processor/hex7seg.sv Line: 1
Info (12021): Found 1 design units, including 1 entities, in source file register_unit.sv
    Info (12023): Found entity 1: register_unit File: C:/Users/jucac/Desktop/Universidad/Arquitectura/Processor1/Processor/register_unit.sv Line: 1
Info (12021): Found 1 design units, including 1 entities, in source file alu.sv
    Info (12023): Found entity 1: alu File: C:/Users/jucac/Desktop/Universidad/Arquitectura/Processor1/Processor/alu.sv Line: 1
Info (12021): Found 1 design units, including 1 entities, in source file instruction_memory.sv
    Info (12023): Found entity 1: instruction_memory File: C:/Users/jucac/Desktop/Universidad/Arquitectura/Processor1/Processor/instruction_memory.sv Line: 1
Info (12021): Found 1 design units, including 1 entities, in source file imm_generator.sv
    Info (12023): Found entity 1: immediate_generator File: C:/Users/jucac/Desktop/Universidad/Arquitectura/Processor1/Processor/imm_generator.sv Line: 1
Info (12021): Found 1 design units, including 1 entities, in source file mux2_1.sv
    Info (12023): Found entity 1: mux2_1 File: C:/Users/jucac/Desktop/Universidad/Arquitectura/Processor1/Processor/mux2_1.sv Line: 1
Info (12021): Found 1 design units, including 1 entities, in source file mux_mem.sv
    Info (12023): Found entity 1: mux_mem File: C:/Users/jucac/Desktop/Universidad/Arquitectura/Processor1/Processor/mux_mem.sv Line: 1
Info (12021): Found 1 design units, including 1 entities, in source file font_rom.sv
    Info (12023): Found entity 1: font_rom File: C:/Users/jucac/Desktop/Universidad/Arquitectura/Processor1/Processor/font_rom.sv Line: 6
Info (12021): Found 3 design units, including 3 entities, in source file color.sv
    Info (12023): Found entity 1: vga_monitor File: C:/Users/jucac/Desktop/Universidad/Arquitectura/Processor1/Processor/color.sv Line: 1
    Info (12023): Found entity 2: clock1280x800 File: C:/Users/jucac/Desktop/Universidad/Arquitectura/Processor1/Processor/color.sv Line: 452
    Info (12023): Found entity 3: vga_controller_1280x800 File: C:/Users/jucac/Desktop/Universidad/Arquitectura/Processor1/Processor/color.sv Line: 466
Info (12021): Found 1 design units, including 1 entities, in source file font_renderer.sv
    Info (12023): Found entity 1: font_renderer File: C:/Users/jucac/Desktop/Universidad/Arquitectura/Processor1/Processor/font_renderer.sv Line: 6
Info (12021): Found 1 design units, including 1 entities, in source file branch_unit.sv
    Info (12023): Found entity 1: branch_unit File: C:/Users/jucac/Desktop/Universidad/Arquitectura/Processor1/Processor/branch_unit.sv Line: 1
Warning (10236): Verilog HDL Implicit Net warning at color.sv(47): created implicit net for "vgarst" File: C:/Users/jucac/Desktop/Universidad/Arquitectura/Processor1/Processor/color.sv Line: 47
Warning (10236): Verilog HDL Implicit Net warning at color.sv(460): created implicit net for "vgarst" File: C:/Users/jucac/Desktop/Universidad/Arquitectura/Processor1/Processor/color.sv Line: 460
Info (12127): Elaborating entity "cpu_top" for the top level hierarchy
Warning (10036): Verilog HDL or VHDL warning at cpu_top.sv(37): object "sys_reset" assigned a value but never read File: C:/Users/jucac/Desktop/Universidad/Arquitectura/Processor1/Processor/cpu_top.sv Line: 37
Info (12128): Elaborating entity "pc" for hierarchy "pc:pc_unit" File: C:/Users/jucac/Desktop/Universidad/Arquitectura/Processor1/Processor/cpu_top.sv Line: 113
Warning (10240): Verilog HDL Always Construct warning at pc.sv(9): inferring latch(es) for variable "address", which holds its previous value in one or more paths through the always construct File: C:/Users/jucac/Desktop/Universidad/Arquitectura/Processor1/Processor/pc.sv Line: 9
Info (10041): Inferred latch for "address[0]" at pc.sv(9) File: C:/Users/jucac/Desktop/Universidad/Arquitectura/Processor1/Processor/pc.sv Line: 9
Info (10041): Inferred latch for "address[1]" at pc.sv(9) File: C:/Users/jucac/Desktop/Universidad/Arquitectura/Processor1/Processor/pc.sv Line: 9
Info (12128): Elaborating entity "instruction_memory" for hierarchy "instruction_memory:instr_mem" File: C:/Users/jucac/Desktop/Universidad/Arquitectura/Processor1/Processor/cpu_top.sv Line: 121
Warning (10850): Verilog HDL warning at instruction_memory.sv(16): number of words (51) in memory file does not match the number of elements in the address range [0:127] File: C:/Users/jucac/Desktop/Universidad/Arquitectura/Processor1/Processor/instruction_memory.sv Line: 16
Warning (10030): Net "memory.data_a" at instruction_memory.sv(12) has no driver or initial value, using a default initial value '0' File: C:/Users/jucac/Desktop/Universidad/Arquitectura/Processor1/Processor/instruction_memory.sv Line: 12
Warning (10030): Net "memory.waddr_a" at instruction_memory.sv(12) has no driver or initial value, using a default initial value '0' File: C:/Users/jucac/Desktop/Universidad/Arquitectura/Processor1/Processor/instruction_memory.sv Line: 12
Warning (10030): Net "memory.we_a" at instruction_memory.sv(12) has no driver or initial value, using a default initial value '0' File: C:/Users/jucac/Desktop/Universidad/Arquitectura/Processor1/Processor/instruction_memory.sv Line: 12
Info (12128): Elaborating entity "control_unit" for hierarchy "control_unit:control_unit" File: C:/Users/jucac/Desktop/Universidad/Arquitectura/Processor1/Processor/cpu_top.sv Line: 142
Warning (10270): Verilog HDL Case Statement warning at control_unit.sv(52): incomplete case statement has no default case item File: C:/Users/jucac/Desktop/Universidad/Arquitectura/Processor1/Processor/control_unit.sv Line: 52
Warning (10270): Verilog HDL Case Statement warning at control_unit.sv(111): incomplete case statement has no default case item File: C:/Users/jucac/Desktop/Universidad/Arquitectura/Processor1/Processor/control_unit.sv Line: 111
Info (12128): Elaborating entity "register_unit" for hierarchy "register_unit:reg_file" File: C:/Users/jucac/Desktop/Universidad/Arquitectura/Processor1/Processor/cpu_top.sv Line: 156
Info (12128): Elaborating entity "immediate_generator" for hierarchy "immediate_generator:imm_gen" File: C:/Users/jucac/Desktop/Universidad/Arquitectura/Processor1/Processor/cpu_top.sv Line: 163
Info (12128): Elaborating entity "mux2_1" for hierarchy "mux2_1:B_mux" File: C:/Users/jucac/Desktop/Universidad/Arquitectura/Processor1/Processor/cpu_top.sv Line: 171
Info (12128): Elaborating entity "alu" for hierarchy "alu:alu_unit" File: C:/Users/jucac/Desktop/Universidad/Arquitectura/Processor1/Processor/cpu_top.sv Line: 187
Warning (10270): Verilog HDL Case Statement warning at alu.sv(21): incomplete case statement has no default case item File: C:/Users/jucac/Desktop/Universidad/Arquitectura/Processor1/Processor/alu.sv Line: 21
Warning (10240): Verilog HDL Always Construct warning at alu.sv(21): inferring latch(es) for variable "AluResult", which holds its previous value in one or more paths through the always construct File: C:/Users/jucac/Desktop/Universidad/Arquitectura/Processor1/Processor/alu.sv Line: 21
Info (10041): Inferred latch for "AluResult[0]" at alu.sv(21) File: C:/Users/jucac/Desktop/Universidad/Arquitectura/Processor1/Processor/alu.sv Line: 21
Info (10041): Inferred latch for "AluResult[1]" at alu.sv(21) File: C:/Users/jucac/Desktop/Universidad/Arquitectura/Processor1/Processor/alu.sv Line: 21
Info (10041): Inferred latch for "AluResult[2]" at alu.sv(21) File: C:/Users/jucac/Desktop/Universidad/Arquitectura/Processor1/Processor/alu.sv Line: 21
Info (10041): Inferred latch for "AluResult[3]" at alu.sv(21) File: C:/Users/jucac/Desktop/Universidad/Arquitectura/Processor1/Processor/alu.sv Line: 21
Info (10041): Inferred latch for "AluResult[4]" at alu.sv(21) File: C:/Users/jucac/Desktop/Universidad/Arquitectura/Processor1/Processor/alu.sv Line: 21
Info (10041): Inferred latch for "AluResult[5]" at alu.sv(21) File: C:/Users/jucac/Desktop/Universidad/Arquitectura/Processor1/Processor/alu.sv Line: 21
Info (10041): Inferred latch for "AluResult[6]" at alu.sv(21) File: C:/Users/jucac/Desktop/Universidad/Arquitectura/Processor1/Processor/alu.sv Line: 21
Info (10041): Inferred latch for "AluResult[7]" at alu.sv(21) File: C:/Users/jucac/Desktop/Universidad/Arquitectura/Processor1/Processor/alu.sv Line: 21
Info (10041): Inferred latch for "AluResult[8]" at alu.sv(21) File: C:/Users/jucac/Desktop/Universidad/Arquitectura/Processor1/Processor/alu.sv Line: 21
Info (10041): Inferred latch for "AluResult[9]" at alu.sv(21) File: C:/Users/jucac/Desktop/Universidad/Arquitectura/Processor1/Processor/alu.sv Line: 21
Info (10041): Inferred latch for "AluResult[10]" at alu.sv(21) File: C:/Users/jucac/Desktop/Universidad/Arquitectura/Processor1/Processor/alu.sv Line: 21
Info (10041): Inferred latch for "AluResult[11]" at alu.sv(21) File: C:/Users/jucac/Desktop/Universidad/Arquitectura/Processor1/Processor/alu.sv Line: 21
Info (10041): Inferred latch for "AluResult[12]" at alu.sv(21) File: C:/Users/jucac/Desktop/Universidad/Arquitectura/Processor1/Processor/alu.sv Line: 21
Info (10041): Inferred latch for "AluResult[13]" at alu.sv(21) File: C:/Users/jucac/Desktop/Universidad/Arquitectura/Processor1/Processor/alu.sv Line: 21
Info (10041): Inferred latch for "AluResult[14]" at alu.sv(21) File: C:/Users/jucac/Desktop/Universidad/Arquitectura/Processor1/Processor/alu.sv Line: 21
Info (10041): Inferred latch for "AluResult[15]" at alu.sv(21) File: C:/Users/jucac/Desktop/Universidad/Arquitectura/Processor1/Processor/alu.sv Line: 21
Info (10041): Inferred latch for "AluResult[16]" at alu.sv(21) File: C:/Users/jucac/Desktop/Universidad/Arquitectura/Processor1/Processor/alu.sv Line: 21
Info (10041): Inferred latch for "AluResult[17]" at alu.sv(21) File: C:/Users/jucac/Desktop/Universidad/Arquitectura/Processor1/Processor/alu.sv Line: 21
Info (10041): Inferred latch for "AluResult[18]" at alu.sv(21) File: C:/Users/jucac/Desktop/Universidad/Arquitectura/Processor1/Processor/alu.sv Line: 21
Info (10041): Inferred latch for "AluResult[19]" at alu.sv(21) File: C:/Users/jucac/Desktop/Universidad/Arquitectura/Processor1/Processor/alu.sv Line: 21
Info (10041): Inferred latch for "AluResult[20]" at alu.sv(21) File: C:/Users/jucac/Desktop/Universidad/Arquitectura/Processor1/Processor/alu.sv Line: 21
Info (10041): Inferred latch for "AluResult[21]" at alu.sv(21) File: C:/Users/jucac/Desktop/Universidad/Arquitectura/Processor1/Processor/alu.sv Line: 21
Info (10041): Inferred latch for "AluResult[22]" at alu.sv(21) File: C:/Users/jucac/Desktop/Universidad/Arquitectura/Processor1/Processor/alu.sv Line: 21
Info (10041): Inferred latch for "AluResult[23]" at alu.sv(21) File: C:/Users/jucac/Desktop/Universidad/Arquitectura/Processor1/Processor/alu.sv Line: 21
Info (10041): Inferred latch for "AluResult[24]" at alu.sv(21) File: C:/Users/jucac/Desktop/Universidad/Arquitectura/Processor1/Processor/alu.sv Line: 21
Info (10041): Inferred latch for "AluResult[25]" at alu.sv(21) File: C:/Users/jucac/Desktop/Universidad/Arquitectura/Processor1/Processor/alu.sv Line: 21
Info (10041): Inferred latch for "AluResult[26]" at alu.sv(21) File: C:/Users/jucac/Desktop/Universidad/Arquitectura/Processor1/Processor/alu.sv Line: 21
Info (10041): Inferred latch for "AluResult[27]" at alu.sv(21) File: C:/Users/jucac/Desktop/Universidad/Arquitectura/Processor1/Processor/alu.sv Line: 21
Info (10041): Inferred latch for "AluResult[28]" at alu.sv(21) File: C:/Users/jucac/Desktop/Universidad/Arquitectura/Processor1/Processor/alu.sv Line: 21
Info (10041): Inferred latch for "AluResult[29]" at alu.sv(21) File: C:/Users/jucac/Desktop/Universidad/Arquitectura/Processor1/Processor/alu.sv Line: 21
Info (10041): Inferred latch for "AluResult[30]" at alu.sv(21) File: C:/Users/jucac/Desktop/Universidad/Arquitectura/Processor1/Processor/alu.sv Line: 21
Info (10041): Inferred latch for "AluResult[31]" at alu.sv(21) File: C:/Users/jucac/Desktop/Universidad/Arquitectura/Processor1/Processor/alu.sv Line: 21
Info (12128): Elaborating entity "branch_unit" for hierarchy "branch_unit:u_branch_unit" File: C:/Users/jucac/Desktop/Universidad/Arquitectura/Processor1/Processor/cpu_top.sv Line: 197
Info (12128): Elaborating entity "data_memory" for hierarchy "data_memory:data_mem" File: C:/Users/jucac/Desktop/Universidad/Arquitectura/Processor1/Processor/cpu_top.sv Line: 209
Warning (10850): Verilog HDL warning at program_memory.sv(30): number of words (19) in memory file does not match the number of elements in the address range [0:31] File: C:/Users/jucac/Desktop/Universidad/Arquitectura/Processor1/Processor/program_memory.sv Line: 30
Warning (10855): Verilog HDL warning at program_memory.sv(29): initial value for variable init_mem should be constant File: C:/Users/jucac/Desktop/Universidad/Arquitectura/Processor1/Processor/program_memory.sv Line: 29
Warning (10855): Verilog HDL warning at program_memory.sv(29): initial value for variable mem should be constant File: C:/Users/jucac/Desktop/Universidad/Arquitectura/Processor1/Processor/program_memory.sv Line: 29
Info (12128): Elaborating entity "mux_mem" for hierarchy "mux_mem:wb_mux" File: C:/Users/jucac/Desktop/Universidad/Arquitectura/Processor1/Processor/cpu_top.sv Line: 218
Warning (10199): Verilog HDL Case Statement warning at mux_mem.sv(13): case item expression never matches the case expression File: C:/Users/jucac/Desktop/Universidad/Arquitectura/Processor1/Processor/mux_mem.sv Line: 13
Info (12128): Elaborating entity "hex7seg" for hierarchy "hex7seg:seg_display0" File: C:/Users/jucac/Desktop/Universidad/Arquitectura/Processor1/Processor/cpu_top.sv Line: 237
Warning (10272): Verilog HDL Case Statement warning at hex7seg.sv(18): case item expression covers a value already covered by a previous case item File: C:/Users/jucac/Desktop/Universidad/Arquitectura/Processor1/Processor/hex7seg.sv Line: 18
Info (12128): Elaborating entity "vga_monitor" for hierarchy "vga_monitor:vga_monitor" File: C:/Users/jucac/Desktop/Universidad/Arquitectura/Processor1/Processor/cpu_top.sv Line: 278
Warning (10036): Verilog HDL or VHDL warning at color.sv(414): object "inside_any_text" assigned a value but never read File: C:/Users/jucac/Desktop/Universidad/Arquitectura/Processor1/Processor/color.sv Line: 414
Warning (10230): Verilog HDL assignment warning at color.sv(98): truncated value with size 32 to match size of target (8) File: C:/Users/jucac/Desktop/Universidad/Arquitectura/Processor1/Processor/color.sv Line: 98
Warning (10230): Verilog HDL assignment warning at color.sv(385): truncated value with size 32 to match size of target (5) File: C:/Users/jucac/Desktop/Universidad/Arquitectura/Processor1/Processor/color.sv Line: 385
Warning (10230): Verilog HDL assignment warning at color.sv(391): truncated value with size 32 to match size of target (7) File: C:/Users/jucac/Desktop/Universidad/Arquitectura/Processor1/Processor/color.sv Line: 391
Warning (10230): Verilog HDL assignment warning at color.sv(396): truncated value with size 32 to match size of target (6) File: C:/Users/jucac/Desktop/Universidad/Arquitectura/Processor1/Processor/color.sv Line: 396
Warning (10230): Verilog HDL assignment warning at color.sv(422): truncated value with size 32 to match size of target (4) File: C:/Users/jucac/Desktop/Universidad/Arquitectura/Processor1/Processor/color.sv Line: 422
Warning (10230): Verilog HDL assignment warning at color.sv(424): truncated value with size 32 to match size of target (3) File: C:/Users/jucac/Desktop/Universidad/Arquitectura/Processor1/Processor/color.sv Line: 424
Warning (10230): Verilog HDL assignment warning at color.sv(431): truncated value with size 32 to match size of target (5) File: C:/Users/jucac/Desktop/Universidad/Arquitectura/Processor1/Processor/color.sv Line: 431
Warning (10030): Net "text[0][15..19]" at color.sv(90) has no driver or initial value, using a default initial value '0' File: C:/Users/jucac/Desktop/Universidad/Arquitectura/Processor1/Processor/color.sv Line: 90
Warning (10030): Net "text[1][12..19]" at color.sv(90) has no driver or initial value, using a default initial value '0' File: C:/Users/jucac/Desktop/Universidad/Arquitectura/Processor1/Processor/color.sv Line: 90
Warning (10030): Net "text[2][13..19]" at color.sv(90) has no driver or initial value, using a default initial value '0' File: C:/Users/jucac/Desktop/Universidad/Arquitectura/Processor1/Processor/color.sv Line: 90
Warning (10030): Net "text[3][13..19]" at color.sv(90) has no driver or initial value, using a default initial value '0' File: C:/Users/jucac/Desktop/Universidad/Arquitectura/Processor1/Processor/color.sv Line: 90
Warning (10030): Net "text[4][12..19]" at color.sv(90) has no driver or initial value, using a default initial value '0' File: C:/Users/jucac/Desktop/Universidad/Arquitectura/Processor1/Processor/color.sv Line: 90
Warning (10030): Net "text[5][13..19]" at color.sv(90) has no driver or initial value, using a default initial value '0' File: C:/Users/jucac/Desktop/Universidad/Arquitectura/Processor1/Processor/color.sv Line: 90
Warning (10030): Net "text[6][12..19]" at color.sv(90) has no driver or initial value, using a default initial value '0' File: C:/Users/jucac/Desktop/Universidad/Arquitectura/Processor1/Processor/color.sv Line: 90
Warning (10030): Net "text[7][12..19]" at color.sv(90) has no driver or initial value, using a default initial value '0' File: C:/Users/jucac/Desktop/Universidad/Arquitectura/Processor1/Processor/color.sv Line: 90
Warning (10030): Net "text[8][12..19]" at color.sv(90) has no driver or initial value, using a default initial value '0' File: C:/Users/jucac/Desktop/Universidad/Arquitectura/Processor1/Processor/color.sv Line: 90
Warning (10030): Net "text[9][13..19]" at color.sv(90) has no driver or initial value, using a default initial value '0' File: C:/Users/jucac/Desktop/Universidad/Arquitectura/Processor1/Processor/color.sv Line: 90
Warning (10030): Net "text[10][12..19]" at color.sv(90) has no driver or initial value, using a default initial value '0' File: C:/Users/jucac/Desktop/Universidad/Arquitectura/Processor1/Processor/color.sv Line: 90
Warning (10030): Net "text[11][12..19]" at color.sv(90) has no driver or initial value, using a default initial value '0' File: C:/Users/jucac/Desktop/Universidad/Arquitectura/Processor1/Processor/color.sv Line: 90
Warning (10030): Net "text[12][12..19]" at color.sv(90) has no driver or initial value, using a default initial value '0' File: C:/Users/jucac/Desktop/Universidad/Arquitectura/Processor1/Processor/color.sv Line: 90
Warning (10030): Net "text[13][12..19]" at color.sv(90) has no driver or initial value, using a default initial value '0' File: C:/Users/jucac/Desktop/Universidad/Arquitectura/Processor1/Processor/color.sv Line: 90
Warning (10030): Net "text[14][12..19]" at color.sv(90) has no driver or initial value, using a default initial value '0' File: C:/Users/jucac/Desktop/Universidad/Arquitectura/Processor1/Processor/color.sv Line: 90
Warning (10030): Net "text[15][7..19]" at color.sv(90) has no driver or initial value, using a default initial value '0' File: C:/Users/jucac/Desktop/Universidad/Arquitectura/Processor1/Processor/color.sv Line: 90
Warning (10030): Net "text[16][5..19]" at color.sv(90) has no driver or initial value, using a default initial value '0' File: C:/Users/jucac/Desktop/Universidad/Arquitectura/Processor1/Processor/color.sv Line: 90
Warning (10030): Net "text[17][12..19]" at color.sv(90) has no driver or initial value, using a default initial value '0' File: C:/Users/jucac/Desktop/Universidad/Arquitectura/Processor1/Processor/color.sv Line: 90
Warning (10030): Net "text[18][0]" at color.sv(90) has no driver or initial value, using a default initial value '0' File: C:/Users/jucac/Desktop/Universidad/Arquitectura/Processor1/Processor/color.sv Line: 90
Warning (10030): Net "text[18][6..19]" at color.sv(90) has no driver or initial value, using a default initial value '0' File: C:/Users/jucac/Desktop/Universidad/Arquitectura/Processor1/Processor/color.sv Line: 90
Warning (10030): Net "text[19][5..19]" at color.sv(90) has no driver or initial value, using a default initial value '0' File: C:/Users/jucac/Desktop/Universidad/Arquitectura/Processor1/Processor/color.sv Line: 90
Warning (10030): Net "text[20..32]" at color.sv(90) has no driver or initial value, using a default initial value '0' File: C:/Users/jucac/Desktop/Universidad/Arquitectura/Processor1/Processor/color.sv Line: 90
Warning (10030): Net "text2[0][4..19]" at color.sv(91) has no driver or initial value, using a default initial value '0' File: C:/Users/jucac/Desktop/Universidad/Arquitectura/Processor1/Processor/color.sv Line: 91
Warning (10030): Net "text2[1][12..19]" at color.sv(91) has no driver or initial value, using a default initial value '0' File: C:/Users/jucac/Desktop/Universidad/Arquitectura/Processor1/Processor/color.sv Line: 91
Warning (10030): Net "text2[2][12..19]" at color.sv(91) has no driver or initial value, using a default initial value '0' File: C:/Users/jucac/Desktop/Universidad/Arquitectura/Processor1/Processor/color.sv Line: 91
Warning (10030): Net "text2[3][12..19]" at color.sv(91) has no driver or initial value, using a default initial value '0' File: C:/Users/jucac/Desktop/Universidad/Arquitectura/Processor1/Processor/color.sv Line: 91
Warning (10030): Net "text2[4][12..19]" at color.sv(91) has no driver or initial value, using a default initial value '0' File: C:/Users/jucac/Desktop/Universidad/Arquitectura/Processor1/Processor/color.sv Line: 91
Warning (10030): Net "text2[5][12..19]" at color.sv(91) has no driver or initial value, using a default initial value '0' File: C:/Users/jucac/Desktop/Universidad/Arquitectura/Processor1/Processor/color.sv Line: 91
Warning (10030): Net "text2[6][12..19]" at color.sv(91) has no driver or initial value, using a default initial value '0' File: C:/Users/jucac/Desktop/Universidad/Arquitectura/Processor1/Processor/color.sv Line: 91
Warning (10030): Net "text2[7][12..19]" at color.sv(91) has no driver or initial value, using a default initial value '0' File: C:/Users/jucac/Desktop/Universidad/Arquitectura/Processor1/Processor/color.sv Line: 91
Warning (10030): Net "text2[8][12..19]" at color.sv(91) has no driver or initial value, using a default initial value '0' File: C:/Users/jucac/Desktop/Universidad/Arquitectura/Processor1/Processor/color.sv Line: 91
Warning (10030): Net "text2[9][12..19]" at color.sv(91) has no driver or initial value, using a default initial value '0' File: C:/Users/jucac/Desktop/Universidad/Arquitectura/Processor1/Processor/color.sv Line: 91
Warning (10030): Net "text2[10][12..19]" at color.sv(91) has no driver or initial value, using a default initial value '0' File: C:/Users/jucac/Desktop/Universidad/Arquitectura/Processor1/Processor/color.sv Line: 91
Warning (10030): Net "text2[11][12..19]" at color.sv(91) has no driver or initial value, using a default initial value '0' File: C:/Users/jucac/Desktop/Universidad/Arquitectura/Processor1/Processor/color.sv Line: 91
Warning (10030): Net "text2[12][12..19]" at color.sv(91) has no driver or initial value, using a default initial value '0' File: C:/Users/jucac/Desktop/Universidad/Arquitectura/Processor1/Processor/color.sv Line: 91
Warning (10030): Net "text2[13][12..19]" at color.sv(91) has no driver or initial value, using a default initial value '0' File: C:/Users/jucac/Desktop/Universidad/Arquitectura/Processor1/Processor/color.sv Line: 91
Warning (10030): Net "text2[14][12..19]" at color.sv(91) has no driver or initial value, using a default initial value '0' File: C:/Users/jucac/Desktop/Universidad/Arquitectura/Processor1/Processor/color.sv Line: 91
Warning (10030): Net "text2[15][12..19]" at color.sv(91) has no driver or initial value, using a default initial value '0' File: C:/Users/jucac/Desktop/Universidad/Arquitectura/Processor1/Processor/color.sv Line: 91
Warning (10030): Net "text2[16][12..19]" at color.sv(91) has no driver or initial value, using a default initial value '0' File: C:/Users/jucac/Desktop/Universidad/Arquitectura/Processor1/Processor/color.sv Line: 91
Warning (10030): Net "text2[17..32]" at color.sv(91) has no driver or initial value, using a default initial value '0' File: C:/Users/jucac/Desktop/Universidad/Arquitectura/Processor1/Processor/color.sv Line: 91
Warning (10030): Net "text3[0][4..19]" at color.sv(92) has no driver or initial value, using a default initial value '0' File: C:/Users/jucac/Desktop/Universidad/Arquitectura/Processor1/Processor/color.sv Line: 92
Warning (10030): Net "text3[1][14..19]" at color.sv(92) has no driver or initial value, using a default initial value '0' File: C:/Users/jucac/Desktop/Universidad/Arquitectura/Processor1/Processor/color.sv Line: 92
Warning (10030): Net "text3[2][14..19]" at color.sv(92) has no driver or initial value, using a default initial value '0' File: C:/Users/jucac/Desktop/Universidad/Arquitectura/Processor1/Processor/color.sv Line: 92
Warning (10030): Net "text3[3][14..19]" at color.sv(92) has no driver or initial value, using a default initial value '0' File: C:/Users/jucac/Desktop/Universidad/Arquitectura/Processor1/Processor/color.sv Line: 92
Warning (10030): Net "text3[4][14..19]" at color.sv(92) has no driver or initial value, using a default initial value '0' File: C:/Users/jucac/Desktop/Universidad/Arquitectura/Processor1/Processor/color.sv Line: 92
Warning (10030): Net "text3[5][14..19]" at color.sv(92) has no driver or initial value, using a default initial value '0' File: C:/Users/jucac/Desktop/Universidad/Arquitectura/Processor1/Processor/color.sv Line: 92
Warning (10030): Net "text3[6][14..19]" at color.sv(92) has no driver or initial value, using a default initial value '0' File: C:/Users/jucac/Desktop/Universidad/Arquitectura/Processor1/Processor/color.sv Line: 92
Warning (10030): Net "text3[7][14..19]" at color.sv(92) has no driver or initial value, using a default initial value '0' File: C:/Users/jucac/Desktop/Universidad/Arquitectura/Processor1/Processor/color.sv Line: 92
Warning (10030): Net "text3[8][14..19]" at color.sv(92) has no driver or initial value, using a default initial value '0' File: C:/Users/jucac/Desktop/Universidad/Arquitectura/Processor1/Processor/color.sv Line: 92
Warning (10030): Net "text3[9][14..19]" at color.sv(92) has no driver or initial value, using a default initial value '0' File: C:/Users/jucac/Desktop/Universidad/Arquitectura/Processor1/Processor/color.sv Line: 92
Warning (10030): Net "text3[10][14..19]" at color.sv(92) has no driver or initial value, using a default initial value '0' File: C:/Users/jucac/Desktop/Universidad/Arquitectura/Processor1/Processor/color.sv Line: 92
Warning (10030): Net "text3[11][14..19]" at color.sv(92) has no driver or initial value, using a default initial value '0' File: C:/Users/jucac/Desktop/Universidad/Arquitectura/Processor1/Processor/color.sv Line: 92
Warning (10030): Net "text3[12][14..19]" at color.sv(92) has no driver or initial value, using a default initial value '0' File: C:/Users/jucac/Desktop/Universidad/Arquitectura/Processor1/Processor/color.sv Line: 92
Warning (10030): Net "text3[13][14..19]" at color.sv(92) has no driver or initial value, using a default initial value '0' File: C:/Users/jucac/Desktop/Universidad/Arquitectura/Processor1/Processor/color.sv Line: 92
Warning (10030): Net "text3[14][14..19]" at color.sv(92) has no driver or initial value, using a default initial value '0' File: C:/Users/jucac/Desktop/Universidad/Arquitectura/Processor1/Processor/color.sv Line: 92
Warning (10030): Net "text3[15][14..19]" at color.sv(92) has no driver or initial value, using a default initial value '0' File: C:/Users/jucac/Desktop/Universidad/Arquitectura/Processor1/Processor/color.sv Line: 92
Warning (10030): Net "text3[16][14..19]" at color.sv(92) has no driver or initial value, using a default initial value '0' File: C:/Users/jucac/Desktop/Universidad/Arquitectura/Processor1/Processor/color.sv Line: 92
Warning (10030): Net "text3[17][14..19]" at color.sv(92) has no driver or initial value, using a default initial value '0' File: C:/Users/jucac/Desktop/Universidad/Arquitectura/Processor1/Processor/color.sv Line: 92
Warning (10030): Net "text3[18][14..19]" at color.sv(92) has no driver or initial value, using a default initial value '0' File: C:/Users/jucac/Desktop/Universidad/Arquitectura/Processor1/Processor/color.sv Line: 92
Warning (10030): Net "text3[19][14..19]" at color.sv(92) has no driver or initial value, using a default initial value '0' File: C:/Users/jucac/Desktop/Universidad/Arquitectura/Processor1/Processor/color.sv Line: 92
Warning (10030): Net "text3[20][14..19]" at color.sv(92) has no driver or initial value, using a default initial value '0' File: C:/Users/jucac/Desktop/Universidad/Arquitectura/Processor1/Processor/color.sv Line: 92
Warning (10030): Net "text3[21][14..19]" at color.sv(92) has no driver or initial value, using a default initial value '0' File: C:/Users/jucac/Desktop/Universidad/Arquitectura/Processor1/Processor/color.sv Line: 92
Warning (10030): Net "text3[22][14..19]" at color.sv(92) has no driver or initial value, using a default initial value '0' File: C:/Users/jucac/Desktop/Universidad/Arquitectura/Processor1/Processor/color.sv Line: 92
Warning (10030): Net "text3[23][14..19]" at color.sv(92) has no driver or initial value, using a default initial value '0' File: C:/Users/jucac/Desktop/Universidad/Arquitectura/Processor1/Processor/color.sv Line: 92
Warning (10030): Net "text3[24][14..19]" at color.sv(92) has no driver or initial value, using a default initial value '0' File: C:/Users/jucac/Desktop/Universidad/Arquitectura/Processor1/Processor/color.sv Line: 92
Warning (10030): Net "text3[25][14..19]" at color.sv(92) has no driver or initial value, using a default initial value '0' File: C:/Users/jucac/Desktop/Universidad/Arquitectura/Processor1/Processor/color.sv Line: 92
Warning (10030): Net "text3[26][14..19]" at color.sv(92) has no driver or initial value, using a default initial value '0' File: C:/Users/jucac/Desktop/Universidad/Arquitectura/Processor1/Processor/color.sv Line: 92
Warning (10030): Net "text3[27][14..19]" at color.sv(92) has no driver or initial value, using a default initial value '0' File: C:/Users/jucac/Desktop/Universidad/Arquitectura/Processor1/Processor/color.sv Line: 92
Warning (10030): Net "text3[28][14..19]" at color.sv(92) has no driver or initial value, using a default initial value '0' File: C:/Users/jucac/Desktop/Universidad/Arquitectura/Processor1/Processor/color.sv Line: 92
Warning (10030): Net "text3[29][14..19]" at color.sv(92) has no driver or initial value, using a default initial value '0' File: C:/Users/jucac/Desktop/Universidad/Arquitectura/Processor1/Processor/color.sv Line: 92
Warning (10030): Net "text3[30][14..19]" at color.sv(92) has no driver or initial value, using a default initial value '0' File: C:/Users/jucac/Desktop/Universidad/Arquitectura/Processor1/Processor/color.sv Line: 92
Warning (10030): Net "text3[31][14..19]" at color.sv(92) has no driver or initial value, using a default initial value '0' File: C:/Users/jucac/Desktop/Universidad/Arquitectura/Processor1/Processor/color.sv Line: 92
Warning (10030): Net "text3[32][14..19]" at color.sv(92) has no driver or initial value, using a default initial value '0' File: C:/Users/jucac/Desktop/Universidad/Arquitectura/Processor1/Processor/color.sv Line: 92
Warning (10030): Net "text4[0][15..19]" at color.sv(93) has no driver or initial value, using a default initial value '0' File: C:/Users/jucac/Desktop/Universidad/Arquitectura/Processor1/Processor/color.sv Line: 93
Warning (10030): Net "text4[1][15..19]" at color.sv(93) has no driver or initial value, using a default initial value '0' File: C:/Users/jucac/Desktop/Universidad/Arquitectura/Processor1/Processor/color.sv Line: 93
Warning (10030): Net "text4[2][15..19]" at color.sv(93) has no driver or initial value, using a default initial value '0' File: C:/Users/jucac/Desktop/Universidad/Arquitectura/Processor1/Processor/color.sv Line: 93
Warning (10030): Net "text4[3][15..19]" at color.sv(93) has no driver or initial value, using a default initial value '0' File: C:/Users/jucac/Desktop/Universidad/Arquitectura/Processor1/Processor/color.sv Line: 93
Warning (10030): Net "text4[4][15..19]" at color.sv(93) has no driver or initial value, using a default initial value '0' File: C:/Users/jucac/Desktop/Universidad/Arquitectura/Processor1/Processor/color.sv Line: 93
Warning (10030): Net "text4[5][15..19]" at color.sv(93) has no driver or initial value, using a default initial value '0' File: C:/Users/jucac/Desktop/Universidad/Arquitectura/Processor1/Processor/color.sv Line: 93
Warning (10030): Net "text4[6][15..19]" at color.sv(93) has no driver or initial value, using a default initial value '0' File: C:/Users/jucac/Desktop/Universidad/Arquitectura/Processor1/Processor/color.sv Line: 93
Warning (10030): Net "text4[7][15..19]" at color.sv(93) has no driver or initial value, using a default initial value '0' File: C:/Users/jucac/Desktop/Universidad/Arquitectura/Processor1/Processor/color.sv Line: 93
Warning (10030): Net "text4[8][15..19]" at color.sv(93) has no driver or initial value, using a default initial value '0' File: C:/Users/jucac/Desktop/Universidad/Arquitectura/Processor1/Processor/color.sv Line: 93
Warning (10030): Net "text4[9][15..19]" at color.sv(93) has no driver or initial value, using a default initial value '0' File: C:/Users/jucac/Desktop/Universidad/Arquitectura/Processor1/Processor/color.sv Line: 93
Warning (10030): Net "text4[10][15..19]" at color.sv(93) has no driver or initial value, using a default initial value '0' File: C:/Users/jucac/Desktop/Universidad/Arquitectura/Processor1/Processor/color.sv Line: 93
Warning (10030): Net "text4[11][15..19]" at color.sv(93) has no driver or initial value, using a default initial value '0' File: C:/Users/jucac/Desktop/Universidad/Arquitectura/Processor1/Processor/color.sv Line: 93
Warning (10030): Net "text4[12][15..19]" at color.sv(93) has no driver or initial value, using a default initial value '0' File: C:/Users/jucac/Desktop/Universidad/Arquitectura/Processor1/Processor/color.sv Line: 93
Warning (10030): Net "text4[13][15..19]" at color.sv(93) has no driver or initial value, using a default initial value '0' File: C:/Users/jucac/Desktop/Universidad/Arquitectura/Processor1/Processor/color.sv Line: 93
Warning (10030): Net "text4[14][15..19]" at color.sv(93) has no driver or initial value, using a default initial value '0' File: C:/Users/jucac/Desktop/Universidad/Arquitectura/Processor1/Processor/color.sv Line: 93
Warning (10030): Net "text4[15][15..19]" at color.sv(93) has no driver or initial value, using a default initial value '0' File: C:/Users/jucac/Desktop/Universidad/Arquitectura/Processor1/Processor/color.sv Line: 93
Warning (10030): Net "text4[16][15..19]" at color.sv(93) has no driver or initial value, using a default initial value '0' File: C:/Users/jucac/Desktop/Universidad/Arquitectura/Processor1/Processor/color.sv Line: 93
Warning (10030): Net "text4[17][15..19]" at color.sv(93) has no driver or initial value, using a default initial value '0' File: C:/Users/jucac/Desktop/Universidad/Arquitectura/Processor1/Processor/color.sv Line: 93
Warning (10030): Net "text4[18][15..19]" at color.sv(93) has no driver or initial value, using a default initial value '0' File: C:/Users/jucac/Desktop/Universidad/Arquitectura/Processor1/Processor/color.sv Line: 93
Warning (10030): Net "text4[19][15..19]" at color.sv(93) has no driver or initial value, using a default initial value '0' File: C:/Users/jucac/Desktop/Universidad/Arquitectura/Processor1/Processor/color.sv Line: 93
Warning (10030): Net "text4[20][15..19]" at color.sv(93) has no driver or initial value, using a default initial value '0' File: C:/Users/jucac/Desktop/Universidad/Arquitectura/Processor1/Processor/color.sv Line: 93
Warning (10030): Net "text4[21][15..19]" at color.sv(93) has no driver or initial value, using a default initial value '0' File: C:/Users/jucac/Desktop/Universidad/Arquitectura/Processor1/Processor/color.sv Line: 93
Warning (10030): Net "text4[22][15..19]" at color.sv(93) has no driver or initial value, using a default initial value '0' File: C:/Users/jucac/Desktop/Universidad/Arquitectura/Processor1/Processor/color.sv Line: 93
Warning (10030): Net "text4[23][15..19]" at color.sv(93) has no driver or initial value, using a default initial value '0' File: C:/Users/jucac/Desktop/Universidad/Arquitectura/Processor1/Processor/color.sv Line: 93
Warning (10030): Net "text4[24][15..19]" at color.sv(93) has no driver or initial value, using a default initial value '0' File: C:/Users/jucac/Desktop/Universidad/Arquitectura/Processor1/Processor/color.sv Line: 93
Warning (10030): Net "text4[25][15..19]" at color.sv(93) has no driver or initial value, using a default initial value '0' File: C:/Users/jucac/Desktop/Universidad/Arquitectura/Processor1/Processor/color.sv Line: 93
Warning (10030): Net "text4[26][15..19]" at color.sv(93) has no driver or initial value, using a default initial value '0' File: C:/Users/jucac/Desktop/Universidad/Arquitectura/Processor1/Processor/color.sv Line: 93
Warning (10030): Net "text4[27][15..19]" at color.sv(93) has no driver or initial value, using a default initial value '0' File: C:/Users/jucac/Desktop/Universidad/Arquitectura/Processor1/Processor/color.sv Line: 93
Warning (10030): Net "text4[28][15..19]" at color.sv(93) has no driver or initial value, using a default initial value '0' File: C:/Users/jucac/Desktop/Universidad/Arquitectura/Processor1/Processor/color.sv Line: 93
Warning (10030): Net "text4[29][15..19]" at color.sv(93) has no driver or initial value, using a default initial value '0' File: C:/Users/jucac/Desktop/Universidad/Arquitectura/Processor1/Processor/color.sv Line: 93
Warning (10030): Net "text4[30][15..19]" at color.sv(93) has no driver or initial value, using a default initial value '0' File: C:/Users/jucac/Desktop/Universidad/Arquitectura/Processor1/Processor/color.sv Line: 93
Warning (10030): Net "text4[31][15..19]" at color.sv(93) has no driver or initial value, using a default initial value '0' File: C:/Users/jucac/Desktop/Universidad/Arquitectura/Processor1/Processor/color.sv Line: 93
Warning (10030): Net "text4[32][15..19]" at color.sv(93) has no driver or initial value, using a default initial value '0' File: C:/Users/jucac/Desktop/Universidad/Arquitectura/Processor1/Processor/color.sv Line: 93
Info (10008): Verilog HDL or VHDL information: EDA Netlist Writer cannot regroup multidimensional array "text" into its bus
Info (10008): Verilog HDL or VHDL information: EDA Netlist Writer cannot regroup multidimensional array "text2" into its bus
Info (10008): Verilog HDL or VHDL information: EDA Netlist Writer cannot regroup multidimensional array "text3" into its bus
Info (10008): Verilog HDL or VHDL information: EDA Netlist Writer cannot regroup multidimensional array "text4" into its bus
Info (12128): Elaborating entity "clock1280x800" for hierarchy "vga_monitor:vga_monitor|clock1280x800:vgaclock" File: C:/Users/jucac/Desktop/Universidad/Arquitectura/Processor1/Processor/color.sv Line: 49
Info (12128): Elaborating entity "vgaClock" for hierarchy "vga_monitor:vga_monitor|clock1280x800:vgaclock|vgaClock:clk" File: C:/Users/jucac/Desktop/Universidad/Arquitectura/Processor1/Processor/color.sv Line: 462
Info (12128): Elaborating entity "vgaClock_video_pll_0" for hierarchy "vga_monitor:vga_monitor|clock1280x800:vgaclock|vgaClock:clk|vgaClock_video_pll_0:video_pll_0" File: C:/Users/jucac/Desktop/Universidad/Arquitectura/Processor1/Processor/vgaClock/synthesis/vgaClock.v Line: 18
Info (12128): Elaborating entity "vgaClock_video_pll_0_video_pll" for hierarchy "vga_monitor:vga_monitor|clock1280x800:vgaclock|vgaClock:clk|vgaClock_video_pll_0:video_pll_0|vgaClock_video_pll_0_video_pll:video_pll" File: C:/Users/jucac/Desktop/Universidad/Arquitectura/Processor1/Processor/vgaClock/synthesis/submodules/vgaClock_video_pll_0.v Line: 25
Info (12128): Elaborating entity "altera_pll" for hierarchy "vga_monitor:vga_monitor|clock1280x800:vgaclock|vgaClock:clk|vgaClock_video_pll_0:video_pll_0|vgaClock_video_pll_0_video_pll:video_pll|altera_pll:altera_pll_i" File: C:/Users/jucac/Desktop/Universidad/Arquitectura/Processor1/Processor/vgaClock/synthesis/submodules/vgaClock_video_pll_0_video_pll.v Line: 91
Info (10008): Verilog HDL or VHDL information: EDA Netlist Writer cannot regroup multidimensional array "wire_to_nowhere_64" into its bus
Info (12130): Elaborated megafunction instantiation "vga_monitor:vga_monitor|clock1280x800:vgaclock|vgaClock:clk|vgaClock_video_pll_0:video_pll_0|vgaClock_video_pll_0_video_pll:video_pll|altera_pll:altera_pll_i" File: C:/Users/jucac/Desktop/Universidad/Arquitectura/Processor1/Processor/vgaClock/synthesis/submodules/vgaClock_video_pll_0_video_pll.v Line: 91
Info (12133): Instantiated megafunction "vga_monitor:vga_monitor|clock1280x800:vgaclock|vgaClock:clk|vgaClock_video_pll_0:video_pll_0|vgaClock_video_pll_0_video_pll:video_pll|altera_pll:altera_pll_i" with the following parameter: File: C:/Users/jucac/Desktop/Universidad/Arquitectura/Processor1/Processor/vgaClock/synthesis/submodules/vgaClock_video_pll_0_video_pll.v Line: 91
    Info (12134): Parameter "fractional_vco_multiplier" = "false"
    Info (12134): Parameter "reference_clock_frequency" = "50.0 MHz"
    Info (12134): Parameter "operation_mode" = "direct"
    Info (12134): Parameter "number_of_clocks" = "3"
    Info (12134): Parameter "output_clock_frequency0" = "25.000000 MHz"
    Info (12134): Parameter "phase_shift0" = "0 ps"
    Info (12134): Parameter "duty_cycle0" = "50"
    Info (12134): Parameter "output_clock_frequency1" = "83.333333 MHz"
    Info (12134): Parameter "phase_shift1" = "0 ps"
    Info (12134): Parameter "duty_cycle1" = "50"
    Info (12134): Parameter "output_clock_frequency2" = "32.894736 MHz"
    Info (12134): Parameter "phase_shift2" = "0 ps"
    Info (12134): Parameter "duty_cycle2" = "50"
    Info (12134): Parameter "output_clock_frequency3" = "0 MHz"
    Info (12134): Parameter "phase_shift3" = "0 ps"
    Info (12134): Parameter "duty_cycle3" = "50"
    Info (12134): Parameter "output_clock_frequency4" = "0 MHz"
    Info (12134): Parameter "phase_shift4" = "0 ps"
    Info (12134): Parameter "duty_cycle4" = "50"
    Info (12134): Parameter "output_clock_frequency5" = "0 MHz"
    Info (12134): Parameter "phase_shift5" = "0 ps"
    Info (12134): Parameter "duty_cycle5" = "50"
    Info (12134): Parameter "output_clock_frequency6" = "0 MHz"
    Info (12134): Parameter "phase_shift6" = "0 ps"
    Info (12134): Parameter "duty_cycle6" = "50"
    Info (12134): Parameter "output_clock_frequency7" = "0 MHz"
    Info (12134): Parameter "phase_shift7" = "0 ps"
    Info (12134): Parameter "duty_cycle7" = "50"
    Info (12134): Parameter "output_clock_frequency8" = "0 MHz"
    Info (12134): Parameter "phase_shift8" = "0 ps"
    Info (12134): Parameter "duty_cycle8" = "50"
    Info (12134): Parameter "output_clock_frequency9" = "0 MHz"
    Info (12134): Parameter "phase_shift9" = "0 ps"
    Info (12134): Parameter "duty_cycle9" = "50"
    Info (12134): Parameter "output_clock_frequency10" = "0 MHz"
    Info (12134): Parameter "phase_shift10" = "0 ps"
    Info (12134): Parameter "duty_cycle10" = "50"
    Info (12134): Parameter "output_clock_frequency11" = "0 MHz"
    Info (12134): Parameter "phase_shift11" = "0 ps"
    Info (12134): Parameter "duty_cycle11" = "50"
    Info (12134): Parameter "output_clock_frequency12" = "0 MHz"
    Info (12134): Parameter "phase_shift12" = "0 ps"
    Info (12134): Parameter "duty_cycle12" = "50"
    Info (12134): Parameter "output_clock_frequency13" = "0 MHz"
    Info (12134): Parameter "phase_shift13" = "0 ps"
    Info (12134): Parameter "duty_cycle13" = "50"
    Info (12134): Parameter "output_clock_frequency14" = "0 MHz"
    Info (12134): Parameter "phase_shift14" = "0 ps"
    Info (12134): Parameter "duty_cycle14" = "50"
    Info (12134): Parameter "output_clock_frequency15" = "0 MHz"
    Info (12134): Parameter "phase_shift15" = "0 ps"
    Info (12134): Parameter "duty_cycle15" = "50"
    Info (12134): Parameter "output_clock_frequency16" = "0 MHz"
    Info (12134): Parameter "phase_shift16" = "0 ps"
    Info (12134): Parameter "duty_cycle16" = "50"
    Info (12134): Parameter "output_clock_frequency17" = "0 MHz"
    Info (12134): Parameter "phase_shift17" = "0 ps"
    Info (12134): Parameter "duty_cycle17" = "50"
    Info (12134): Parameter "pll_type" = "General"
    Info (12134): Parameter "pll_subtype" = "General"
Info (12128): Elaborating entity "altera_up_avalon_reset_from_locked_signal" for hierarchy "vga_monitor:vga_monitor|clock1280x800:vgaclock|vgaClock:clk|vgaClock_video_pll_0:video_pll_0|altera_up_avalon_reset_from_locked_signal:reset_from_locked" File: C:/Users/jucac/Desktop/Universidad/Arquitectura/Processor1/Processor/vgaClock/synthesis/submodules/vgaClock_video_pll_0.v Line: 30
Info (12128): Elaborating entity "vga_controller_1280x800" for hierarchy "vga_monitor:vga_monitor|vga_controller_1280x800:ctrl" File: C:/Users/jucac/Desktop/Universidad/Arquitectura/Processor1/Processor/color.sv Line: 61
Warning (10230): Verilog HDL assignment warning at color.sv(498): truncated value with size 32 to match size of target (10) File: C:/Users/jucac/Desktop/Universidad/Arquitectura/Processor1/Processor/color.sv Line: 498
Warning (10230): Verilog HDL assignment warning at color.sv(500): truncated value with size 32 to match size of target (11) File: C:/Users/jucac/Desktop/Universidad/Arquitectura/Processor1/Processor/color.sv Line: 500
Info (12128): Elaborating entity "font_renderer" for hierarchy "vga_monitor:vga_monitor|font_renderer:font_inst" File: C:/Users/jucac/Desktop/Universidad/Arquitectura/Processor1/Processor/color.sv Line: 74
Info (12128): Elaborating entity "font_rom" for hierarchy "vga_monitor:vga_monitor|font_renderer:font_inst|font_rom:rom_inst" File: C:/Users/jucac/Desktop/Universidad/Arquitectura/Processor1/Processor/font_renderer.sv Line: 24
Warning (10030): Net "mem.data_a" at font_rom.sv(13) has no driver or initial value, using a default initial value '0' File: C:/Users/jucac/Desktop/Universidad/Arquitectura/Processor1/Processor/font_rom.sv Line: 13
Warning (10030): Net "mem.waddr_a" at font_rom.sv(13) has no driver or initial value, using a default initial value '0' File: C:/Users/jucac/Desktop/Universidad/Arquitectura/Processor1/Processor/font_rom.sv Line: 13
Warning (10030): Net "mem.we_a" at font_rom.sv(13) has no driver or initial value, using a default initial value '0' File: C:/Users/jucac/Desktop/Universidad/Arquitectura/Processor1/Processor/font_rom.sv Line: 13
Warning (12011): Net is missing source, defaulting to GND
    Warning (12110): Net "vga_monitor:vga_monitor|vgarst" is missing source, defaulting to GND File: C:/Users/jucac/Desktop/Universidad/Arquitectura/Processor1/Processor/color.sv Line: 47
Warning (14284): Synthesized away the following node(s):
    Warning (14285): Synthesized away the following PLL node(s):
        Warning (14320): Synthesized away node "vga_monitor:vga_monitor|clock1280x800:vgaclock|vgaClock:clk|vgaClock_video_pll_0:video_pll_0|vgaClock_video_pll_0_video_pll:video_pll|altera_pll:altera_pll_i|outclk_wire[2]" File: c:/intelfpga_lite/24.1std/quartus/libraries/megafunctions/altera_pll.v Line: 749
Info (276014): Found 1 instances of uninferred RAM logic
    Info (276004): RAM logic "instruction_memory:instr_mem|memory" is uninferred due to inappropriate RAM size File: C:/Users/jucac/Desktop/Universidad/Arquitectura/Processor1/Processor/instruction_memory.sv Line: 12
Warning (127007): Memory Initialization File or Hexadecimal (Intel-Format) File "C:/Users/jucac/Desktop/Universidad/Arquitectura/Processor1/Processor/db/riscvpc.ram0_instruction_memory_68fd8bb8.hdl.mif" contains "don't care" values -- overwriting them with 0s
Info (19000): Inferred 1 megafunctions from design logic
    Info (276029): Inferred altsyncram megafunction from the following design logic: "vga_monitor:vga_monitor|font_renderer:font_inst|font_rom:rom_inst|mem_rtl_0" 
        Info (286033): Parameter OPERATION_MODE set to ROM
        Info (286033): Parameter WIDTH_A set to 8
        Info (286033): Parameter WIDTHAD_A set to 11
        Info (286033): Parameter NUMWORDS_A set to 2048
        Info (286033): Parameter OUTDATA_REG_A set to UNREGISTERED
        Info (286033): Parameter ADDRESS_ACLR_A set to NONE
        Info (286033): Parameter OUTDATA_ACLR_A set to NONE
        Info (286033): Parameter INDATA_ACLR_A set to NONE
        Info (286033): Parameter WRCONTROL_ACLR_A set to NONE
        Info (286033): Parameter INIT_FILE set to db/riscvpc.ram0_font_rom_e26a0106.hdl.mif
Info (278001): Inferred 2 megafunctions from design logic
    Info (278004): Inferred divider/modulo megafunction ("lpm_divide") from the following logic: "vga_monitor:vga_monitor|Mod0" File: C:/Users/jucac/Desktop/Universidad/Arquitectura/Processor1/Processor/color.sv Line: 431
    Info (278004): Inferred divider/modulo megafunction ("lpm_divide") from the following logic: "vga_monitor:vga_monitor|Div0" File: C:/Users/jucac/Desktop/Universidad/Arquitectura/Processor1/Processor/color.sv Line: 396
Info (12130): Elaborated megafunction instantiation "vga_monitor:vga_monitor|font_renderer:font_inst|font_rom:rom_inst|altsyncram:mem_rtl_0"
Info (12133): Instantiated megafunction "vga_monitor:vga_monitor|font_renderer:font_inst|font_rom:rom_inst|altsyncram:mem_rtl_0" with the following parameter:
    Info (12134): Parameter "OPERATION_MODE" = "ROM"
    Info (12134): Parameter "WIDTH_A" = "8"
    Info (12134): Parameter "WIDTHAD_A" = "11"
    Info (12134): Parameter "NUMWORDS_A" = "2048"
    Info (12134): Parameter "OUTDATA_REG_A" = "UNREGISTERED"
    Info (12134): Parameter "ADDRESS_ACLR_A" = "NONE"
    Info (12134): Parameter "OUTDATA_ACLR_A" = "NONE"
    Info (12134): Parameter "INDATA_ACLR_A" = "NONE"
    Info (12134): Parameter "WRCONTROL_ACLR_A" = "NONE"
    Info (12134): Parameter "INIT_FILE" = "db/riscvpc.ram0_font_rom_e26a0106.hdl.mif"
Info (12021): Found 1 design units, including 1 entities, in source file db/altsyncram_4ad1.tdf
    Info (12023): Found entity 1: altsyncram_4ad1 File: C:/Users/jucac/Desktop/Universidad/Arquitectura/Processor1/Processor/db/altsyncram_4ad1.tdf Line: 28
Info (12130): Elaborated megafunction instantiation "vga_monitor:vga_monitor|lpm_divide:Mod0" File: C:/Users/jucac/Desktop/Universidad/Arquitectura/Processor1/Processor/color.sv Line: 431
Info (12133): Instantiated megafunction "vga_monitor:vga_monitor|lpm_divide:Mod0" with the following parameter: File: C:/Users/jucac/Desktop/Universidad/Arquitectura/Processor1/Processor/color.sv Line: 431
    Info (12134): Parameter "LPM_WIDTHN" = "32"
    Info (12134): Parameter "LPM_WIDTHD" = "5"
    Info (12134): Parameter "LPM_NREPRESENTATION" = "UNSIGNED"
    Info (12134): Parameter "LPM_DREPRESENTATION" = "UNSIGNED"
Info (12021): Found 1 design units, including 1 entities, in source file db/lpm_divide_m3m.tdf
    Info (12023): Found entity 1: lpm_divide_m3m File: C:/Users/jucac/Desktop/Universidad/Arquitectura/Processor1/Processor/db/lpm_divide_m3m.tdf Line: 25
Info (12021): Found 1 design units, including 1 entities, in source file db/sign_div_unsign_plh.tdf
    Info (12023): Found entity 1: sign_div_unsign_plh File: C:/Users/jucac/Desktop/Universidad/Arquitectura/Processor1/Processor/db/sign_div_unsign_plh.tdf Line: 25
Info (12021): Found 1 design units, including 1 entities, in source file db/alt_u_div_ove.tdf
    Info (12023): Found entity 1: alt_u_div_ove File: C:/Users/jucac/Desktop/Universidad/Arquitectura/Processor1/Processor/db/alt_u_div_ove.tdf Line: 23
Info (12130): Elaborated megafunction instantiation "vga_monitor:vga_monitor|lpm_divide:Div0" File: C:/Users/jucac/Desktop/Universidad/Arquitectura/Processor1/Processor/color.sv Line: 396
Info (12133): Instantiated megafunction "vga_monitor:vga_monitor|lpm_divide:Div0" with the following parameter: File: C:/Users/jucac/Desktop/Universidad/Arquitectura/Processor1/Processor/color.sv Line: 396
    Info (12134): Parameter "LPM_WIDTHN" = "32"
    Info (12134): Parameter "LPM_WIDTHD" = "5"
    Info (12134): Parameter "LPM_NREPRESENTATION" = "UNSIGNED"
    Info (12134): Parameter "LPM_DREPRESENTATION" = "UNSIGNED"
Info (12021): Found 1 design units, including 1 entities, in source file db/lpm_divide_jbm.tdf
    Info (12023): Found entity 1: lpm_divide_jbm File: C:/Users/jucac/Desktop/Universidad/Arquitectura/Processor1/Processor/db/lpm_divide_jbm.tdf Line: 25
Warning (12241): 3 hierarchies have connectivity warnings - see the Connectivity Checks report folder
Warning (13012): Latch alu:alu_unit|AluResult[0] has unsafe behavior File: C:/Users/jucac/Desktop/Universidad/Arquitectura/Processor1/Processor/alu.sv Line: 21
    Warning (13013): Ports D and ENA on the latch are fed by the same signal control_unit:control_unit|WideOr0 File: C:/Users/jucac/Desktop/Universidad/Arquitectura/Processor1/Processor/control_unit.sv Line: 52
Warning (13012): Latch alu:alu_unit|AluResult[1] has unsafe behavior File: C:/Users/jucac/Desktop/Universidad/Arquitectura/Processor1/Processor/alu.sv Line: 21
    Warning (13013): Ports D and ENA on the latch are fed by the same signal control_unit:control_unit|WideOr1 File: C:/Users/jucac/Desktop/Universidad/Arquitectura/Processor1/Processor/control_unit.sv Line: 52
Warning (13012): Latch alu:alu_unit|AluResult[2] has unsafe behavior File: C:/Users/jucac/Desktop/Universidad/Arquitectura/Processor1/Processor/alu.sv Line: 21
    Warning (13013): Ports D and ENA on the latch are fed by the same signal control_unit:control_unit|WideOr1 File: C:/Users/jucac/Desktop/Universidad/Arquitectura/Processor1/Processor/control_unit.sv Line: 52
Warning (13012): Latch alu:alu_unit|AluResult[3] has unsafe behavior File: C:/Users/jucac/Desktop/Universidad/Arquitectura/Processor1/Processor/alu.sv Line: 21
    Warning (13013): Ports D and ENA on the latch are fed by the same signal control_unit:control_unit|WideOr1 File: C:/Users/jucac/Desktop/Universidad/Arquitectura/Processor1/Processor/control_unit.sv Line: 52
Warning (13012): Latch alu:alu_unit|AluResult[4] has unsafe behavior File: C:/Users/jucac/Desktop/Universidad/Arquitectura/Processor1/Processor/alu.sv Line: 21
    Warning (13013): Ports D and ENA on the latch are fed by the same signal control_unit:control_unit|WideOr1 File: C:/Users/jucac/Desktop/Universidad/Arquitectura/Processor1/Processor/control_unit.sv Line: 52
Warning (13012): Latch alu:alu_unit|AluResult[5] has unsafe behavior File: C:/Users/jucac/Desktop/Universidad/Arquitectura/Processor1/Processor/alu.sv Line: 21
    Warning (13013): Ports D and ENA on the latch are fed by the same signal control_unit:control_unit|WideOr1 File: C:/Users/jucac/Desktop/Universidad/Arquitectura/Processor1/Processor/control_unit.sv Line: 52
Warning (13012): Latch alu:alu_unit|AluResult[6] has unsafe behavior File: C:/Users/jucac/Desktop/Universidad/Arquitectura/Processor1/Processor/alu.sv Line: 21
    Warning (13013): Ports D and ENA on the latch are fed by the same signal control_unit:control_unit|WideOr1 File: C:/Users/jucac/Desktop/Universidad/Arquitectura/Processor1/Processor/control_unit.sv Line: 52
Warning (13012): Latch alu:alu_unit|AluResult[7] has unsafe behavior File: C:/Users/jucac/Desktop/Universidad/Arquitectura/Processor1/Processor/alu.sv Line: 21
    Warning (13013): Ports D and ENA on the latch are fed by the same signal control_unit:control_unit|WideOr1 File: C:/Users/jucac/Desktop/Universidad/Arquitectura/Processor1/Processor/control_unit.sv Line: 52
Warning (13012): Latch alu:alu_unit|AluResult[8] has unsafe behavior File: C:/Users/jucac/Desktop/Universidad/Arquitectura/Processor1/Processor/alu.sv Line: 21
    Warning (13013): Ports D and ENA on the latch are fed by the same signal control_unit:control_unit|WideOr1 File: C:/Users/jucac/Desktop/Universidad/Arquitectura/Processor1/Processor/control_unit.sv Line: 52
Warning (13012): Latch alu:alu_unit|AluResult[9] has unsafe behavior File: C:/Users/jucac/Desktop/Universidad/Arquitectura/Processor1/Processor/alu.sv Line: 21
    Warning (13013): Ports D and ENA on the latch are fed by the same signal control_unit:control_unit|WideOr1 File: C:/Users/jucac/Desktop/Universidad/Arquitectura/Processor1/Processor/control_unit.sv Line: 52
Warning (13012): Latch alu:alu_unit|AluResult[10] has unsafe behavior File: C:/Users/jucac/Desktop/Universidad/Arquitectura/Processor1/Processor/alu.sv Line: 21
    Warning (13013): Ports D and ENA on the latch are fed by the same signal control_unit:control_unit|WideOr1 File: C:/Users/jucac/Desktop/Universidad/Arquitectura/Processor1/Processor/control_unit.sv Line: 52
Warning (13012): Latch alu:alu_unit|AluResult[11] has unsafe behavior File: C:/Users/jucac/Desktop/Universidad/Arquitectura/Processor1/Processor/alu.sv Line: 21
    Warning (13013): Ports D and ENA on the latch are fed by the same signal control_unit:control_unit|WideOr0 File: C:/Users/jucac/Desktop/Universidad/Arquitectura/Processor1/Processor/control_unit.sv Line: 52
Warning (13012): Latch alu:alu_unit|AluResult[12] has unsafe behavior File: C:/Users/jucac/Desktop/Universidad/Arquitectura/Processor1/Processor/alu.sv Line: 21
    Warning (13013): Ports D and ENA on the latch are fed by the same signal control_unit:control_unit|WideOr1 File: C:/Users/jucac/Desktop/Universidad/Arquitectura/Processor1/Processor/control_unit.sv Line: 52
Warning (13012): Latch alu:alu_unit|AluResult[13] has unsafe behavior File: C:/Users/jucac/Desktop/Universidad/Arquitectura/Processor1/Processor/alu.sv Line: 21
    Warning (13013): Ports D and ENA on the latch are fed by the same signal control_unit:control_unit|WideOr1 File: C:/Users/jucac/Desktop/Universidad/Arquitectura/Processor1/Processor/control_unit.sv Line: 52
Warning (13024): Output pins are stuck at VCC or GND
    Warning (13410): Pin "VGA_R[1]" is stuck at GND File: C:/Users/jucac/Desktop/Universidad/Arquitectura/Processor1/Processor/cpu_top.sv Line: 26
    Warning (13410): Pin "VGA_R[2]" is stuck at GND File: C:/Users/jucac/Desktop/Universidad/Arquitectura/Processor1/Processor/cpu_top.sv Line: 26
    Warning (13410): Pin "VGA_R[3]" is stuck at GND File: C:/Users/jucac/Desktop/Universidad/Arquitectura/Processor1/Processor/cpu_top.sv Line: 26
    Warning (13410): Pin "VGA_R[5]" is stuck at GND File: C:/Users/jucac/Desktop/Universidad/Arquitectura/Processor1/Processor/cpu_top.sv Line: 26
    Warning (13410): Pin "VGA_R[6]" is stuck at GND File: C:/Users/jucac/Desktop/Universidad/Arquitectura/Processor1/Processor/cpu_top.sv Line: 26
    Warning (13410): Pin "VGA_G[0]" is stuck at GND File: C:/Users/jucac/Desktop/Universidad/Arquitectura/Processor1/Processor/cpu_top.sv Line: 27
    Warning (13410): Pin "VGA_G[6]" is stuck at GND File: C:/Users/jucac/Desktop/Universidad/Arquitectura/Processor1/Processor/cpu_top.sv Line: 27
    Warning (13410): Pin "VGA_G[7]" is stuck at GND File: C:/Users/jucac/Desktop/Universidad/Arquitectura/Processor1/Processor/cpu_top.sv Line: 27
    Warning (13410): Pin "VGA_B[1]" is stuck at GND File: C:/Users/jucac/Desktop/Universidad/Arquitectura/Processor1/Processor/cpu_top.sv Line: 28
    Warning (13410): Pin "VGA_B[2]" is stuck at GND File: C:/Users/jucac/Desktop/Universidad/Arquitectura/Processor1/Processor/cpu_top.sv Line: 28
    Warning (13410): Pin "VGA_B[3]" is stuck at GND File: C:/Users/jucac/Desktop/Universidad/Arquitectura/Processor1/Processor/cpu_top.sv Line: 28
    Warning (13410): Pin "VGA_B[4]" is stuck at GND File: C:/Users/jucac/Desktop/Universidad/Arquitectura/Processor1/Processor/cpu_top.sv Line: 28
    Warning (13410): Pin "VGA_B[7]" is stuck at GND File: C:/Users/jucac/Desktop/Universidad/Arquitectura/Processor1/Processor/cpu_top.sv Line: 28
Info (286030): Timing-Driven Synthesis is running
Info (17049): 4096 registers lost all their fanouts during netlist optimizations.
Info (144001): Generated suppressed messages file C:/Users/jucac/Desktop/Universidad/Arquitectura/Processor1/Processor/output_files/riscvpc.map.smsg
Info (16010): Generating hard_block partition "hard_block:auto_generated_inst"
    Info (16011): Adding 6 node(s), including 0 DDIO, 2 PLL, 0 transceiver and 0 LCELL
Warning: RST port on the PLL is not properly connected on instance vga_monitor:vga_monitor|clock1280x800:vgaclock|vgaClock:clk|vgaClock_video_pll_0:video_pll_0|vgaClock_video_pll_0_video_pll:video_pll|altera_pll:altera_pll_i|general[1].gpll. The reset port on the PLL should be connected. If the PLL loses lock for any reason, you might need to manually reset the PLL in order to re-establish lock to the reference clock. File: c:/intelfpga_lite/24.1std/quartus/libraries/megafunctions/altera_pll.v Line: 749
    Info: Must be connected
Warning: RST port on the PLL is not properly connected on instance vga_monitor:vga_monitor|clock1280x800:vgaclock|vgaClock:clk|vgaClock_video_pll_0:video_pll_0|vgaClock_video_pll_0_video_pll:video_pll|altera_pll:altera_pll_i|general[0].gpll. The reset port on the PLL should be connected. If the PLL loses lock for any reason, you might need to manually reset the PLL in order to re-establish lock to the reference clock. File: c:/intelfpga_lite/24.1std/quartus/libraries/megafunctions/altera_pll.v Line: 749
    Info: Must be connected
Warning: OUTCLK port on the PLL is not properly connected on instance vga_monitor:vga_monitor|clock1280x800:vgaclock|vgaClock:clk|vgaClock_video_pll_0:video_pll_0|vgaClock_video_pll_0_video_pll:video_pll|altera_pll:altera_pll_i|general[0].gpll. The output clock port on the PLL must be connected. File: c:/intelfpga_lite/24.1std/quartus/libraries/megafunctions/altera_pll.v Line: 749
    Info: Must be connected
Warning (21074): Design contains 2 input pin(s) that do not drive logic
    Warning (15610): No output dependent on input pin "vga_rst_n" File: C:/Users/jucac/Desktop/Universidad/Arquitectura/Processor1/Processor/cpu_top.sv Line: 7
    Warning (15610): No output dependent on input pin "sw3" File: C:/Users/jucac/Desktop/Universidad/Arquitectura/Processor1/Processor/cpu_top.sv Line: 16
Info (21057): Implemented 14550 device resources after synthesis - the final resource count might be different
    Info (21058): Implemented 8 input pins
    Info (21059): Implemented 65 output pins
    Info (21061): Implemented 14467 logic cells
    Info (21064): Implemented 8 RAM segments
    Info (21065): Implemented 2 PLLs
Info: Quartus Prime Analysis & Synthesis was successful. 0 errors, 192 warnings
    Info: Peak virtual memory: 5129 megabytes
    Info: Processing ended: Wed Nov 26 17:50:19 2025
    Info: Elapsed time: 00:00:48
    Info: Total CPU time (on all processors): 00:03:03


+------------------------------------------+
; Analysis & Synthesis Suppressed Messages ;
+------------------------------------------+
The suppressed messages can be found in C:/Users/jucac/Desktop/Universidad/Arquitectura/Processor1/Processor/output_files/riscvpc.map.smsg.


